rank,score,priority,sla_hours,owner,product,scanner,title,severity,cve,cwe,endpoint,parameter,epss_score,epss_percentile,epss_trend,kev,kev_date,exploit_available,exploit_source,escalation_potential,package,fixed_version,description,remediation_summary
1,44.0,P3,168,appsec-web,juice_shop,trivy,glibc: glibc: Heap Buffer Overflow in `scanf` with `%mc` format specifier and large width,medium,CVE-2026-5450,CWE-122,bkimminich/juice-shop:latest (debian 13.6),,,,,False,,False,,0.0,libc6,,Calling the scanf family of functions with a %mc (malloc'd character match) in the GNU C Library version 2.7 to version 2.43 with a format width specifier with an explicit width greater than 1024 could result in a one byte heap buffer overflow.,"[first_aid] Disable or restrict the affected functionality/endpoint at the perimeter (WAF rule, network ACL, feature flag) while the | [full_remediation] Patch or upgrade the affected component to the latest fixed version and re-run the scan to confirm the finding is gone. | [scanner_guidance] glibc: glibc: Heap Buffer Overflow in `scanf` with `%mc` format specifier and large width"
2,44.0,P3,168,appsec-web,juice_shop,trivy,glibc: stack guard protection bypass,low,CVE-2019-1010022,CWE-119,bkimminich/juice-shop:latest (debian 13.6),,,,,False,,False,,0.0,libc6,,"GNU Libc current is affected by: Mitigation bypass. The impact is: Attacker may bypass stack guard protection. The component is: nptl. The attack vector is: Exploit stack buffer overflow vulnerability and use this bypass vulnerability to bypass stack guard. NOTE: Upstream comments indicate ""this is being treated as a non-security bug and no real threat.","[first_aid] Disable or restrict the affected functionality/endpoint at the perimeter (WAF rule, network ACL, feature flag) while the | [full_remediation] Patch or upgrade the affected component to the latest fixed version and re-run the scan to confirm the finding is gone. | [scanner_guidance] glibc: stack guard protection bypass"
3,44.0,P3,168,appsec-web,juice_shop,trivy,nodejs-jsonwebtoken: verification step bypass with an altered token,critical,CVE-2015-9235,CWE-20,Node.js,,,,,False,,False,,0.0,jsonwebtoken,4.2.2,In jsonwebtoken node module before 4.2.2 it is possible for an attacker to bypass verification when a token digitally signed with an asymmetric key (RS/ES family) of algorithms but instead the attacker send a token digitally signed with a symmetric algorithm (HS* family).,"[first_aid] Apply the vendor security patch for CVE-2015-9235; if unavailable, isolate the container and restrict egress. | [full_remediation] Upgrade package jsonwebtoken from 0.1.0 to 4.2.2 (fixed version) in the image and rebuild/redeploy. | [scanner_guidance] Upgrade jsonwebtoken from 0.1.0 to 4.2.2"
4,44.0,P3,168,appsec-web,juice_shop,trivy,undici: Undici: HTTP Request Smuggling and Denial of Service due to duplicate Content-Length headers,medium,CVE-2026-1525,CWE-444,Node.js,,,,,False,,False,,0.0,undici,"6.24.0, 7.24.0","Undici allows duplicate HTTP Content-Length headers when they are provided in an array with case-variant names (e.g., Content-Length and content-length). This produces malformed HTTP/1.1 requests with multiple conflicting Content-Length values on the wire.

Who is impacted:

  *  Applications using undici.request(), undici.Client, or similar low-level APIs with headers passed as flat arrays
  *  Applications that accept user-controlled header names without case-normalization


Potential consequences:

  *  Denial of Service: Strict HTTP parsers (proxies, servers) will reject requests with duplicate Content-Length headers (400 Bad Request)
  *  HTTP Request Smuggling: In deployments where an intermediary and backend interpret duplicate headers inconsistently (e.g., one uses the first value, the other uses the last), this can enable request smuggling attacks leading to ACL bypass, cache poisoning, or credential hijacking","[first_aid] Apply the vendor security patch for CVE-2026-1525; if unavailable, isolate the container and restrict egress. | [full_remediation] Upgrade package undici from 5.29.0 to 6.24.0, 7.24.0 (fixed version) in the image and rebuild/redeploy. | [scanner_guidance] Upgrade undici from 5.29.0 to 6.24.0, 7.24.0"
5,43.3,P3,168,appsec-web,juice_shop,trivy,Command Injection in marsdb,critical,GHSA-5mrr-rgp6-x4gr,,Node.js,,,,,False,,False,,,marsdb,,"All versions of `marsdb` are vulnerable to Command Injection. In the `DocumentMatcher` class, selectors on `$where` clauses are passed to a Function constructor unsanitized. This allows attackers to run arbitrary commands in the system when the function is executed.


## Recommendation

No fix is currently available. Consider using an alternative package until a fix is made available.","[first_aid] Disable or restrict the affected functionality/endpoint at the perimeter (WAF rule, network ACL, feature flag) while the | [full_remediation] Patch or upgrade the affected component to the latest fixed version and re-run the scan to confirm the finding is gone. | [scanner_guidance] Command Injection in marsdb"
6,42.2,P3,168,appsec-web,juice_shop,trivy,"crypto-js: PBKDF2 1,000 times weaker than specified in 1993 and 1.3M times weaker than current standard",critical,CVE-2023-46233,CWE-328,Node.js,,,,,False,,False,,0.0,crypto-js,4.2.0,"crypto-js is a JavaScript library of crypto standards. Prior to version 4.2.0, crypto-js PBKDF2 is 1,000 times weaker than originally specified in 1993, and at least 1,300,000 times weaker than current industry standard. This is because it both defaults to SHA1, a cryptographic hash algorithm considered insecure since at least 2005, and defaults to one single iteration, a 'strength' or 'difficulty' value specified at 1,000 when specified in 1993. PBKDF2 relies on iteration count as a countermeasure to preimage and collision attacks. If used to protect passwords, the impact is high. If used to generate signatures, the impact is high. Version 4.2.0 contains a patch for this issue. As a workaround, configure crypto-js to use SHA256 with at least 250,000 iterations.","[first_aid] Apply the vendor security patch for CVE-2023-46233; if unavailable, isolate the container and restrict egress. | [full_remediation] Upgrade package crypto-js from 3.3.0 to 4.2.0 (fixed version) in the image and rebuild/redeploy. | [scanner_guidance] Upgrade crypto-js from 3.3.0 to 4.2.0"
7,42.2,P3,168,appsec-web,juice_shop,trivy,crypto-js is a JavaScript library of crypto standards. Versions of cry ...,critical,CVE-2026-71851,CWE-331,Node.js,,,,,False,,False,,0.0,crypto-js,4.0.0,"crypto-js is a JavaScript library of crypto standards. Versions of crypto-js prior to 4.0.0 generate randomness in CryptoJS.lib.WordArray.random() using a custom variation of the Multiply-With-Carry pseudorandom number generator, seeded from Math.random(), instead of a cryptographically secure source. This generator was introduced in version 3.1.2-4 and remained present in nearly every 3.x release. Nominal requests for 128 or 256 bits of entropy through this function produce effective search spaces of approximately 2 to the 39th and 2 to the 47th possibilities, small enough to enumerate on commodity hardware. Downstream wallet applications that used CryptoJS.lib.WordArray.random() as the entropy source for BIP39 recovery phrases are affected, and an attacker who enumerates the reduced output space can recover the resulting private keys and control the associated funds. This issue is fixed in version 4.0.0.","[first_aid] Apply the vendor security patch for CVE-2026-71851; if unavailable, isolate the container and restrict egress. | [full_remediation] Upgrade package crypto-js from 3.3.0 to 4.0.0 (fixed version) in the image and rebuild/redeploy. | [scanner_guidance] Upgrade crypto-js from 3.3.0 to 4.0.0"
8,42.2,P3,168,appsec-web,juice_shop,trivy,decompress: @xhmikosr/decompress: Decompress: Arbitrary file read/write via crafted archive extraction,critical,CVE-2026-53486,CWE-22,Node.js,,,,,False,,False,,0.798,decompress,,"The decompress package for Node.js extracts archives. Prior to 10.2.1 and 11.1.3, archive extraction can create files and links outside the target directory. When extracting an archive to a directory, a crafted archive can read or write files outside that directory because hardlink and symlink entries are created without checking where targets point, path containment used a string prefix comparison, and file modes failed to remove setuid, setgid, or sticky bits. This issue is fixed in @xhmikosr/decompress versions 10.2.1 and 11.1.3.",[first_aid] Block traversal patterns at the WAF and disable symbolic links on the webroot. | [full_remediation] Use an allow-listed file API and canonicalize paths before access; never join user input into filesystem paths. | [scanner_guidance] decompress: @xhmikosr/decompress: Decompress: Arbitrary file read/write via crafted archive extraction
9,42.2,P3,168,appsec-web,juice_shop,trivy,nodejs-lodash: prototype pollution in defaultsDeep function leading to modifying properties,critical,CVE-2019-10744,CWE-1321,Node.js,,,,,False,,False,,0.0,lodash,4.17.12,Versions of lodash lower than 4.17.12 are vulnerable to Prototype Pollution. The function defaultsDeep could be tricked into adding or modifying properties of Object.prototype using a constructor payload.,"[first_aid] Apply the vendor security patch for CVE-2019-10744; if unavailable, isolate the container and restrict egress. | [full_remediation] Upgrade package lodash from 2.4.2 to 4.17.12 (fixed version) in the image and rebuild/redeploy. | [scanner_guidance] Upgrade lodash from 2.4.2 to 4.17.12"
10,41.2,P3,168,appsec-web,juice_shop,trivy,Forgeable Public/Private Tokens,high,CVE-2016-1000223,,Node.js,,,,,False,,False,,,jws,>=3.0.0,"Since ""algorithm"" isn't enforced in `jws.verify()`, a malicious user could choose what algorithm is sent to the server. If the server is expecting RSA but is sent HMAC-SHA with RSA's public key, the server will think the public key is actually an HMAC private key. This could be used to forge any data an attacker wants.

In addition, there is the `none` algorithm to be concerned about.  In versions prior to 3.0.0, verification of the token could be bypassed when the `alg` field is set to `none`.

*Edit ( 7/29/16 ): A previous version of this advisory incorrectly stated that the vulnerability was patched in version 2.0.0 instead of 3.0.0. The advisory has been updated to reflect this new information. Thanks to Fabien Catteau for reporting the error.*","[first_aid] Apply the vendor security patch for CVE-2016-1000223; if unavailable, isolate the container and restrict egress. | [full_remediation] Upgrade package jws from 0.2.6 to >=3.0.0 (fixed version) in the image and rebuild/redeploy. | [scanner_guidance] Upgrade jws from 0.2.6 to >=3.0.0"
11,40.0,P3,168,appsec-web,juice_shop,trivy,node-tar: tar: node-tar: Arbitrary file creation via path traversal bypass in hardlink security check,high,CVE-2026-24842,CWE-22,Node.js,,,,,False,,False,,0.798,tar,7.5.7,"node-tar,a Tar for Node.js, contains a vulnerability in versions prior to 7.5.7 where the security check for hardlink entries uses different path resolution semantics than the actual hardlink creation logic. This mismatch allows an attacker to craft a malicious TAR archive that bypasses path traversal protections and creates hardlinks to arbitrary files outside the extraction directory. Version 7.5.7 contains a fix for the issue.","[first_aid] Apply the vendor security patch for CVE-2026-24842; if unavailable, isolate the container and restrict egress. | [full_remediation] Upgrade package tar from 6.2.1 to 7.5.7 (fixed version) in the image and rebuild/redeploy. | [scanner_guidance] Upgrade tar from 6.2.1 to 7.5.7"
12,39.7,P4,720,appsec-web,juice_shop,trivy,jsonwebtoken: Unrestricted key type could lead to legacy keys usagen,high,CVE-2022-23539,CWE-327,Node.js,,,,,False,,False,,0.0,jsonwebtoken,9.0.0,"Versions `<=8.5.1` of `jsonwebtoken` library could be misconfigured so that legacy, insecure key types are used for signature verification. For example, DSA keys could be used with the RS256 algorithm. You are affected if you are using an algorithm and a key type other than a combination listed in the GitHub Security Advisory as unaffected. This issue has been fixed, please update to version 9.0.0. This version validates for asymmetric key type and algorithm combinations. Please refer to the above mentioned algorithm / key type combinations for the valid secure configuration. After updating to version 9.0.0, if you still intend to continue with signing or verifying tokens using invalid key type/algorithm value combinations, you’ll need to set the `allowInvalidAsymmetricKeyTypes` option  to `true` in the `sign()` and/or `verify()` functions.","[first_aid] Apply the vendor security patch for CVE-2022-23539; if unavailable, isolate the container and restrict egress. | [full_remediation] Upgrade package jsonwebtoken from 0.1.0 to 9.0.0 (fixed version) in the image and rebuild/redeploy. | [scanner_guidance] Upgrade jsonwebtoken from 0.1.0 to 9.0.0"
13,39.5,P4,720,appsec-web,juice_shop,trivy,Out-of-bounds Read,high,NSWG-ECO-428,,Node.js,,,,,False,,False,,,base64url,>=3.0.0,`base64url` allocates uninitialized Buffers when number is passed in input on Node.js 4.x and below,"[first_aid] Apply the vendor security patch for NSWG-ECO-428; if unavailable, isolate the container and restrict egress. | [full_remediation] Upgrade package base64url from 0.0.6 to >=3.0.0 (fixed version) in the image and rebuild/redeploy. | [scanner_guidance] Upgrade base64url from 0.0.6 to >=3.0.0"
14,39.5,P4,720,appsec-web,juice_shop,trivy,Verification Bypass,high,NSWG-ECO-17,,Node.js,,,,,False,,False,,,jsonwebtoken,>=4.2.2,"It is possible for an attacker to bypass verification when ""a token digitally signed with an asymetric key (RS/ES family) of algorithms but instead the attacker send a token digitally signed with a symmetric algorithm (HS* family)"" [1]","[first_aid] Apply the vendor security patch for NSWG-ECO-17; if unavailable, isolate the container and restrict egress. | [full_remediation] Upgrade package jsonwebtoken from 0.1.0 to >=4.2.2 (fixed version) in the image and rebuild/redeploy. | [scanner_guidance] Upgrade jsonwebtoken from 0.1.0 to >=4.2.2"
15,39.0,P4,720,appsec-node,nodegoat,trivy,zlib: heap-based buffer over-read and overflow in inflate() in inflate.c via a large gzip header extra field,critical,CVE-2022-37434,CWE-787,nodegoat-web:latest (alpine 3.15.4),,,,,False,,False,,0.0,zlib,1.2.12-r2,"zlib through 1.2.12 has a heap-based buffer over-read or buffer overflow in inflate in inflate.c via a large gzip header extra field. NOTE: only applications that call inflateGetHeader are affected. Some common applications bundle the affected zlib source code but may be unable to call inflateGetHeader (e.g., see the nodejs/node reference).","[first_aid] Apply the vendor security patch for CVE-2022-37434; if unavailable, isolate the container and restrict egress. | [full_remediation] Upgrade package zlib from 1.2.12-r0 to 1.2.12-r2 (fixed version) in the image and rebuild/redeploy. | [scanner_guidance] Upgrade zlib from 1.2.12-r0 to 1.2.12-r2"
16,39.0,P4,720,appsec-node,nodegoat,trivy,bson: Deserialization of Untrusted Data could result in Code injection or Excessive CPU load,critical,CVE-2020-7610,CWE-502,Node.js,,,,,False,,False,,0.912,bson,1.1.4,"All versions of bson before 1.1.4 are vulnerable to Deserialization of Untrusted Data. The package will ignore an unknown value for an object's _bsotype, leading to cases where an object is serialized as a document rather than the intended BSON type.","[first_aid] Apply the vendor security patch for CVE-2020-7610; if unavailable, isolate the container and restrict egress. | [full_remediation] Upgrade package bson from 1.0.9 to 1.1.4 (fixed version) in the image and rebuild/redeploy. | [scanner_guidance] Upgrade bson from 1.0.9 to 1.1.4"
17,39.0,P4,720,appsec-node,nodegoat,trivy,node-ip: Incomplete fix for CVE-2023-42282,high,CVE-2024-29415,CWE-918,Node.js,,,,,False,,False,,0.0,ip,,"The ip package through 2.0.1 for Node.js might allow SSRF because some IP addresses (such as 127.1, 01200034567, 012.1.2.3, 000:0:0000::01, and ::fFFf:127.0.0.1) are improperly categorized as globally routable via isPublic. NOTE: this issue exists because of an incomplete fix for CVE-2023-42282.",[first_aid] Block outbound traffic to internal/metadata ranges at the firewall; disable the vulnerable fetcher. | [full_remediation] Validate and allow-list server-side request targets; use an outbound proxy with deny rules for RFC1918/metadata. | [scanner_guidance] node-ip: Incomplete fix for CVE-2023-42282
18,39.0,P4,720,appsec-node,nodegoat,trivy,nodejs-ip: arbitrary code execution via the isPublic() function,low,CVE-2023-42282,CWE-918,Node.js,,,,,False,,False,,0.0,ip,"2.0.1, 1.1.9",The ip package before 1.1.9 for Node.js might allow SSRF because some IP addresses (such as 0x7f.1) are improperly categorized as globally routable via isPublic.,"[first_aid] Apply the vendor security patch for CVE-2023-42282; if unavailable, isolate the container and restrict egress. | [full_remediation] Upgrade package ip from 1.1.5 to 2.0.1, 1.1.9 (fixed version) in the image and rebuild/redeploy. | [scanner_guidance] Upgrade ip from 1.1.5 to 2.0.1, 1.1.9"
19,39.0,P4,720,appsec-node,nodegoat,trivy,tough-cookie: prototype pollution in cookie memstore,medium,CVE-2023-26136,CWE-1321,Node.js,,,,,False,,False,,0.0,tough-cookie,4.1.3,Versions of the package tough-cookie before 4.1.3 are vulnerable to Prototype Pollution due to improper handling of Cookies when using CookieJar in rejectPublicSuffixes=false mode. This issue arises from the manner in which the objects are initialized.,"[first_aid] Apply the vendor security patch for CVE-2023-26136; if unavailable, isolate the container and restrict egress. | [full_remediation] Upgrade package tough-cookie from 2.4.3 to 4.1.3 (fixed version) in the image and rebuild/redeploy. | [scanner_guidance] Upgrade tough-cookie from 2.4.3 to 4.1.3"
20,38.7,P4,720,appsec-web,juice_shop,trivy,Authorization bypass in express-jwt,high,CVE-2020-15084,CWE-285,Node.js,,,,,False,,False,,0.0,express-jwt,6.0.0,"In express-jwt (NPM package) up and including version 5.3.3, the algorithms entry to be specified in the configuration is not being enforced. When algorithms is not specified in the configuration, with the combination of jwks-rsa, it may lead to authorization bypass. You are affected by this vulnerability if all of the following conditions apply: - You are using express-jwt - You do not have **algorithms** configured in your express-jwt configuration. - You are using libraries such as jwks-rsa as the **secret**. You can fix this by specifying **algorithms** in the express-jwt configuration. See linked GHSA for example. This is also fixed in version 6.0.0.","[first_aid] Apply the vendor security patch for CVE-2020-15084; if unavailable, isolate the container and restrict egress. | [full_remediation] Upgrade package express-jwt from 0.1.3 to 6.0.0 (fixed version) in the image and rebuild/redeploy. | [scanner_guidance] Upgrade express-jwt from 0.1.3 to 6.0.0"
21,38.5,P4,720,appsec-web,juice_shop,trivy,jsonwebtoken: Insecure default algorithm in jwt.verify() could lead to signature validation bypass,medium,CVE-2022-23540,CWE-287,Node.js,,,,,False,,False,,0.798,jsonwebtoken,9.0.0,"In versions `<=8.5.1` of `jsonwebtoken` library, lack of algorithm definition in the `jwt.verify()` function can lead to signature validation bypass due to defaulting to the `none` algorithm for signature verification. Users are affected if you do not specify algorithms in the `jwt.verify()` function. This issue has been fixed, please update to version 9.0.0 which removes the default support for the none algorithm in the `jwt.verify()` method. There will be no impact, if you update to version 9.0.0 and you don’t need to allow for the `none` algorithm. If you need 'none' algorithm, you have to explicitly specify that in `jwt.verify()` options.","[first_aid] Apply the vendor security patch for CVE-2022-23540; if unavailable, isolate the container and restrict egress. | [full_remediation] Upgrade package jsonwebtoken from 0.1.0 to 9.0.0 (fixed version) in the image and rebuild/redeploy. | [scanner_guidance] Upgrade jsonwebtoken from 0.1.0 to 9.0.0"
22,38.3,P4,720,appsec-web,juice_shop,trivy,socket.io: engine.io: Socket.IO: Denial of Service via invalid binary POST requests,high,CVE-2026-59725,CWE-404,Node.js,,,,,False,,False,,0.0,engine.io,6.6.7,"Socket.IO enables bidirectional and low-latency communication for every platform. From 4.1.0 before 6.6.7, Engine.IO protocol v4 polling transport does not properly close the HTTP response for invalid binary POST requests with Content-Type: application/octet-stream, allowing an unauthenticated attacker to exhaust server-side connections and sockets. This issue is fixed in version 6.6.7.","[first_aid] Apply the vendor security patch for CVE-2026-59725; if unavailable, isolate the container and restrict egress. | [full_remediation] Upgrade package engine.io from 4.1.2 to 6.6.7 (fixed version) in the image and rebuild/redeploy. | [scanner_guidance] Upgrade engine.io from 4.1.2 to 6.6.7"
23,38.3,P4,720,appsec-web,juice_shop,trivy,http-cache-semantics: Regular Expression Denial of Service (ReDoS) vulnerability,high,CVE-2022-25881,CWE-1333,Node.js,,,,,False,,False,,0.0,http-cache-semantics,4.1.1,"This affects versions of the package http-cache-semantics before 4.1.1. The issue can be exploited via malicious request header values sent to a server, when that server reads the cache policy from the request using this library.","[first_aid] Apply the vendor security patch for CVE-2022-25881; if unavailable, isolate the container and restrict egress. | [full_remediation] Upgrade package http-cache-semantics from 3.8.1 to 4.1.1 (fixed version) in the image and rebuild/redeploy. | [scanner_guidance] Upgrade http-cache-semantics from 3.8.1 to 4.1.1"
24,38.3,P4,720,appsec-web,juice_shop,trivy,node-jws: auth0/node-jws: Improper signature verification in HS256 algorithm,high,CVE-2025-65945,CWE-347,Node.js,,,,,False,,False,,0.0,jws,"3.2.3, 4.0.1","auth0/node-jws is a JSON Web Signature implementation for Node.js. In versions 3.2.2 and earlier and version 4.0.0, auth0/node-jws has an improper signature verification vulnerability when using the HS256 algorithm under specific conditions. Applications are affected when they use the jws.createVerify() function for HMAC algorithms and use user-provided data from the JSON Web Signature protected header or payload in HMAC secret lookup routines, which can allow attackers to bypass signature verification. This issue has been patched in versions 3.2.3 and 4.0.1.","[first_aid] Apply the vendor security patch for CVE-2025-65945; if unavailable, isolate the container and restrict egress. | [full_remediation] Upgrade package jws from 0.2.6 to 3.2.3, 4.0.1 (fixed version) in the image and rebuild/redeploy. | [scanner_guidance] Upgrade jws from 0.2.6 to 3.2.3, 4.0.1"
25,38.3,P4,720,appsec-web,juice_shop,trivy,messageformat has a prototype pollution vulnerability,low,CVE-2025-57349,CWE-1321,Node.js,,,,,False,,False,,0.0,messageformat,3.0.0-beta.0,"The messageformat package, an implementation of the Unicode MessageFormat 2 specification for JavaScript, is vulnerable to prototype pollution due to improper handling of message key paths in versions prior to 2.3.0. The flaw arises when processing nested message keys containing special characters (e.g., __proto__ ), which can lead to unintended modification of the JavaScript Object prototype. This vulnerability may allow a remote attacker to inject properties into the global object prototype via specially crafted message input, potentially causing denial of service or other undefined behaviors in applications using the affected component.","[first_aid] Apply the vendor security patch for CVE-2025-57349; if unavailable, isolate the container and restrict egress. | [full_remediation] Upgrade package messageformat from 2.3.0 to 3.0.0-beta.0 (fixed version) in the image and rebuild/redeploy. | [scanner_guidance] Upgrade messageformat from 2.3.0 to 3.0.0-beta.0"
26,38.3,P4,720,appsec-web,juice_shop,trivy,minimatch: minimatch: Denial of Service via specially crafted glob patterns,high,CVE-2026-26996,CWE-1333,Node.js,,,,,False,,False,,0.0,minimatch,"10.2.1, 9.0.6, 8.0.5, 7.4.7, 6.2.1, 5.1.7, 4.2.4, 3.1.3","minimatch is a minimal matching utility for converting glob expressions into JavaScript RegExp objects. Versions 10.2.0 and below are vulnerable to Regular Expression Denial of Service (ReDoS) when a glob pattern contains many consecutive * wildcards followed by a literal character that doesn't appear in the test string. Each * compiles to a separate [^/]*? regex group, and when the match fails, V8's regex engine backtracks exponentially across all possible splits. The time complexity is O(4^N) where N is the number of * characters. With N=15, a single minimatch() call takes ~2 seconds. With N=34, it hangs effectively forever. Any application that passes user-controlled strings to minimatch() as the pattern argument is vulnerable to DoS. This issue has been fixed in version 10.2.1.","[first_aid] Apply the vendor security patch for CVE-2026-26996; if unavailable, isolate the container and restrict egress. | [full_remediation] Upgrade package minimatch from 3.0.5 to 10.2.1, 9.0.6, 8.0.5, 7.4.7, 6.2.1, 5.1.7, 4.2.4, 3.1.3 (fixed version) in the i | [scanner_guidance] Upgrade minimatch from 3.0.5 to 10.2.1, 9.0.6, 8.0.5, 7.4.7, 6.2.1, 5.1.7, 4.2.4, 3.1.3"
27,38.3,P4,720,appsec-web,juice_shop,trivy,Moment.js: Path traversal  in moment.locale,high,CVE-2022-24785,CWE-22,Node.js,,,,,False,,False,,0.798,moment,2.29.2,"Moment.js is a JavaScript date library for parsing, validating, manipulating, and formatting dates. A path traversal vulnerability impacts npm (server) users of Moment.js between versions 1.0.1 and 2.29.1, especially if a user-provided locale string is directly used to switch moment locale. This problem is patched in 2.29.2, and the patch can be applied to all affected versions. As a workaround, sanitize the user-provided locale name before passing it to Moment.js.","[first_aid] Apply the vendor security patch for CVE-2022-24785; if unavailable, isolate the container and restrict egress. | [full_remediation] Upgrade package moment from 2.0.0 to 2.29.2 (fixed version) in the image and rebuild/redeploy. | [scanner_guidance] Upgrade moment from 2.0.0 to 2.29.2"
28,38.3,P4,720,appsec-web,juice_shop,trivy,Multer vulnerable to Denial of Service via memory leaks from unclosed streams,high,CVE-2025-47935,CWE-401,Node.js,,,,,False,,False,,0.0,multer,2.0.0,"Multer is a node.js middleware for handling `multipart/form-data`. Versions prior to 2.0.0 are vulnerable to a resource exhaustion and memory leak issue due to improper stream handling. When the HTTP request stream emits an error, the internal `busboy` stream is not closed, violating Node.js stream safety guidance. This leads to unclosed streams accumulating over time, consuming memory and file descriptors. Under sustained or repeated failure conditions, this can result in denial of service, requiring manual server restarts to recover. All users of Multer handling file uploads are potentially impacted. Users should upgrade to 2.0.0 to receive a patch. No known workarounds are available.","[first_aid] Apply the vendor security patch for CVE-2025-47935; if unavailable, isolate the container and restrict egress. | [full_remediation] Upgrade package multer from 1.4.5-lts.2 to 2.0.0 (fixed version) in the image and rebuild/redeploy. | [scanner_guidance] Upgrade multer from 1.4.5-lts.2 to 2.0.0"
29,38.3,P4,720,appsec-web,juice_shop,trivy,Multer vulnerable to Denial of Service from maliciously crafted requests,high,CVE-2025-47944,CWE-248,Node.js,,,,,False,,False,,0.0,multer,2.0.0,"Multer is a node.js middleware for handling `multipart/form-data`. A vulnerability that is present starting in version 1.4.4-lts.1 and prior to version 2.0.0 allows an attacker to trigger a Denial of Service (DoS) by sending a malformed multi-part upload request. This request causes an unhandled exception, leading to a crash of the process. Users should upgrade to version 2.0.0 to receive a patch. No known workarounds are available.","[first_aid] Apply the vendor security patch for CVE-2025-47944; if unavailable, isolate the container and restrict egress. | [full_remediation] Upgrade package multer from 1.4.5-lts.2 to 2.0.0 (fixed version) in the image and rebuild/redeploy. | [scanner_guidance] Upgrade multer from 1.4.5-lts.2 to 2.0.0"
30,38.3,P4,720,appsec-web,juice_shop,trivy,multer: Multer: Denial of Service via dropped file upload connections,high,CVE-2026-2359,CWE-772,Node.js,,,,,False,,False,,0.0,multer,2.1.0,"Multer is a node.js middleware for handling `multipart/form-data`. A vulnerability in Multer prior to version 2.1.0 allows an attacker to trigger a Denial of Service (DoS) by dropping connection during file upload, potentially causing resource exhaustion. Users should upgrade to version 2.1.0 to receive a patch. No known workarounds are available.","[first_aid] Apply the vendor security patch for CVE-2026-2359; if unavailable, isolate the container and restrict egress. | [full_remediation] Upgrade package multer from 1.4.5-lts.2 to 2.1.0 (fixed version) in the image and rebuild/redeploy. | [scanner_guidance] Upgrade multer from 1.4.5-lts.2 to 2.1.0"
31,38.3,P4,720,appsec-web,juice_shop,trivy,multer: Multer: Denial of Service via malformed requests,high,CVE-2026-3304,CWE-459,Node.js,,,,,False,,False,,0.0,multer,2.1.0,"Multer is a node.js middleware for handling `multipart/form-data`. A vulnerability in Multer prior to version 2.1.0 allows an attacker to trigger a Denial of Service (DoS) by sending malformed requests, potentially causing resource exhaustion. Users should upgrade to version 2.1.0 to receive a patch. No known workarounds are available.","[first_aid] Apply the vendor security patch for CVE-2026-3304; if unavailable, isolate the container and restrict egress. | [full_remediation] Upgrade package multer from 1.4.5-lts.2 to 2.1.0 (fixed version) in the image and rebuild/redeploy. | [scanner_guidance] Upgrade multer from 1.4.5-lts.2 to 2.1.0"
32,38.3,P4,720,appsec-web,juice_shop,trivy,multer: Multer: Denial of Service via malformed requests,high,CVE-2026-3520,CWE-674,Node.js,,,,,False,,False,,0.0,multer,2.1.1,"Multer is a node.js middleware for handling `multipart/form-data`. A vulnerability in Multer prior to version 2.1.1 allows an attacker to trigger a Denial of Service (DoS) by sending malformed requests, potentially causing stack overflow. Users should upgrade to version 2.1.1 to receive a patch. No known workarounds are available.","[first_aid] Apply the vendor security patch for CVE-2026-3520; if unavailable, isolate the container and restrict egress. | [full_remediation] Upgrade package multer from 1.4.5-lts.2 to 2.1.1 (fixed version) in the image and rebuild/redeploy. | [scanner_guidance] Upgrade multer from 1.4.5-lts.2 to 2.1.1"
33,38.3,P4,720,appsec-web,juice_shop,trivy,multer: Multer: Denial of Service via deeply nested field names in multipart form data,high,CVE-2026-5079,CWE-400,Node.js,,,,,False,,False,,0.0,multer,"2.2.0, 3.0.0-alpha.2","Impact: multer versions 1.0.0 through 2.1.1 and 3.0.0-alpha.1 are vulnerable to a Denial of Service via deeply nested field names in multipart form data. The append-field dependency parses bracket notation in field names with no limit on nesting depth, allowing an attacker to force allocation of deeply nested object structures that consume CPU and memory. A single HTTP request with a crafted multipart body is sufficient to exploit this.

Patches: Users should upgrade to multer 2.2.0 (2.x line) or 3.0.0-alpha.2 (3.x prerelease) and configure the new limits.fieldNestingDepth option to the minimum depth their application requires.

Workarounds: Set limits.fields to a reasonable value to reduce the number of fields an attacker can send per request. This does not fully mitigate the issue but limits the impact.","[first_aid] Apply the vendor security patch for CVE-2026-5079; if unavailable, isolate the container and restrict egress. | [full_remediation] Upgrade package multer from 1.4.5-lts.2 to 2.2.0, 3.0.0-alpha.2 (fixed version) in the image and rebuild/redeploy. | [scanner_guidance] Upgrade multer from 1.4.5-lts.2 to 2.2.0, 3.0.0-alpha.2"
34,38.3,P4,720,appsec-web,juice_shop,trivy,sanitize-html: insecure global regular expression replacement logic may lead to ReDoS,high,CVE-2022-25887,CWE-1333,Node.js,,,,,False,,False,,0.0,sanitize-html,2.7.1,The package sanitize-html before 2.7.1 are vulnerable to Regular Expression Denial of Service (ReDoS) due to insecure global regular expression replacement logic of HTML comment removal.,"[first_aid] Apply the vendor security patch for CVE-2022-25887; if unavailable, isolate the container and restrict egress. | [full_remediation] Upgrade package sanitize-html from 1.4.2 to 2.7.1 (fixed version) in the image and rebuild/redeploy. | [scanner_guidance] Upgrade sanitize-html from 1.4.2 to 2.7.1"
35,38.3,P4,720,appsec-web,juice_shop,trivy,socket.io: Socket.IO: Denial of Service due to excessive buffering of specially crafted packets,high,CVE-2026-33151,CWE-20,Node.js,,,,,False,,False,,0.0,socket.io-parser,"3.3.5, 3.4.4, 4.2.6","Socket.IO is an open source, real-time, bidirectional, event-based, communication framework. Prior to versions 3.3.5, 3.4.4, and 4.2.6, a specially crafted Socket.IO packet can make the server wait for a large number of binary attachments and buffer them, which can be exploited to make the server run out of memory. This issue has been patched in versions 3.3.5, 3.4.4, and 4.2.6.","[first_aid] Apply the vendor security patch for CVE-2026-33151; if unavailable, isolate the container and restrict egress. | [full_remediation] Upgrade package socket.io-parser from 4.0.5 to 3.3.5, 3.4.4, 4.2.6 (fixed version) in the image and rebuild/redeploy. | [scanner_guidance] Upgrade socket.io-parser from 4.0.5 to 3.3.5, 3.4.4, 4.2.6"
36,38.3,P4,720,appsec-web,juice_shop,trivy,socket.io-parser: Socket.IO: Denial of Service via memory exhaustion from crafted packets,high,CVE-2026-69185,CWE-20,Node.js,,,,,False,,False,,0.0,socket.io-parser,"4.2.7, 3.4.5, 3.3.6","Socket.IO enables bidirectional and low-latency communication for every platform. Prior to 4.2.7, 3.4.5, and 3.3.6, a specially crafted Socket.IO packet can make the server wait for a large number of binary attachments and buffer them, which can be exploited to make the server run out of memory. This vulnerability is fixed in 4.2.7, 3.4.5, and 3.3.6.","[first_aid] Apply the vendor security patch for CVE-2026-69185; if unavailable, isolate the container and restrict egress. | [full_remediation] Upgrade package socket.io-parser from 4.0.5 to 4.2.7, 3.4.5, 3.3.6 (fixed version) in the image and rebuild/redeploy. | [scanner_guidance] Upgrade socket.io-parser from 4.0.5 to 4.2.7, 3.4.5, 3.3.6"
37,38.3,P4,720,appsec-web,juice_shop,trivy,tar: node-tar: Denial of Service via crafted gzip bomb,critical,CVE-2026-59873,CWE-770,Node.js,,,,,False,,False,,0.0,tar,7.5.19,"node-tar is a tar archive manipulation library for Node.js. Prior to 7.5.19, node-tar does not enforce hard upper bounds on total decompressed data, entry counts, or decompression ratio in extraction and parsing paths such as src/extract.ts, allowing a small crafted gzip bomb to exhaust disk space and CPU. This issue is fixed in version 7.5.19.","[first_aid] Apply the vendor security patch for CVE-2026-59873; if unavailable, isolate the container and restrict egress. | [full_remediation] Upgrade package tar from 6.2.1 to 7.5.19 (fixed version) in the image and rebuild/redeploy. | [scanner_guidance] Upgrade tar from 6.2.1 to 7.5.19"
38,38.3,P4,720,appsec-web,juice_shop,trivy,tar: Node-tar: Denial of Service via malformed tar archive header,high,CVE-2026-59874,CWE-835,Node.js,,,,,False,,False,,0.0,tar,7.5.18,"node-tar is a tar archive manipulation library for Node.js. Prior to 7.5.18, tar.replace accepts a checksum-valid tar header with a negative base-256 encoded entry size, causing the archive scanner to make no progress while repeatedly parsing the same header. This issue is fixed in version 7.5.18.","[first_aid] Apply the vendor security patch for CVE-2026-59874; if unavailable, isolate the container and restrict egress. | [full_remediation] Upgrade package tar from 6.2.1 to 7.5.18 (fixed version) in the image and rebuild/redeploy. | [scanner_guidance] Upgrade tar from 6.2.1 to 7.5.18"
39,38.3,P4,720,appsec-web,juice_shop,trivy,node-tar: node-tar: Denial of Service due to incorrect PAX path handling,medium,CVE-2026-59871,CWE-704,Node.js,,,,,False,,False,,0.0,tar,7.5.18,"node-tar is a tar archive manipulation library for Node.js. Prior to 7.5.18, node-tar coerces all-digit PAX path and linkpath values in src/pax.ts to JavaScript numbers, causing downstream path handling such as normalizeWindowsPath(entry.path).split('/') to throw an uncaught TypeError. This issue is fixed in version 7.5.18.","[first_aid] Apply the vendor security patch for CVE-2026-59871; if unavailable, isolate the container and restrict egress. | [full_remediation] Upgrade package tar from 6.2.1 to 7.5.18 (fixed version) in the image and rebuild/redeploy. | [scanner_guidance] Upgrade tar from 6.2.1 to 7.5.18"
40,38.3,P4,720,appsec-web,juice_shop,trivy,undici: undici: Denial of Service due to unbounded memory growth via WebSocket frames,high,CVE-2026-12151,CWE-400,Node.js,,,,,False,,False,,0.0,undici,"6.27.0, 7.28.0, 8.5.0","Impact:
The undici WebSocket client enforces maxPayloadSize on the cumulative byte count of fragments in a message but does not enforce a limit on the number of fragments. A malicious WebSocket server can stream many small or empty continuation frames that each pass per-frame and cumulative-size validation, collectively causing unbounded memory growth in the client process. The result is memory exhaustion and a denial of service.

Affected applications are those using the undici WebSocket client (new WebSocket(...)) or the WebSocketStream API that can be induced to connect to an attacker-controlled or compromised WebSocket endpoint.

All releases starting at undici 6.17.0 are affected.

Patches: Upgrade to undici >= 6.26.0, >= 7.28.0, or >= 8.5.0. Workarounds:
No workaround is available. The fix must be applied through an upgrade.","[first_aid] Apply the vendor security patch for CVE-2026-12151; if unavailable, isolate the container and restrict egress. | [full_remediation] Upgrade package undici from 5.29.0 to 6.27.0, 7.28.0, 8.5.0 (fixed version) in the image and rebuild/redeploy. | [scanner_guidance] Upgrade undici from 5.29.0 to 6.27.0, 7.28.0, 8.5.0"
41,38.3,P4,720,appsec-web,juice_shop,trivy,undici: undici: Denial of Service via unbounded memory consumption during WebSocket permessage-deflate decompression,high,CVE-2026-1526,CWE-409,Node.js,,,,,False,,False,,0.0,undici,"6.24.0, 7.24.0","The undici WebSocket client is vulnerable to a denial-of-service attack via unbounded memory consumption during permessage-deflate decompression. When a WebSocket connection negotiates the permessage-deflate extension, the client decompresses incoming compressed frames without enforcing any limit on the decompressed data size. A malicious WebSocket server can send a small compressed frame (a ""decompression bomb"") that expands to an extremely large size in memory, causing the Node.js process to exhaust available memory and crash or become unresponsive.

The vulnerability exists in the PerMessageDeflate.decompress() method, which accumulates all decompressed chunks in memory and concatenates them into a single Buffer without checking whether the total size exceeds a safe threshold.","[first_aid] Apply the vendor security patch for CVE-2026-1526; if unavailable, isolate the container and restrict egress. | [full_remediation] Upgrade package undici from 5.29.0 to 6.24.0, 7.24.0 (fixed version) in the image and rebuild/redeploy. | [scanner_guidance] Upgrade undici from 5.29.0 to 6.24.0, 7.24.0"
42,38.3,P4,720,appsec-web,juice_shop,trivy,undici: Undici: Denial of Service via invalid WebSocket permessage-deflate extension parameter,high,CVE-2026-2229,CWE-248,Node.js,,,,,False,,False,,0.0,undici,"6.24.0, 7.24.0","ImpactThe undici WebSocket client is vulnerable to a denial-of-service attack due to improper validation of the server_max_window_bits parameter in the permessage-deflate extension. When a WebSocket client connects to a server, it automatically advertises support for permessage-deflate compression. A malicious server can respond with an out-of-range server_max_window_bits value (outside zlib's valid range of 8-15). When the server subsequently sends a compressed frame, the client attempts to create a zlib InflateRaw instance with the invalid windowBits value, causing a synchronous RangeError exception that is not caught, resulting in immediate process termination.

The vulnerability exists because:

  *  The isValidClientWindowBits() function only validates that the value contains ASCII digits, not that it falls within the valid range 8-15
  *  The createInflateRaw() call is not wrapped in a try-catch block
  *  The resulting exception propagates up through the call stack and crashes the Node.js process","[first_aid] Apply the vendor security patch for CVE-2026-2229; if unavailable, isolate the container and restrict egress. | [full_remediation] Upgrade package undici from 5.29.0 to 6.24.0, 7.24.0 (fixed version) in the image and rebuild/redeploy. | [scanner_guidance] Upgrade undici from 5.29.0 to 6.24.0, 7.24.0"
43,38.3,P4,720,appsec-web,juice_shop,trivy,undici: Undici: Denial of Service via excessive decompression steps,medium,CVE-2026-22036,CWE-770,Node.js,,,,,False,,False,,0.0,undici,"7.18.2, 6.23.0","Undici is an HTTP/1.1 client for Node.js. Prior to 7.18.0 and 6.23.0, the number of links in the decompression chain is unbounded and the default maxHeaderSize allows a malicious server to insert thousands compression steps leading to high CPU usage and excessive memory allocation. This vulnerability is fixed in 7.18.0 and 6.23.0.","[first_aid] Apply the vendor security patch for CVE-2026-22036; if unavailable, isolate the container and restrict egress. | [full_remediation] Upgrade package undici from 5.29.0 to 7.18.2, 6.23.0 (fixed version) in the image and rebuild/redeploy. | [scanner_guidance] Upgrade undici from 5.29.0 to 7.18.2, 6.23.0"
44,38.3,P4,720,appsec-web,juice_shop,trivy,uuid: uuid: Out-of-bounds write vulnerability impacts data integrity and confidentiality,medium,CVE-2026-41907,CWE-787,Node.js,,,,,False,,False,,0.0,uuid,"11.1.1, 12.0.1, 13.0.1","uuid is for the creation of RFC9562 (formerly RFC4122) UUIDs. Prior to 14.0.0, v3, v5, and v6 accept external output buffers but do not reject out-of-range writes (small buf or large offset). This allows silent partial writes into caller-provided buffers. This vulnerability is fixed in 14.0.0.","[first_aid] Apply the vendor security patch for CVE-2026-41907; if unavailable, isolate the container and restrict egress. | [full_remediation] Upgrade package uuid from 8.3.2 to 11.1.1, 12.0.1, 13.0.1 (fixed version) in the image and rebuild/redeploy. | [scanner_guidance] Upgrade uuid from 8.3.2 to 11.1.1, 12.0.1, 13.0.1"
45,38.3,P4,720,appsec-web,juice_shop,trivy,nodejs-ws: denial of service when handling a request with many HTTP headers,high,CVE-2024-37890,CWE-476,Node.js,,,,,False,,False,,0.0,ws,"5.2.4, 6.2.3, 7.5.10, 8.17.1","ws is an open source WebSocket client and server for Node.js. A request with a number of headers exceeding theserver.maxHeadersCount threshold could be used to crash a ws server. The vulnerability was fixed in ws@8.17.1 (e55e510) and backported to ws@7.5.10 (22c2876), ws@6.2.3 (eeb76d3), and ws@5.2.4 (4abd8f6). In vulnerable versions of ws, the issue can be mitigated in the following ways: 1. Reduce the maximum allowed length of the request headers using the --max-http-header-size=size and/or the maxHeaderSize options so that no more headers than the server.maxHeadersCount limit can be sent. 2. Set server.maxHeadersCount to 0 so that no limit is applied.","[first_aid] Apply the vendor security patch for CVE-2024-37890; if unavailable, isolate the container and restrict egress. | [full_remediation] Upgrade package ws from 7.4.6 to 5.2.4, 6.2.3, 7.5.10, 8.17.1 (fixed version) in the image and rebuild/redeploy. | [scanner_guidance] Upgrade ws from 7.4.6 to 5.2.4, 6.2.3, 7.5.10, 8.17.1"
46,38.3,P4,720,appsec-web,juice_shop,trivy,ws: ws: Denial of Service via memory exhaustion from small WebSocket fragments,high,CVE-2026-48779,CWE-400,Node.js,,,,,False,,False,,0.0,ws,"5.2.5, 6.2.4, 7.5.11, 8.21.0","ws is an open source WebSocket client and server for Node.js. All versions from 1.1.0 up to (but not including) 5.2.5, from 6.0.0 up to 6.2.4, from 7.0.0 up to 7.5.11, and from 8.0.0 up to 8.21.0 are affected by a memory exhaustion DoS vulnerability. A peer can send a high volume of exceptionally small fragments and data chunks, with modest network traffic, to force the remote peer into allocating and holding structural wrappers that consume far more memory than the default documented message-size limit, leading to process termination due to OOM. This issue has been fixed in versions 5.2.5, 6.2.4, 7.5.11, and 8.21.0.","[first_aid] Apply the vendor security patch for CVE-2026-48779; if unavailable, isolate the container and restrict egress. | [full_remediation] Upgrade package ws from 7.4.6 to 5.2.5, 6.2.4, 7.5.11, 8.21.0 (fixed version) in the image and rebuild/redeploy. | [scanner_guidance] Upgrade ws from 7.4.6 to 5.2.5, 6.2.4, 7.5.11, 8.21.0"
47,37.7,P4,720,appsec-web,juice_shop,trivy,socket.io: Unhandled 'error' event,medium,CVE-2024-38355,CWE-20,Node.js,,,,,False,,False,,0.0,socket.io,"2.5.1, 4.6.2","Socket.IO is an open source, real-time, bidirectional, event-based, communication framework. A specially crafted Socket.IO packet can trigger an uncaught exception on the Socket.IO server, thus killing the Node.js process. This issue is fixed by commit `15af22fc22` which has been included in `socket.io@4.6.2` (released in May 2023). The fix was backported in the 2.x branch as well with commit `d30630ba10`. Users are advised to upgrade. Users unable to upgrade may attach a listener for the ""error"" event to catch these errors.","[first_aid] Apply the vendor security patch for CVE-2024-38355; if unavailable, isolate the container and restrict egress. | [full_remediation] Upgrade package socket.io from 3.1.2 to 2.5.1, 4.6.2 (fixed version) in the image and rebuild/redeploy. | [scanner_guidance] Upgrade socket.io from 3.1.2 to 2.5.1, 4.6.2"
48,37.7,P4,720,appsec-web,juice_shop,trivy,socket.io parser is a socket.io encoder and decoder written in JavaScr ...,medium,CVE-2023-32695,CWE-20,Node.js,,,,,False,,False,,0.0,socket.io-parser,"4.2.3, 3.4.3, 3.3.4","socket.io parser is a socket.io encoder and decoder written in JavaScript complying with version 5 of socket.io-protocol. A specially crafted Socket.IO packet can trigger an uncaught exception on the Socket.IO server, thus killing the Node.js process. A patch has been released in version 4.2.3.","[first_aid] Apply the vendor security patch for CVE-2023-32695; if unavailable, isolate the container and restrict egress. | [full_remediation] Upgrade package socket.io-parser from 4.0.5 to 4.2.3, 3.4.3, 3.3.4 (fixed version) in the image and rebuild/redeploy. | [scanner_guidance] Upgrade socket.io-parser from 4.0.5 to 4.2.3, 3.4.3, 3.3.4"
49,37.5,P4,720,appsec-web,juice_shop,trivy,nodejs-lodash: command injection via template,high,CVE-2021-23337,CWE-94,Node.js,,,,,False,,False,,0.0,lodash,4.17.21,Lodash versions prior to 4.17.21 are vulnerable to Command Injection via the template function.,"[first_aid] Apply the vendor security patch for CVE-2021-23337; if unavailable, isolate the container and restrict egress. | [full_remediation] Upgrade package lodash from 2.4.2 to 4.17.21 (fixed version) in the image and rebuild/redeploy. | [scanner_guidance] Upgrade lodash from 2.4.2 to 4.17.21"
50,37.3,P4,720,appsec-web,juice_shop,trivy,node-tar: node-tar: Arbitrary file read/write via malicious archive hardlink creation,high,CVE-2026-26960,CWE-22,Node.js,,,,,False,,False,,0.798,tar,7.5.8,"node-tar is a full-featured Tar for Node.js. When using default options in versions 7.5.7 and below, an attacker-controlled archive can create a hardlink inside the extraction directory that points to a file outside the extraction root, enabling arbitrary file read and write as the extracting user. Severity is high because the primitive bypasses path protections and turns archive extraction into a direct filesystem access primitive. This issue has been fixed in version 7.5.8.","[first_aid] Apply the vendor security patch for CVE-2026-26960; if unavailable, isolate the container and restrict egress. | [full_remediation] Upgrade package tar from 6.2.1 to 7.5.8 (fixed version) in the image and rebuild/redeploy. | [scanner_guidance] Upgrade tar from 6.2.1 to 7.5.8"
51,36.5,P4,720,appsec-legacy,bwapp,trivy,git: path_name() integer truncation and overflow leading to buffer overflow,high,CVE-2016-2315,CWE-119,raesene/bwapp:latest (ubuntu 14.04),,,,,False,,False,,0.0,git,1:1.9.1-1ubuntu0.3,"revision.c in git before 2.7.4 uses an incorrect integer data type, which allows remote attackers to execute arbitrary code via a (1) long filename or (2) many nested trees, leading to a heap-based buffer overflow.","[first_aid] Apply the vendor security patch for CVE-2016-2315; if unavailable, isolate the container and restrict egress. | [full_remediation] Upgrade package git from 1:1.9.1-1ubuntu0.2 to 1:1.9.1-1ubuntu0.3 (fixed version) in the image and rebuild/redeploy. | [scanner_guidance] Upgrade git from 1:1.9.1-1ubuntu0.2 to 1:1.9.1-1ubuntu0.3"
52,36.5,P4,720,appsec-legacy,bwapp,trivy,curl: NTLM password overflow via integer overflow,medium,CVE-2018-14618,CWE-122,raesene/bwapp:latest (ubuntu 14.04),,,,,False,,False,,0.0,libcurl3-gnutls,7.35.0-1ubuntu2.17,"curl before version 7.61.1 is vulnerable to a buffer overrun in the NTLM authentication code. The internal function Curl_ntlm_core_mk_nt_hash multiplies the length of the password by two (SUM) to figure out how large temporary storage area to allocate from the heap. The length value is then subsequently used to iterate over the password and generate output into the allocated storage buffer. On systems with a 32 bit size_t, the math to calculate SUM triggers an integer overflow when the password length exceeds 2GB (2^31 bytes). This integer overflow usually causes a very small buffer to actually get allocated instead of the intended very huge one, making the use of that buffer end up in a heap buffer overflow. (This bug is almost identical to CVE-2017-8816.)","[first_aid] Apply the vendor security patch for CVE-2018-14618; if unavailable, isolate the container and restrict egress. | [full_remediation] Upgrade package libcurl3-gnutls from 7.35.0-1ubuntu2.6 to 7.35.0-1ubuntu2.17 (fixed version) in the image and rebuild/re | [scanner_guidance] Upgrade libcurl3-gnutls from 7.35.0-1ubuntu2.6 to 7.35.0-1ubuntu2.17"
53,36.5,P4,720,appsec-legacy,bwapp,trivy,perl-DBD-MySQL: Use after free in mysql_dr_error,medium,CVE-2014-9906,CWE-416,raesene/bwapp:latest (ubuntu 14.04),,,,,False,,False,,0.0,libdbd-mysql-perl,4.025-1ubuntu0.1,Use-after-free vulnerability in DBD::mysql before 4.029 allows attackers to cause a denial of service (program crash) or possibly execute arbitrary code via vectors related to a lost server connection.,"[first_aid] Apply the vendor security patch for CVE-2014-9906; if unavailable, isolate the container and restrict egress. | [full_remediation] Upgrade package libdbd-mysql-perl from 4.025-1 to 4.025-1ubuntu0.1 (fixed version) in the image and rebuild/redeploy. | [scanner_guidance] Upgrade libdbd-mysql-perl from 4.025-1 to 4.025-1ubuntu0.1"
54,36.5,P4,720,appsec-legacy,bwapp,trivy,"mysql: general_log can write to configuration files, leading to privilege escalation (CPU Oct 2016)",medium,CVE-2016-6662,CWE-264,raesene/bwapp:latest (ubuntu 14.04),,,,,False,,False,,0.0,libmysqlclient18,5.5.52-0ubuntu0.14.04.1,"Oracle MySQL through 5.5.52, 5.6.x through 5.6.33, and 5.7.x through 5.7.15; MariaDB before 5.5.51, 10.0.x before 10.0.27, and 10.1.x before 10.1.17; and Percona Server before 5.5.51-38.1, 5.6.x before 5.6.32-78.0, and 5.7.x before 5.7.14-7 allow local users to create arbitrary configurations and bypass certain protection mechanisms by setting general_log_file to a my.cnf configuration. NOTE: this can be leveraged to execute arbitrary code with root privileges by setting malloc_lib. NOTE: the affected MySQL version information is from Oracle's October 2016 CPU. Oracle has not commented on third-party claims that the issue was silently patched in MySQL 5.5.52, 5.6.33, and 5.7.15.","[first_aid] Apply the vendor security patch for CVE-2016-6662; if unavailable, isolate the container and restrict egress. | [full_remediation] Upgrade package libmysqlclient18 from 5.5.47-0ubuntu0.14.04.1 to 5.5.52-0ubuntu0.14.04.1 (fixed version) in the image an | [scanner_guidance] Upgrade libmysqlclient18 from 5.5.47-0ubuntu0.14.04.1 to 5.5.52-0ubuntu0.14.04.1"
55,36.5,P4,720,appsec-legacy,bwapp,trivy,openssl: Memory corruption in the ASN.1 encoder,high,CVE-2016-2108,CWE-119,raesene/bwapp:latest (ubuntu 14.04),,,,,False,,False,,0.0,libssl1.0.0,1.0.1f-1ubuntu2.19,"The ASN.1 implementation in OpenSSL before 1.0.1o and 1.0.2 before 1.0.2c allows remote attackers to execute arbitrary code or cause a denial of service (buffer underflow and memory corruption) via an ANY field in crafted serialized data, aka the ""negative zero"" issue.","[first_aid] Apply the vendor security patch for CVE-2016-2108; if unavailable, isolate the container and restrict egress. | [full_remediation] Upgrade package libssl1.0.0 from 1.0.1f-1ubuntu2.16 to 1.0.1f-1ubuntu2.19 (fixed version) in the image and rebuild/redep | [scanner_guidance] Upgrade libssl1.0.0 from 1.0.1f-1ubuntu2.16 to 1.0.1f-1ubuntu2.19"
56,36.5,P4,720,appsec-legacy,bwapp,trivy,openssl: doapr_outch function does not verify that certain memory allocation succeeds,medium,CVE-2016-2842,CWE-119,raesene/bwapp:latest (ubuntu 14.04),,,,,False,,False,,0.0,libssl1.0.0,1.0.1f-1ubuntu2.18,"The doapr_outch function in crypto/bio/b_print.c in OpenSSL 1.0.1 before 1.0.1s and 1.0.2 before 1.0.2g does not verify that a certain memory allocation succeeds, which allows remote attackers to cause a denial of service (out-of-bounds write or memory consumption) or possibly have unspecified other impact via a long string, as demonstrated by a large amount of ASN.1 data, a different vulnerability than CVE-2016-0799.","[first_aid] Apply the vendor security patch for CVE-2016-2842; if unavailable, isolate the container and restrict egress. | [full_remediation] Upgrade package libssl1.0.0 from 1.0.1f-1ubuntu2.16 to 1.0.1f-1ubuntu2.18 (fixed version) in the image and rebuild/redep | [scanner_guidance] Upgrade libssl1.0.0 from 1.0.1f-1ubuntu2.16 to 1.0.1f-1ubuntu2.18"
57,36.5,P4,720,appsec-legacy,bwapp,trivy,libxml2: Incorrect limit used for port values,medium,CVE-2017-7376,CWE-119,raesene/bwapp:latest (ubuntu 14.04),,,,,False,,False,,0.0,libxml2,2.9.1+dfsg1-3ubuntu4.10,Buffer overflow in libxml2 allows remote attackers to execute arbitrary code by leveraging an incorrect limit for port values when handling redirects.,"[first_aid] Apply the vendor security patch for CVE-2017-7376; if unavailable, isolate the container and restrict egress. | [full_remediation] Upgrade package libxml2 from 2.9.1+dfsg1-3ubuntu4.7 to 2.9.1+dfsg1-3ubuntu4.10 (fixed version) in the image and rebuild/ | [scanner_guidance] Upgrade libxml2 from 2.9.1+dfsg1-3ubuntu4.7 to 2.9.1+dfsg1-3ubuntu4.10"
58,36.5,P4,720,appsec-web,juice_shop,trivy,glibc: running ldd on malicious ELF leads to code execution because of wrong size computation,low,CVE-2019-1010023,,bkimminich/juice-shop:latest (debian 13.6),,,,,False,,False,,,libc6,,"GNU Libc current is affected by: Re-mapping current loaded library with malicious ELF file. The impact is: In worst case attacker may evaluate privileges. The component is: libld. The attack vector is: Attacker sends 2 ELF files to victim and asks to run ldd on it. ldd execute code. NOTE: Upstream comments indicate ""this is being treated as a non-security bug and no real threat.","[first_aid] Disable or restrict the affected functionality/endpoint at the perimeter (WAF rule, network ACL, feature flag) while the | [full_remediation] Patch or upgrade the affected component to the latest fixed version and re-run the scan to confirm the finding is gone. | [scanner_guidance] glibc: running ldd on malicious ELF leads to code execution because of wrong size computation"
59,36.0,P4,720,appsec-legacy,bwapp,trivy,git: path_name() integer truncation and overflow leading to buffer overflow,medium,CVE-2016-2324,CWE-119,raesene/bwapp:latest (ubuntu 14.04),,,,,False,,False,,0.0,git,1:1.9.1-1ubuntu0.3,"Integer overflow in Git before 2.7.4 allows remote attackers to execute arbitrary code via a (1) long filename or (2) many nested trees, which triggers a heap-based buffer overflow.","[first_aid] Apply the vendor security patch for CVE-2016-2324; if unavailable, isolate the container and restrict egress. | [full_remediation] Upgrade package git from 1:1.9.1-1ubuntu0.2 to 1:1.9.1-1ubuntu0.3 (fixed version) in the image and rebuild/redeploy. | [scanner_guidance] Upgrade git from 1:1.9.1-1ubuntu0.2 to 1:1.9.1-1ubuntu0.3"
60,36.0,P4,720,appsec-legacy,bwapp,trivy,krb5: Automatic sec context deletion could lead to double-free,low,CVE-2017-11462,CWE-415,raesene/bwapp:latest (ubuntu 14.04),,,,,False,,False,,0.0,krb5-locales,1.12+dfsg-2ubuntu5.4,Double free vulnerability in MIT Kerberos 5 (aka krb5) allows attackers to have unspecified impact via vectors involving automatic deletion of security contexts on error.,"[first_aid] Apply the vendor security patch for CVE-2017-11462; if unavailable, isolate the container and restrict egress. | [full_remediation] Upgrade package krb5-locales from 1.12+dfsg-2ubuntu5.2 to 1.12+dfsg-2ubuntu5.4 (fixed version) in the image and rebuild/ | [scanner_guidance] Upgrade krb5-locales from 1.12+dfsg-2ubuntu5.2 to 1.12+dfsg-2ubuntu5.4"
61,36.0,P4,720,appsec-legacy,bwapp,trivy,php: type confusion issue in Soap Client call() method,medium,CVE-2015-8835,,raesene/bwapp:latest (ubuntu 14.04),,,,,False,,False,,,libapache2-mod-php5,5.5.9+dfsg-1ubuntu4.16,"The make_http_soap_request function in ext/soap/php_http.c in PHP before 5.4.44, 5.5.x before 5.5.28, and 5.6.x before 5.6.12 does not properly retrieve keys, which allows remote attackers to cause a denial of service (NULL pointer dereference, type confusion, and application crash) or possibly execute arbitrary code via crafted serialized data representing a numerically indexed _cookies array, related to the SoapClient::__call method in ext/soap/soap.c.","[first_aid] Apply the vendor security patch for CVE-2015-8835; if unavailable, isolate the container and restrict egress. | [full_remediation] Upgrade package libapache2-mod-php5 from 5.5.9+dfsg-1ubuntu4.14 to 5.5.9+dfsg-1ubuntu4.16 (fixed version) in the image a | [scanner_guidance] Upgrade libapache2-mod-php5 from 5.5.9+dfsg-1ubuntu4.14 to 5.5.9+dfsg-1ubuntu4.16"
62,36.0,P4,720,appsec-legacy,bwapp,trivy,php: Zend/zend_exceptions.c does not validate certain Exception objects,medium,CVE-2015-8876,,raesene/bwapp:latest (ubuntu 14.04),,,,,False,,False,,,libapache2-mod-php5,5.5.9+dfsg-1ubuntu4.19,"Zend/zend_exceptions.c in PHP before 5.4.44, 5.5.x before 5.5.28, and 5.6.x before 5.6.12 does not validate certain Exception objects, which allows remote attackers to cause a denial of service (NULL pointer dereference and application crash) or trigger unintended method execution via crafted serialized data.","[first_aid] Apply the vendor security patch for CVE-2015-8876; if unavailable, isolate the container and restrict egress. | [full_remediation] Upgrade package libapache2-mod-php5 from 5.5.9+dfsg-1ubuntu4.14 to 5.5.9+dfsg-1ubuntu4.19 (fixed version) in the image a | [scanner_guidance] Upgrade libapache2-mod-php5 from 5.5.9+dfsg-1ubuntu4.14 to 5.5.9+dfsg-1ubuntu4.19"
63,36.0,P4,720,appsec-legacy,bwapp,trivy,php: Off-by-one error in phar_parse_pharfile when loading crafted phar archive,medium,CVE-2016-10160,CWE-193,raesene/bwapp:latest (ubuntu 14.04),,,,,False,,False,,0.0,libapache2-mod-php5,5.5.9+dfsg-1ubuntu4.21,Off-by-one error in the phar_parse_pharfile function in ext/phar/phar.c in PHP before 5.6.30 and 7.0.x before 7.0.15 allows remote attackers to cause a denial of service (memory corruption) or possibly execute arbitrary code via a crafted PHAR archive with an alias mismatch.,"[first_aid] Apply the vendor security patch for CVE-2016-10160; if unavailable, isolate the container and restrict egress. | [full_remediation] Upgrade package libapache2-mod-php5 from 5.5.9+dfsg-1ubuntu4.14 to 5.5.9+dfsg-1ubuntu4.21 (fixed version) in the image a | [scanner_guidance] Upgrade libapache2-mod-php5 from 5.5.9+dfsg-1ubuntu4.14 to 5.5.9+dfsg-1ubuntu4.21"
64,36.0,P4,720,appsec-legacy,bwapp,trivy,php: buffer overflow in handling of long link names in tar phar archives,medium,CVE-2016-2554,CWE-119,raesene/bwapp:latest (ubuntu 14.04),,,,,False,,False,,0.0,libapache2-mod-php5,5.5.9+dfsg-1ubuntu4.16,"Stack-based buffer overflow in ext/phar/tar.c in PHP before 5.5.32, 5.6.x before 5.6.18, and 7.x before 7.0.3 allows remote attackers to cause a denial of service (application crash) or possibly have unspecified other impact via a crafted TAR archive.","[first_aid] Apply the vendor security patch for CVE-2016-2554; if unavailable, isolate the container and restrict egress. | [full_remediation] Upgrade package libapache2-mod-php5 from 5.5.9+dfsg-1ubuntu4.14 to 5.5.9+dfsg-1ubuntu4.16 (fixed version) in the image a | [scanner_guidance] Upgrade libapache2-mod-php5 from 5.5.9+dfsg-1ubuntu4.14 to 5.5.9+dfsg-1ubuntu4.16"
65,36.0,P4,720,appsec-legacy,bwapp,trivy,php: Use after free in WDDX Deserialize when processing XML data,medium,CVE-2016-3141,CWE-119,raesene/bwapp:latest (ubuntu 14.04),,,,,False,,False,,0.0,libapache2-mod-php5,5.5.9+dfsg-1ubuntu4.16,Use-after-free vulnerability in wddx.c in the WDDX extension in PHP before 5.5.33 and 5.6.x before 5.6.19 allows remote attackers to cause a denial of service (memory corruption and application crash) or possibly have unspecified other impact by triggering a wddx_deserialize call on XML data containing a crafted var element.,"[first_aid] Apply the vendor security patch for CVE-2016-3141; if unavailable, isolate the container and restrict egress. | [full_remediation] Upgrade package libapache2-mod-php5 from 5.5.9+dfsg-1ubuntu4.14 to 5.5.9+dfsg-1ubuntu4.16 (fixed version) in the image a | [scanner_guidance] Upgrade libapache2-mod-php5 from 5.5.9+dfsg-1ubuntu4.14 to 5.5.9+dfsg-1ubuntu4.16"
66,36.0,P4,720,appsec-legacy,bwapp,trivy,php: Invalid memory write in phar on filename containing \0 inside name,medium,CVE-2016-4072,CWE-20,raesene/bwapp:latest (ubuntu 14.04),,,,,False,,False,,0.0,libapache2-mod-php5,5.5.9+dfsg-1ubuntu4.16,"The Phar extension in PHP before 5.5.34, 5.6.x before 5.6.20, and 7.x before 7.0.5 allows remote attackers to execute arbitrary code via a crafted filename, as demonstrated by mishandling of \0 characters by the phar_analyze_path function in ext/phar/phar.c.","[first_aid] Apply the vendor security patch for CVE-2016-4072; if unavailable, isolate the container and restrict egress. | [full_remediation] Upgrade package libapache2-mod-php5 from 5.5.9+dfsg-1ubuntu4.14 to 5.5.9+dfsg-1ubuntu4.16 (fixed version) in the image a | [scanner_guidance] Upgrade libapache2-mod-php5 from 5.5.9+dfsg-1ubuntu4.14 to 5.5.9+dfsg-1ubuntu4.16"
67,36.0,P4,720,appsec-legacy,bwapp,trivy,php: mb_strcut() Negative size parameter in memcpy,medium,CVE-2016-4073,CWE-119,raesene/bwapp:latest (ubuntu 14.04),,,,,False,,False,,0.0,libapache2-mod-php5,5.5.9+dfsg-1ubuntu4.16,"Multiple integer overflows in the mbfl_strcut function in ext/mbstring/libmbfl/mbfl/mbfilter.c in PHP before 5.5.34, 5.6.x before 5.6.20, and 7.x before 7.0.5 allow remote attackers to cause a denial of service (application crash) or possibly execute arbitrary code via a crafted mb_strcut call.","[first_aid] Apply the vendor security patch for CVE-2016-4073; if unavailable, isolate the container and restrict egress. | [full_remediation] Upgrade package libapache2-mod-php5 from 5.5.9+dfsg-1ubuntu4.14 to 5.5.9+dfsg-1ubuntu4.16 (fixed version) in the image a | [scanner_guidance] Upgrade libapache2-mod-php5 from 5.5.9+dfsg-1ubuntu4.14 to 5.5.9+dfsg-1ubuntu4.16"
68,36.0,P4,720,appsec-legacy,bwapp,trivy,php: Double Free Corruption in wddx_deserialize,medium,CVE-2016-5772,CWE-415,raesene/bwapp:latest (ubuntu 14.04),,,,,False,,False,,0.0,libapache2-mod-php5,5.5.9+dfsg-1ubuntu4.19,"Double free vulnerability in the php_wddx_process_data function in wddx.c in the WDDX extension in PHP before 5.5.37, 5.6.x before 5.6.23, and 7.x before 7.0.8 allows remote attackers to cause a denial of service (application crash) or possibly execute arbitrary code via crafted XML data that is mishandled in a wddx_deserialize call.","[first_aid] Apply the vendor security patch for CVE-2016-5772; if unavailable, isolate the container and restrict egress. | [full_remediation] Upgrade package libapache2-mod-php5 from 5.5.9+dfsg-1ubuntu4.14 to 5.5.9+dfsg-1ubuntu4.19 (fixed version) in the image a | [scanner_guidance] Upgrade libapache2-mod-php5 from 5.5.9+dfsg-1ubuntu4.14 to 5.5.9+dfsg-1ubuntu4.19"
69,36.0,P4,720,appsec-legacy,bwapp,trivy,php: Out-of-bounds access in exif_process_IFD_in_MAKERNOTE,medium,CVE-2016-6291,CWE-119,raesene/bwapp:latest (ubuntu 14.04),,,,,False,,False,,0.0,libapache2-mod-php5,5.5.9+dfsg-1ubuntu4.19,"The exif_process_IFD_in_MAKERNOTE function in ext/exif/exif.c in PHP before 5.5.38, 5.6.x before 5.6.24, and 7.x before 7.0.9 allows remote attackers to cause a denial of service (out-of-bounds array access and memory corruption), obtain sensitive information from process memory, or possibly have unspecified other impact via a crafted JPEG image.","[first_aid] Apply the vendor security patch for CVE-2016-6291; if unavailable, isolate the container and restrict egress. | [full_remediation] Upgrade package libapache2-mod-php5 from 5.5.9+dfsg-1ubuntu4.14 to 5.5.9+dfsg-1ubuntu4.19 (fixed version) in the image a | [scanner_guidance] Upgrade libapache2-mod-php5 from 5.5.9+dfsg-1ubuntu4.14 to 5.5.9+dfsg-1ubuntu4.19"
70,36.0,P4,720,appsec-legacy,bwapp,trivy,php: Heap buffer overflow vulnerability in simplestring_addn in simplestring.c,medium,CVE-2016-6296,CWE-119,raesene/bwapp:latest (ubuntu 14.04),,,,,False,,False,,0.0,libapache2-mod-php5,5.5.9+dfsg-1ubuntu4.19,"Integer signedness error in the simplestring_addn function in simplestring.c in xmlrpc-epi through 0.54.2, as used in PHP before 5.5.38, 5.6.x before 5.6.24, and 7.x before 7.0.9, allows remote attackers to cause a denial of service (heap-based buffer overflow) or possibly have unspecified other impact via a long first argument to the PHP xmlrpc_encode_request function.","[first_aid] Apply the vendor security patch for CVE-2016-6296; if unavailable, isolate the container and restrict egress. | [full_remediation] Upgrade package libapache2-mod-php5 from 5.5.9+dfsg-1ubuntu4.14 to 5.5.9+dfsg-1ubuntu4.19 (fixed version) in the image a | [scanner_guidance] Upgrade libapache2-mod-php5 from 5.5.9+dfsg-1ubuntu4.14 to 5.5.9+dfsg-1ubuntu4.19"
71,36.0,P4,720,appsec-legacy,bwapp,trivy,php: imagegammacorrect allows arbitrary write access,medium,CVE-2016-7127,CWE-787,raesene/bwapp:latest (ubuntu 14.04),,,,,False,,False,,0.0,libapache2-mod-php5,5.5.9+dfsg-1ubuntu4.20,"The imagegammacorrect function in ext/gd/gd.c in PHP before 5.6.25 and 7.x before 7.0.10 does not properly validate gamma values, which allows remote attackers to cause a denial of service (out-of-bounds write) or possibly have unspecified other impact by providing different signs for the second and third arguments.","[first_aid] Apply the vendor security patch for CVE-2016-7127; if unavailable, isolate the container and restrict egress. | [full_remediation] Upgrade package libapache2-mod-php5 from 5.5.9+dfsg-1ubuntu4.14 to 5.5.9+dfsg-1ubuntu4.20 (fixed version) in the image a | [scanner_guidance] Upgrade libapache2-mod-php5 from 5.5.9+dfsg-1ubuntu4.14 to 5.5.9+dfsg-1ubuntu4.20"
72,36.0,P4,720,appsec-legacy,bwapp,trivy,php: Memory corruption when destructing deserialized object,medium,CVE-2016-7411,CWE-119,raesene/bwapp:latest (ubuntu 14.04),,,,,False,,False,,0.0,libapache2-mod-php5,5.5.9+dfsg-1ubuntu4.20,"ext/standard/var_unserializer.re in PHP before 5.6.26 mishandles object-deserialization failures, which allows remote attackers to cause a denial of service (memory corruption) or possibly have unspecified other impact via an unserialize call that references a partially constructed object.","[first_aid] Apply the vendor security patch for CVE-2016-7411; if unavailable, isolate the container and restrict egress. | [full_remediation] Upgrade package libapache2-mod-php5 from 5.5.9+dfsg-1ubuntu4.14 to 5.5.9+dfsg-1ubuntu4.20 (fixed version) in the image a | [scanner_guidance] Upgrade libapache2-mod-php5 from 5.5.9+dfsg-1ubuntu4.14 to 5.5.9+dfsg-1ubuntu4.20"
73,36.0,P4,720,appsec-legacy,bwapp,trivy,php: Use-after-free vulnerability when resizing the 'properties' hash table of a serialized object,medium,CVE-2016-7479,CWE-416,raesene/bwapp:latest (ubuntu 14.04),,,,,False,,False,,0.0,libapache2-mod-php5,5.5.9+dfsg-1ubuntu4.21,"In all versions of PHP 7, during the unserialization process, resizing the 'properties' hash table of a serialized object may lead to use-after-free. A remote attacker may exploit this bug to gain arbitrary code execution.","[first_aid] Apply the vendor security patch for CVE-2016-7479; if unavailable, isolate the container and restrict egress. | [full_remediation] Upgrade package libapache2-mod-php5 from 5.5.9+dfsg-1ubuntu4.14 to 5.5.9+dfsg-1ubuntu4.21 (fixed version) in the image a | [scanner_guidance] Upgrade libapache2-mod-php5 from 5.5.9+dfsg-1ubuntu4.14 to 5.5.9+dfsg-1ubuntu4.21"
74,36.0,P4,720,appsec-legacy,bwapp,trivy,oniguruma: Out-of-bounds stack read in match_at() during regular expression searching,medium,CVE-2017-9224,CWE-125,raesene/bwapp:latest (ubuntu 14.04),,,,,False,,False,,0.0,libapache2-mod-php5,5.5.9+dfsg-1ubuntu4.22,"An issue was discovered in Oniguruma 6.2.0, as used in Oniguruma-mod in Ruby through 2.4.1 and mbstring in PHP through 7.1.5. A stack out-of-bounds read occurs in match_at() during regular expression searching. A logical error involving order of validation and access in match_at() could result in an out-of-bounds read from a stack buffer.","[first_aid] Apply the vendor security patch for CVE-2017-9224; if unavailable, isolate the container and restrict egress. | [full_remediation] Upgrade package libapache2-mod-php5 from 5.5.9+dfsg-1ubuntu4.14 to 5.5.9+dfsg-1ubuntu4.22 (fixed version) in the image a | [scanner_guidance] Upgrade libapache2-mod-php5 from 5.5.9+dfsg-1ubuntu4.14 to 5.5.9+dfsg-1ubuntu4.22"
75,36.0,P4,720,appsec-legacy,bwapp,trivy,oniguruma: Out-of-bounds heap write in bitset_set_range(),medium,CVE-2017-9228,CWE-787,raesene/bwapp:latest (ubuntu 14.04),,,,,False,,False,,0.0,libapache2-mod-php5,5.5.9+dfsg-1ubuntu4.22,"An issue was discovered in Oniguruma 6.2.0, as used in Oniguruma-mod in Ruby through 2.4.1 and mbstring in PHP through 7.1.5. A heap out-of-bounds write occurs in bitset_set_range() during regular expression compilation due to an uninitialized variable from an incorrect state transition. An incorrect state transition in parse_char_class() could create an execution path that leaves a critical local variable uninitialized until it's used as an index, resulting in an out-of-bounds write memory corruption.","[first_aid] Apply the vendor security patch for CVE-2017-9228; if unavailable, isolate the container and restrict egress. | [full_remediation] Upgrade package libapache2-mod-php5 from 5.5.9+dfsg-1ubuntu4.14 to 5.5.9+dfsg-1ubuntu4.22 (fixed version) in the image a | [scanner_guidance] Upgrade libapache2-mod-php5 from 5.5.9+dfsg-1ubuntu4.14 to 5.5.9+dfsg-1ubuntu4.22"
76,36.0,P4,720,appsec-legacy,bwapp,trivy,php: Stack-based buffer under-read in php_stream_url_wrap_http_ex() in http_fopen_wrapper.c when parsing HTTP response,medium,CVE-2018-7584,CWE-119,raesene/bwapp:latest (ubuntu 14.04),,,,,False,,False,,0.0,libapache2-mod-php5,5.5.9+dfsg-1ubuntu4.24,"In PHP through 5.6.33, 7.0.x before 7.0.28, 7.1.x through 7.1.14, and 7.2.x through 7.2.2, there is a stack-based buffer under-read while parsing an HTTP response in the php_stream_url_wrap_http_ex function in ext/standard/http_fopen_wrapper.c. This subsequently results in copying a large string.","[first_aid] Apply the vendor security patch for CVE-2018-7584; if unavailable, isolate the container and restrict egress. | [full_remediation] Upgrade package libapache2-mod-php5 from 5.5.9+dfsg-1ubuntu4.14 to 5.5.9+dfsg-1ubuntu4.24 (fixed version) in the image a | [scanner_guidance] Upgrade libapache2-mod-php5 from 5.5.9+dfsg-1ubuntu4.14 to 5.5.9+dfsg-1ubuntu4.24"
77,36.0,P4,720,appsec-legacy,bwapp,trivy,php: Invalid memory access in function xmlrpc_decode(),medium,CVE-2019-9020,CWE-125,raesene/bwapp:latest (ubuntu 14.04),,,,,False,,False,,0.0,libapache2-mod-php5,5.5.9+dfsg-1ubuntu4.27,"An issue was discovered in PHP before 5.6.40, 7.x before 7.1.26, 7.2.x before 7.2.14, and 7.3.x before 7.3.1. Invalid input to the function xmlrpc_decode() can lead to an invalid memory access (heap out of bounds read or read after free). This is related to xml_elem_parse_buf in ext/xmlrpc/libxmlrpc/xml_element.c.","[first_aid] Apply the vendor security patch for CVE-2019-9020; if unavailable, isolate the container and restrict egress. | [full_remediation] Upgrade package libapache2-mod-php5 from 5.5.9+dfsg-1ubuntu4.14 to 5.5.9+dfsg-1ubuntu4.27 (fixed version) in the image a | [scanner_guidance] Upgrade libapache2-mod-php5 from 5.5.9+dfsg-1ubuntu4.14 to 5.5.9+dfsg-1ubuntu4.27"
78,36.0,P4,720,appsec-legacy,bwapp,trivy,php: Heap-based buffer over-read in PHAR reading functions,medium,CVE-2019-9021,CWE-125,raesene/bwapp:latest (ubuntu 14.04),,,,,False,,False,,0.0,libapache2-mod-php5,5.5.9+dfsg-1ubuntu4.27,"An issue was discovered in PHP before 5.6.40, 7.x before 7.1.26, 7.2.x before 7.2.14, and 7.3.x before 7.3.1. A heap-based buffer over-read in PHAR reading functions in the PHAR extension may allow an attacker to read allocated or unallocated memory past the actual data when trying to parse the file name, a different vulnerability than CVE-2018-20783. This is related to phar_detect_phar_fname_ext in ext/phar/phar.c.","[first_aid] Apply the vendor security patch for CVE-2019-9021; if unavailable, isolate the container and restrict egress. | [full_remediation] Upgrade package libapache2-mod-php5 from 5.5.9+dfsg-1ubuntu4.14 to 5.5.9+dfsg-1ubuntu4.27 (fixed version) in the image a | [scanner_guidance] Upgrade libapache2-mod-php5 from 5.5.9+dfsg-1ubuntu4.14 to 5.5.9+dfsg-1ubuntu4.27"
79,36.0,P4,720,appsec-legacy,bwapp,trivy,php: Uninitialized read in exif_process_IFD_in_TIFF,medium,CVE-2019-9641,CWE-908,raesene/bwapp:latest (ubuntu 14.04),,,,,False,,False,,0.0,libapache2-mod-php5,5.5.9+dfsg-1ubuntu4.29,"An issue was discovered in the EXIF component in PHP before 7.1.27, 7.2.x before 7.2.16, and 7.3.x before 7.3.3. There is an uninitialized read in exif_process_IFD_in_TIFF.","[first_aid] Apply the vendor security patch for CVE-2019-9641; if unavailable, isolate the container and restrict egress. | [full_remediation] Upgrade package libapache2-mod-php5 from 5.5.9+dfsg-1ubuntu4.14 to 5.5.9+dfsg-1ubuntu4.29 (fixed version) in the image a | [scanner_guidance] Upgrade libapache2-mod-php5 from 5.5.9+dfsg-1ubuntu4.14 to 5.5.9+dfsg-1ubuntu4.29"
80,36.0,P4,720,appsec-legacy,bwapp,trivy,php: bcpowmod accepts negative scale causing heap buffer overflow corrupting _one_ definition,low,CVE-2016-4537,CWE-20,raesene/bwapp:latest (ubuntu 14.04),,,,,False,,False,,0.0,libapache2-mod-php5,5.5.9+dfsg-1ubuntu4.17,"The bcpowmod function in ext/bcmath/bcmath.c in PHP before 5.5.35, 5.6.x before 5.6.21, and 7.x before 7.0.6 accepts a negative integer for the scale argument, which allows remote attackers to cause a denial of service or possibly have unspecified other impact via a crafted call.","[first_aid] Apply the vendor security patch for CVE-2016-4537; if unavailable, isolate the container and restrict egress. | [full_remediation] Upgrade package libapache2-mod-php5 from 5.5.9+dfsg-1ubuntu4.14 to 5.5.9+dfsg-1ubuntu4.17 (fixed version) in the image a | [scanner_guidance] Upgrade libapache2-mod-php5 from 5.5.9+dfsg-1ubuntu4.14 to 5.5.9+dfsg-1ubuntu4.17"
81,36.0,P4,720,appsec-legacy,bwapp,trivy,php: OOB read in grapheme_stripos and grapheme_strpos when negative offset is used,low,CVE-2016-4541,,raesene/bwapp:latest (ubuntu 14.04),,,,,False,,False,,,libapache2-mod-php5,5.5.9+dfsg-1ubuntu4.17,"The grapheme_strpos function in ext/intl/grapheme/grapheme_string.c in PHP before 5.5.35, 5.6.x before 5.6.21, and 7.x before 7.0.6 allows remote attackers to cause a denial of service (out-of-bounds read) or possibly have unspecified other impact via a negative offset.","[first_aid] Apply the vendor security patch for CVE-2016-4541; if unavailable, isolate the container and restrict egress. | [full_remediation] Upgrade package libapache2-mod-php5 from 5.5.9+dfsg-1ubuntu4.14 to 5.5.9+dfsg-1ubuntu4.17 (fixed version) in the image a | [scanner_guidance] Upgrade libapache2-mod-php5 from 5.5.9+dfsg-1ubuntu4.14 to 5.5.9+dfsg-1ubuntu4.17"
82,36.0,P4,720,appsec-legacy,bwapp,trivy,php: Out-of-bounds heap memory read in exif_read_data() caused by malformed input,low,CVE-2016-4542,CWE-119,raesene/bwapp:latest (ubuntu 14.04),,,,,False,,False,,0.0,libapache2-mod-php5,5.5.9+dfsg-1ubuntu4.17,"The exif_process_IFD_TAG function in ext/exif/exif.c in PHP before 5.5.35, 5.6.x before 5.6.21, and 7.x before 7.0.6 does not properly construct spprintf arguments, which allows remote attackers to cause a denial of service (out-of-bounds read) or possibly have unspecified other impact via crafted header data.","[first_aid] Apply the vendor security patch for CVE-2016-4542; if unavailable, isolate the container and restrict egress. | [full_remediation] Upgrade package libapache2-mod-php5 from 5.5.9+dfsg-1ubuntu4.14 to 5.5.9+dfsg-1ubuntu4.17 (fixed version) in the image a | [scanner_guidance] Upgrade libapache2-mod-php5 from 5.5.9+dfsg-1ubuntu4.14 to 5.5.9+dfsg-1ubuntu4.17"
83,36.0,P4,720,appsec-legacy,bwapp,trivy,php: Use After Free Vulnerability in PHP's GC algorithm and unserialize,low,CVE-2016-5771,CWE-416,raesene/bwapp:latest (ubuntu 14.04),,,,,False,,False,,0.0,libapache2-mod-php5,5.5.9+dfsg-1ubuntu4.19,"spl_array.c in the SPL extension in PHP before 5.5.37 and 5.6.x before 5.6.23 improperly interacts with the unserialize implementation and garbage collection, which allows remote attackers to execute arbitrary code or cause a denial of service (use-after-free and application crash) via crafted serialized data.","[first_aid] Apply the vendor security patch for CVE-2016-5771; if unavailable, isolate the container and restrict egress. | [full_remediation] Upgrade package libapache2-mod-php5 from 5.5.9+dfsg-1ubuntu4.14 to 5.5.9+dfsg-1ubuntu4.19 (fixed version) in the image a | [scanner_guidance] Upgrade libapache2-mod-php5 from 5.5.9+dfsg-1ubuntu4.14 to 5.5.9+dfsg-1ubuntu4.19"
84,36.0,P4,720,appsec-legacy,bwapp,trivy,glibc: Unbounded stack allocation in catopen function,low,CVE-2015-8779,CWE-119,raesene/bwapp:latest (ubuntu 14.04),,,,,False,,False,,0.0,libc-bin,2.19-0ubuntu6.8,Stack-based buffer overflow in the catopen function in the GNU C Library (aka glibc or libc6) before 2.23 allows context-dependent attackers to cause a denial of service (application crash) or possibly execute arbitrary code via a long catalog name.,"[first_aid] Apply the vendor security patch for CVE-2015-8779; if unavailable, isolate the container and restrict egress. | [full_remediation] Upgrade package libc-bin from 2.19-0ubuntu6.6 to 2.19-0ubuntu6.8 (fixed version) in the image and rebuild/redeploy. | [scanner_guidance] Upgrade libc-bin from 2.19-0ubuntu6.6 to 2.19-0ubuntu6.8"
85,36.0,P4,720,appsec-legacy,bwapp,trivy,curl: FTP wildcard out of bounds read,medium,CVE-2017-8817,CWE-125,raesene/bwapp:latest (ubuntu 14.04),,,,,False,,False,,0.0,libcurl3-gnutls,7.35.0-1ubuntu2.13,The FTP wildcard function in curl and libcurl before 7.57.0 allows remote attackers to cause a denial of service (out-of-bounds read and application crash) or possibly have unspecified other impact via a string that ends with an '[' character.,"[first_aid] Apply the vendor security patch for CVE-2017-8817; if unavailable, isolate the container and restrict egress. | [full_remediation] Upgrade package libcurl3-gnutls from 7.35.0-1ubuntu2.6 to 7.35.0-1ubuntu2.13 (fixed version) in the image and rebuild/re | [scanner_guidance] Upgrade libcurl3-gnutls from 7.35.0-1ubuntu2.6 to 7.35.0-1ubuntu2.13"
86,36.0,P4,720,appsec-legacy,bwapp,trivy,curl: HTTP authentication leak in redirects,medium,CVE-2018-1000007,,raesene/bwapp:latest (ubuntu 14.04),,,,,False,,False,,,libcurl3-gnutls,7.35.0-1ubuntu2.14,"libcurl 7.1 through 7.57.0 might accidentally leak authentication data to third parties. When asked to send custom headers in its HTTP requests, libcurl will send that set of headers first to the host in the initial URL but also, if asked to follow redirects and a 30X HTTP response code is returned, to the host mentioned in URL in the `Location:` response header value. Sending the same set of headers to subsequent hosts is in particular a problem for applications that pass on custom `Authorization:` headers, as this header often contains privacy sensitive information or data that could allow others to impersonate the libcurl-using client's request.","[first_aid] Apply the vendor security patch for CVE-2018-1000007; if unavailable, isolate the container and restrict egress. | [full_remediation] Upgrade package libcurl3-gnutls from 7.35.0-1ubuntu2.6 to 7.35.0-1ubuntu2.14 (fixed version) in the image and rebuild/re | [scanner_guidance] Upgrade libcurl3-gnutls from 7.35.0-1ubuntu2.6 to 7.35.0-1ubuntu2.14"
87,36.0,P4,720,appsec-legacy,bwapp,trivy,perl-DBD-MySQL: Use after free when my_login fails,medium,CVE-2015-8949,CWE-416,raesene/bwapp:latest (ubuntu 14.04),,,,,False,,False,,0.0,libdbd-mysql-perl,4.025-1ubuntu0.1,Use-after-free vulnerability in the my_login function in DBD::mysql before 4.033_01 allows attackers to have unspecified impact by leveraging a call to mysql_errno after a failure of my_login.,"[first_aid] Apply the vendor security patch for CVE-2015-8949; if unavailable, isolate the container and restrict egress. | [full_remediation] Upgrade package libdbd-mysql-perl from 4.025-1 to 4.025-1ubuntu0.1 (fixed version) in the image and rebuild/redeploy. | [scanner_guidance] Upgrade libdbd-mysql-perl from 4.025-1 to 4.025-1ubuntu0.1"
88,36.0,P4,720,appsec-legacy,bwapp,trivy,expat: Out-of-bounds heap read on crafted input causing crash,medium,CVE-2016-0718,CWE-119,raesene/bwapp:latest (ubuntu 14.04),,,,,False,,False,,0.0,libexpat1,2.1.0-4ubuntu1.2,"Expat allows context-dependent attackers to cause a denial of service (crash) or possibly execute arbitrary code via a malformed input document, which triggers a buffer overflow.","[first_aid] Apply the vendor security patch for CVE-2016-0718; if unavailable, isolate the container and restrict egress. | [full_remediation] Upgrade package libexpat1 from 2.1.0-4ubuntu1.1 to 2.1.0-4ubuntu1.2 (fixed version) in the image and rebuild/redeploy. | [scanner_guidance] Upgrade libexpat1 from 2.1.0-4ubuntu1.1 to 2.1.0-4ubuntu1.2"
89,36.0,P4,720,appsec-legacy,bwapp,trivy,gnutls: Heap read overflow in read-packet.c,medium,CVE-2017-5337,CWE-119,raesene/bwapp:latest (ubuntu 14.04),,,,,False,,False,,0.0,libgnutls-openssl27,2.12.23-12ubuntu2.6,Multiple heap-based buffer overflows in the read_attribute function in GnuTLS before 3.3.26 and 3.5.x before 3.5.8 allow remote attackers to have unspecified impact via a crafted OpenPGP certificate.,"[first_aid] Apply the vendor security patch for CVE-2017-5337; if unavailable, isolate the container and restrict egress. | [full_remediation] Upgrade package libgnutls-openssl27 from 2.12.23-12ubuntu2.4 to 2.12.23-12ubuntu2.6 (fixed version) in the image and reb | [scanner_guidance] Upgrade libgnutls-openssl27 from 2.12.23-12ubuntu2.4 to 2.12.23-12ubuntu2.6"
90,36.0,P4,720,appsec-legacy,bwapp,trivy,pcre: uninitialized memory read triggered by malformed posix character class (8.38/22),low,CVE-2015-8390,CWE-908,raesene/bwapp:latest (ubuntu 14.04),,,,,False,,False,,0.0,libpcre3,1:8.31-2ubuntu2.2,"PCRE before 8.38 mishandles the [: and \\ substrings in character classes, which allows remote attackers to cause a denial of service (uninitialized memory read) or possibly have unspecified other impact via a crafted regular expression, as demonstrated by a JavaScript RegExp object encountered by Konqueror.","[first_aid] Apply the vendor security patch for CVE-2015-8390; if unavailable, isolate the container and restrict egress. | [full_remediation] Upgrade package libpcre3 from 1:8.31-2ubuntu2.1 to 1:8.31-2ubuntu2.2 (fixed version) in the image and rebuild/redeploy. | [scanner_guidance] Upgrade libpcre3 from 1:8.31-2ubuntu2.1 to 1:8.31-2ubuntu2.2"
91,36.0,P4,720,appsec-legacy,bwapp,trivy,pcre: Integer overflow caused by missing check for certain conditions (8.38/31),low,CVE-2015-8394,CWE-190,raesene/bwapp:latest (ubuntu 14.04),,,,,False,,False,,0.0,libpcre3,1:8.31-2ubuntu2.2,"PCRE before 8.38 mishandles the (?(<digits>) and (?(R<digits>) conditions, which allows remote attackers to cause a denial of service (integer overflow) or possibly have unspecified other impact via a crafted regular expression, as demonstrated by a JavaScript RegExp object encountered by Konqueror.","[first_aid] Apply the vendor security patch for CVE-2015-8394; if unavailable, isolate the container and restrict egress. | [full_remediation] Upgrade package libpcre3 from 1:8.31-2ubuntu2.1 to 1:8.31-2ubuntu2.2 (fixed version) in the image and rebuild/redeploy. | [scanner_guidance] Upgrade libpcre3 from 1:8.31-2ubuntu2.1 to 1:8.31-2ubuntu2.2"
92,36.0,P4,720,appsec-legacy,bwapp,trivy,python: Heap overflow in zipimporter module,medium,CVE-2016-5636,CWE-190,raesene/bwapp:latest (ubuntu 14.04),,,,,False,,False,,0.0,libpython2.7-minimal,2.7.6-8ubuntu0.3,"Integer overflow in the get_data function in zipimport.c in CPython (aka Python) before 2.7.12, 3.x before 3.4.5, and 3.5.x before 3.5.2 allows remote attackers to have unspecified impact via a negative data size value, which triggers a heap-based buffer overflow.","[first_aid] Apply the vendor security patch for CVE-2016-5636; if unavailable, isolate the container and restrict egress. | [full_remediation] Upgrade package libpython2.7-minimal from 2.7.6-8ubuntu0.2 to 2.7.6-8ubuntu0.3 (fixed version) in the image and rebuild/ | [scanner_guidance] Upgrade libpython2.7-minimal from 2.7.6-8ubuntu0.2 to 2.7.6-8ubuntu0.3"
93,36.0,P4,720,appsec-legacy,bwapp,trivy,python: Command injection in the shutil module,medium,CVE-2018-1000802,CWE-77,raesene/bwapp:latest (ubuntu 14.04),,,,,False,,False,,0.0,libpython2.7-minimal,2.7.6-8ubuntu0.5,"Python Software Foundation Python (CPython) version 2.7 contains a CWE-77: Improper Neutralization of Special Elements used in a Command ('Command Injection') vulnerability in shutil module (make_archive function) that can result in Denial of service, Information gain via injection of arbitrary files on the system or entire drive. This attack appear to be exploitable via Passage of unfiltered user input to the function. This vulnerability appears to have been fixed in after commit add531a1e55b0a739b0f42582f1c9747e5649ace.","[first_aid] Apply the vendor security patch for CVE-2018-1000802; if unavailable, isolate the container and restrict egress. | [full_remediation] Upgrade package libpython2.7-minimal from 2.7.6-8ubuntu0.2 to 2.7.6-8ubuntu0.5 (fixed version) in the image and rebuild/ | [scanner_guidance] Upgrade libpython2.7-minimal from 2.7.6-8ubuntu0.2 to 2.7.6-8ubuntu0.5"
94,36.0,P4,720,appsec-legacy,bwapp,trivy,The AMF3CD_AddProp function in amf.c in RTMPDump 2.4 allows remote RTM ...,medium,CVE-2015-8271,CWE-123,raesene/bwapp:latest (ubuntu 14.04),,,,,False,,False,,0.0,librtmp0,2.4+20121230.gitdf6c518-1ubuntu0.1,The AMF3CD_AddProp function in amf.c in RTMPDump 2.4 allows remote RTMP Media servers to execute arbitrary code.,"[first_aid] Apply the vendor security patch for CVE-2015-8271; if unavailable, isolate the container and restrict egress. | [full_remediation] Upgrade package librtmp0 from 2.4+20121230.gitdf6c518-1 to 2.4+20121230.gitdf6c518-1ubuntu0.1 (fixed version) in the ima | [scanner_guidance] Upgrade librtmp0 from 2.4+20121230.gitdf6c518-1 to 2.4+20121230.gitdf6c518-1ubuntu0.1"
95,36.0,P4,720,appsec-legacy,bwapp,trivy,OpenSSL: Double-free in DSA code,low,CVE-2016-0705,,raesene/bwapp:latest (ubuntu 14.04),,,,,False,,False,,,libssl1.0.0,1.0.1f-1ubuntu2.18,Double free vulnerability in the dsa_priv_decode function in crypto/dsa/dsa_ameth.c in OpenSSL 1.0.1 before 1.0.1s and 1.0.2 before 1.0.2g allows remote attackers to cause a denial of service (memory corruption) or possibly have unspecified other impact via a malformed DSA private key.,"[first_aid] Apply the vendor security patch for CVE-2016-0705; if unavailable, isolate the container and restrict egress. | [full_remediation] Upgrade package libssl1.0.0 from 1.0.1f-1ubuntu2.16 to 1.0.1f-1ubuntu2.18 (fixed version) in the image and rebuild/redep | [scanner_guidance] Upgrade libssl1.0.0 from 1.0.1f-1ubuntu2.16 to 1.0.1f-1ubuntu2.18"
96,36.0,P4,720,appsec-legacy,bwapp,trivy,OpenSSL: Fix memory issues in BIO_*printf functions,low,CVE-2016-0799,CWE-119,raesene/bwapp:latest (ubuntu 14.04),,,,,False,,False,,0.0,libssl1.0.0,1.0.1f-1ubuntu2.18,"The fmtstr function in crypto/bio/b_print.c in OpenSSL 1.0.1 before 1.0.1s and 1.0.2 before 1.0.2g improperly calculates string lengths, which allows remote attackers to cause a denial of service (overflow and out-of-bounds read) or possibly have unspecified other impact via a long string, as demonstrated by a large amount of ASN.1 data, a different vulnerability than CVE-2016-2842.","[first_aid] Apply the vendor security patch for CVE-2016-0799; if unavailable, isolate the container and restrict egress. | [full_remediation] Upgrade package libssl1.0.0 from 1.0.1f-1ubuntu2.16 to 1.0.1f-1ubuntu2.18 (fixed version) in the image and rebuild/redep | [scanner_guidance] Upgrade libssl1.0.0 from 1.0.1f-1ubuntu2.16 to 1.0.1f-1ubuntu2.18"
97,36.0,P4,720,appsec-legacy,bwapp,trivy,openssl: Possible integer overflow vulnerabilities in codebase,low,CVE-2016-2177,CWE-190,raesene/bwapp:latest (ubuntu 14.04),,,,,False,,False,,0.0,libssl1.0.0,1.0.1f-1ubuntu2.22,"OpenSSL through 1.0.2h incorrectly uses pointer arithmetic for heap-buffer boundary checks, which might allow remote attackers to cause a denial of service (integer overflow and application crash) or possibly have unspecified other impact by leveraging unexpected malloc behavior, related to s3_srvr.c, ssl_sess.c, and t1_lib.c.","[first_aid] Apply the vendor security patch for CVE-2016-2177; if unavailable, isolate the container and restrict egress. | [full_remediation] Upgrade package libssl1.0.0 from 1.0.1f-1ubuntu2.16 to 1.0.1f-1ubuntu2.22 (fixed version) in the image and rebuild/redep | [scanner_guidance] Upgrade libssl1.0.0 from 1.0.1f-1ubuntu2.16 to 1.0.1f-1ubuntu2.22"
98,36.0,P4,720,appsec-legacy,bwapp,trivy,openssl: Out-of-bounds write caused by unchecked errors in BN_bn2dec(),low,CVE-2016-2182,CWE-787,raesene/bwapp:latest (ubuntu 14.04),,,,,False,,False,,0.0,libssl1.0.0,1.0.1f-1ubuntu2.20,"The BN_bn2dec function in crypto/bn/bn_print.c in OpenSSL before 1.1.0 does not properly validate division results, which allows remote attackers to cause a denial of service (out-of-bounds write and application crash) or possibly have unspecified other impact via unknown vectors.","[first_aid] Apply the vendor security patch for CVE-2016-2182; if unavailable, isolate the container and restrict egress. | [full_remediation] Upgrade package libssl1.0.0 from 1.0.1f-1ubuntu2.16 to 1.0.1f-1ubuntu2.20 (fixed version) in the image and rebuild/redep | [scanner_guidance] Upgrade libssl1.0.0 from 1.0.1f-1ubuntu2.16 to 1.0.1f-1ubuntu2.20"
99,36.0,P4,720,appsec-legacy,bwapp,trivy,libX11: Insufficient validation of server responses in FontNames,low,CVE-2016-7943,CWE-787,raesene/bwapp:latest (ubuntu 14.04),,,,,False,,False,,0.0,libx11-6,2:1.6.2-1ubuntu2.1,"The XListFonts function in X.org libX11 before 1.6.4 might allow remote X servers to gain privileges via vectors involving length fields, which trigger out-of-bounds write operations.","[first_aid] Apply the vendor security patch for CVE-2016-7943; if unavailable, isolate the container and restrict egress. | [full_remediation] Upgrade package libx11-6 from 2:1.6.2-1ubuntu2 to 2:1.6.2-1ubuntu2.1 (fixed version) in the image and rebuild/redeploy. | [scanner_guidance] Upgrade libx11-6 from 2:1.6.2-1ubuntu2 to 2:1.6.2-1ubuntu2.1"
100,36.0,P4,720,appsec-legacy,bwapp,trivy,libxml2: Use after free via namespace node in XPointer ranges,medium,CVE-2016-4658,CWE-119,raesene/bwapp:latest (ubuntu 14.04),,,,,False,,False,,0.0,libxml2,2.9.1+dfsg1-3ubuntu4.9,"xpointer.c in libxml2 before 2.9.5 (as used in Apple iOS before 10, OS X before 10.12, tvOS before 10, and watchOS before 3, and other products) does not forbid namespace nodes in XPointer ranges, which allows remote attackers to execute arbitrary code or cause a denial of service (use-after-free and memory corruption) via a crafted XML document.","[first_aid] Apply the vendor security patch for CVE-2016-4658; if unavailable, isolate the container and restrict egress. | [full_remediation] Upgrade package libxml2 from 2.9.1+dfsg1-3ubuntu4.7 to 2.9.1+dfsg1-3ubuntu4.9 (fixed version) in the image and rebuild/r | [scanner_guidance] Upgrade libxml2 from 2.9.1+dfsg1-3ubuntu4.7 to 2.9.1+dfsg1-3ubuntu4.9"
101,36.0,P4,720,appsec-legacy,bwapp,trivy,libxml2: Format string vulnerability,low,CVE-2016-4448,CWE-134,raesene/bwapp:latest (ubuntu 14.04),,,,,False,,False,,0.0,libxml2,2.9.1+dfsg1-3ubuntu4.9,Format string vulnerability in libxml2 before 2.9.4 allows attackers to have unspecified impact via format string specifiers in unknown vectors.,"[first_aid] Apply the vendor security patch for CVE-2016-4448; if unavailable, isolate the container and restrict egress. | [full_remediation] Upgrade package libxml2 from 2.9.1+dfsg1-3ubuntu4.7 to 2.9.1+dfsg1-3ubuntu4.9 (fixed version) in the image and rebuild/r | [scanner_guidance] Upgrade libxml2 from 2.9.1+dfsg1-3ubuntu4.7 to 2.9.1+dfsg1-3ubuntu4.9"
102,36.0,P4,720,appsec-legacy,bwapp,trivy,openssh: possible fallback from untrusted to trusted X11 forwarding,low,CVE-2016-1908,CWE-287,raesene/bwapp:latest (ubuntu 14.04),,,,,False,,False,,0.798,openssh-client,1:6.6p1-2ubuntu2.7,"The client in OpenSSH before 7.2 mishandles failed cookie generation for untrusted X11 forwarding and relies on the local X11 server for access-control decisions, which allows remote X11 clients to trigger a fallback and obtain trusted X11 forwarding privileges by leveraging configuration issues on this X11 server, as demonstrated by lack of the SECURITY extension on this X11 server.","[first_aid] Apply the vendor security patch for CVE-2016-1908; if unavailable, isolate the container and restrict egress. | [full_remediation] Upgrade package openssh-client from 1:6.6p1-2ubuntu2.6 to 1:6.6p1-2ubuntu2.7 (fixed version) in the image and rebuild/re | [scanner_guidance] Upgrade openssh-client from 1:6.6p1-2ubuntu2.6 to 1:6.6p1-2ubuntu2.7"
103,36.0,P4,720,appsec-legacy,bwapp,trivy,perl: Integer overflow leading to buffer overflow in Perl_my_setenv(),medium,CVE-2018-18311,CWE-190,raesene/bwapp:latest (ubuntu 14.04),,,,,False,,False,,0.0,perl,5.18.2-2ubuntu1.7,Perl before 5.26.3 and 5.28.x before 5.28.1 has a buffer overflow via a crafted regular expression that triggers invalid write operations.,"[first_aid] Apply the vendor security patch for CVE-2018-18311; if unavailable, isolate the container and restrict egress. | [full_remediation] Upgrade package perl from 5.18.2-2ubuntu1 to 5.18.2-2ubuntu1.7 (fixed version) in the image and rebuild/redeploy. | [scanner_guidance] Upgrade perl from 5.18.2-2ubuntu1 to 5.18.2-2ubuntu1.7"
104,36.0,P4,720,appsec-legacy,bwapp,trivy,perl: heap buffer overflow in pp_pack.c,medium,CVE-2018-6913,CWE-787,raesene/bwapp:latest (ubuntu 14.04),,,,,False,,False,,0.0,perl,5.18.2-2ubuntu1.4,Heap-based buffer overflow in the pack function in Perl before 5.26.2 allows context-dependent attackers to execute arbitrary code via a large item count.,"[first_aid] Apply the vendor security patch for CVE-2018-6913; if unavailable, isolate the container and restrict egress. | [full_remediation] Upgrade package perl from 5.18.2-2ubuntu1 to 5.18.2-2ubuntu1.4 (fixed version) in the image and rebuild/redeploy. | [scanner_guidance] Upgrade perl from 5.18.2-2ubuntu1 to 5.18.2-2ubuntu1.4"
105,35.7,P4,720,appsec-web,juice_shop,trivy,glibc: glibc: Application crash or uninitialized memory read via crafted DNS response,medium,CVE-2026-6238,CWE-126,bkimminich/juice-shop:latest (debian 13.6),,,,,False,,False,,0.0,libc6,,"The deprecated functions ns_printrrf, ns_printrr and fp_nquery in the GNU C Library version 2.0.1 to version 2.43 fail to validate the RDATA content against the RDATA length in a DNS response when processing A6, CERT, LOC, TKEY or TSIG records, which may allow an attacker to craft a DNS response, causing a target application to crash or read uninitialized memory.

These functions are for application debugging only and hence not in the path of code executed by the DNS resolver.  Further, they have been deprecated since version 2.34 and should not be used by any new applications.  Applications should consider porting away from these interfaces since they may be removed in future versions.","[first_aid] Disable or restrict the affected functionality/endpoint at the perimeter (WAF rule, network ACL, feature flag) while the | [full_remediation] Patch or upgrade the affected component to the latest fixed version and re-run the scan to confirm the finding is gone. | [scanner_guidance] glibc: glibc: Application crash or uninitialized memory read via crafted DNS response"
106,35.7,P4,720,appsec-web,juice_shop,trivy,engine.io: Specially crafted HTTP request can trigger an uncaught exception,medium,CVE-2022-41940,CWE-248,Node.js,,,,,False,,False,,0.0,engine.io,"3.6.1, 6.2.1","Engine.IO is the implementation of transport-based cross-browser/cross-device bi-directional communication layer for Socket.IO. A specially crafted HTTP request can trigger an uncaught exception on the Engine.IO server, thus killing the Node.js process. This impacts all the users of the engine.io package, including those who uses depending packages like socket.io. There is no known workaround except upgrading to a safe version. There are patches for this issue released in versions 3.6.1 and 6.2.1.","[first_aid] Apply the vendor security patch for CVE-2022-41940; if unavailable, isolate the container and restrict egress. | [full_remediation] Upgrade package engine.io from 4.1.2 to 3.6.1, 6.2.1 (fixed version) in the image and rebuild/redeploy. | [scanner_guidance] Upgrade engine.io from 4.1.2 to 3.6.1, 6.2.1"
107,35.7,P4,720,appsec-web,juice_shop,trivy,lodash: Lodash: Prototype pollution allows deletion of built-in prototype properties via array path bypass,medium,CVE-2026-2950,CWE-1321,Node.js,,,,,False,,False,,0.0,lodash,4.18.0,"Impact:

Lodash versions 4.17.23 and earlier are vulnerable to prototype pollution in the _.unset and _.omit functions. The fix for (CVE-2025-13465: https://github.com/lodash/lodash/security/advisories/GHSA-xxjr-mmjv-4gpg) only guards against string key members, so an attacker can bypass the check by passing array-wrapped path segments. This allows deletion of properties from built-in prototypes such as Object.prototype, Number.prototype, and String.prototype.

The issue permits deletion of prototype properties but does not allow overwriting their original behavior.

Patches:

This issue is patched in 4.18.0.

Workarounds:

None. Upgrade to the patched version.","[first_aid] Apply the vendor security patch for CVE-2026-2950; if unavailable, isolate the container and restrict egress. | [full_remediation] Upgrade package lodash from 2.4.2 to 4.18.0 (fixed version) in the image and rebuild/redeploy. | [scanner_guidance] Upgrade lodash from 2.4.2 to 4.18.0"
108,35.7,P4,720,appsec-web,juice_shop,trivy,minimatch: Minimatch: Denial of Service via catastrophic backtracking in glob expressions,high,CVE-2026-27904,CWE-1333,Node.js,,,,,False,,False,,0.0,minimatch,"10.2.3, 9.0.7, 8.0.6, 7.4.8, 6.2.2, 5.1.8, 4.2.5, 3.1.4","minimatch is a minimal matching utility for converting glob expressions into JavaScript RegExp objects. Prior to version 10.2.3, 9.0.7, 8.0.6, 7.4.8, 6.2.2, 5.1.8, 4.2.5, and 3.1.4, nested `*()` extglobs produce regexps with nested unbounded quantifiers (e.g. `(?:(?:a|b)*)*`), which exhibit catastrophic backtracking in V8. With a 12-byte pattern `*(*(*(a|b)))` and an 18-byte non-matching input, `minimatch()` stalls for over 7 seconds. Adding a single nesting level or a few input characters pushes this to minutes. This is the most severe finding: it is triggered by the default `minimatch()` API with no special options, and the minimum viable pattern is only 12 bytes. The same issue affects `+()` extglobs equally. Versions 10.2.3, 9.0.7, 8.0.6, 7.4.8, 6.2.2, 5.1.8, 4.2.5, and 3.1.4 fix the issue.","[first_aid] Apply the vendor security patch for CVE-2026-27904; if unavailable, isolate the container and restrict egress. | [full_remediation] Upgrade package minimatch from 3.0.5 to 10.2.3, 9.0.7, 8.0.6, 7.4.8, 6.2.2, 5.1.8, 4.2.5, 3.1.4 (fixed version) in the i | [scanner_guidance] Upgrade minimatch from 3.0.5 to 10.2.3, 9.0.7, 8.0.6, 7.4.8, 6.2.2, 5.1.8, 4.2.5, 3.1.4"
109,35.7,P4,720,appsec-web,juice_shop,trivy,moment.js: regular expression denial of service,medium,CVE-2016-4055,CWE-400,Node.js,,,,,False,,False,,0.0,moment,>=2.11.2,"The duration function in the moment package before 2.11.2 for Node.js allows remote attackers to cause a denial of service (CPU consumption) via a long string, aka a ""regular expression Denial of Service (ReDoS).""","[first_aid] Apply the vendor security patch for CVE-2016-4055; if unavailable, isolate the container and restrict egress. | [full_remediation] Upgrade package moment from 2.0.0 to >=2.11.2 (fixed version) in the image and rebuild/redeploy. | [scanner_guidance] Upgrade moment from 2.0.0 to >=2.11.2"
110,35.7,P4,720,appsec-web,juice_shop,trivy,undici: undici: Response desynchronization via retry interceptor with mismatched Content-Length,medium,CVE-2026-16728,CWE-444,Node.js,,,,,False,,False,,0.0,undici,"6.28.0, 7.29.0, 8.9.0","undici's retry interceptor can deliver a response whose body length does not match the Content-Length header exposed to the application after a retry or resume of a partial response. In undici before 6.28.0, from 7.0.0 up to before 7.29.0, and from 8.0.0 up to before 8.9.0, a malicious or faulty upstream can return a partial response with a mismatched framing header, close the socket early, and have the retry interceptor assemble a body of a different length while the original Content-Length stays attached. Applications that use the retry interceptor and forward upstream headers and bodies downstream, such as proxies or gateways, may then emit an invalid HTTP response with a stale Content-Length, leading to downstream response desynchronization, connection hangs, or response corruption. Exploitation requires the retry interceptor enabled, an upstream returning a mismatched partial response, and a downstream forwarder that does not remove or recalculate Content-Length. The issue is fixed in undici 6.28.0, 7.29.0, and 8.9.0.","[first_aid] Apply the vendor security patch for CVE-2026-16728; if unavailable, isolate the container and restrict egress. | [full_remediation] Upgrade package undici from 5.29.0 to 6.28.0, 7.29.0, 8.9.0 (fixed version) in the image and rebuild/redeploy. | [scanner_guidance] Upgrade undici from 5.29.0 to 6.28.0, 7.29.0, 8.9.0"
111,35.5,P4,720,appsec-legacy,bwapp,trivy,php: libxml_disable_entity_loader setting is shared between threads,medium,CVE-2015-8866,CWE-611,raesene/bwapp:latest (ubuntu 14.04),,,,,False,,False,,0.798,libapache2-mod-php5,5.5.9+dfsg-1ubuntu4.16,"ext/libxml/libxml.c in PHP before 5.5.22 and 5.6.x before 5.6.6, when PHP-FPM is used, does not isolate each thread from libxml_disable_entity_loader changes in other threads, which allows remote attackers to conduct XML External Entity (XXE) and XML Entity Expansion (XEE) attacks via a crafted XML document, a related issue to CVE-2015-5161.","[first_aid] Apply the vendor security patch for CVE-2015-8866; if unavailable, isolate the container and restrict egress. | [full_remediation] Upgrade package libapache2-mod-php5 from 5.5.9+dfsg-1ubuntu4.14 to 5.5.9+dfsg-1ubuntu4.16 (fixed version) in the image a | [scanner_guidance] Upgrade libapache2-mod-php5 from 5.5.9+dfsg-1ubuntu4.14 to 5.5.9+dfsg-1ubuntu4.16"
112,35.5,P4,720,appsec-web,juice_shop,trivy,decompress: Decompress: Arbitrary file write leading to remote code execution via crafted ZIP archive (Zip Slip),medium,CVE-2026-10732,CWE-29,Node.js,,,,,False,,False,,0.0,decompress,,"All versions of the package decompress are vulnerable to Arbitrary File Write via Archive Extraction (Zip Slip) when extracting a ZIP archive containing two entries with the same path - the first being a symlink to an arbitrary target and the second being a regular file - the file content is written through the symlink to the target location outside the output directory. This is due to the microtask processing order that checks readlink for the second file before resolving symlink for the first file. An attacker can write arbitrary file on the host filesystem potentially leading to remote code execution by providing a specially crafted ZIP archive.**Note:**This bypasses all existing path traversal protections including preventWritingThroughSymlink, added as a part of the fix for [CVE-2020-12265](https://security.snyk.io/vuln/SNYK-JS-DECOMPRESS-557358).","[first_aid] Disable or restrict the affected functionality/endpoint at the perimeter (WAF rule, network ACL, feature flag) while the | [full_remediation] Patch or upgrade the affected component to the latest fixed version and re-run the scan to confirm the finding is gone. | [scanner_guidance] decompress: Decompress: Arbitrary file write leading to remote code execution via crafted ZIP archive (Zip Slip)"
113,35.5,P4,720,appsec-web,juice_shop,trivy,Sandbox escape in notevil and argencoders-notevil,medium,CVE-2021-23771,CWE-1321,Node.js,,,,,False,,False,,0.0,notevil,,"This affects all versions of package notevil; all versions of package argencoders-notevil. It is vulnerable to Sandbox Escape leading to Prototype pollution. The package fails to restrict access to the main context, allowing an attacker to add or modify an object's prototype. **Note:** This vulnerability derives from an incomplete fix in [SNYK-JS-NOTEVIL-608878](https://security.snyk.io/vuln/SNYK-JS-NOTEVIL-608878).","[first_aid] Disable or restrict the affected functionality/endpoint at the perimeter (WAF rule, network ACL, feature flag) while the | [full_remediation] Patch or upgrade the affected component to the latest fixed version and re-run the scan to confirm the finding is gone. | [scanner_guidance] Sandbox escape in notevil and argencoders-notevil"
114,35.3,P4,720,appsec-web,juice_shop,trivy,node-tar: hardlink path traversal via drive-relative linkpath,high,CVE-2026-29786,CWE-22,Node.js,,,,,False,,False,,0.798,tar,7.5.10,"node-tar is a full-featured Tar for Node.js. Prior to version 7.5.10, tar can be tricked into creating a hardlink that points outside the extraction directory by using a drive-relative link target such as C:../target.txt, which enables file overwrite outside cwd during normal tar.x() extraction. This issue has been patched in version 7.5.10.","[first_aid] Apply the vendor security patch for CVE-2026-29786; if unavailable, isolate the container and restrict egress. | [full_remediation] Upgrade package tar from 6.2.1 to 7.5.10 (fixed version) in the image and rebuild/redeploy. | [scanner_guidance] Upgrade tar from 6.2.1 to 7.5.10"
115,35.0,P4,720,appsec-node,nodegoat,trivy,node-tar: tar: node-tar: Arbitrary file creation via path traversal bypass in hardlink security check,high,CVE-2026-24842,CWE-22,Node.js,,,,,False,,False,,0.798,tar,7.5.7,"node-tar,a Tar for Node.js, contains a vulnerability in versions prior to 7.5.7 where the security check for hardlink entries uses different path resolution semantics than the actual hardlink creation logic. This mismatch allows an attacker to craft a malicious TAR archive that bypasses path traversal protections and creates hardlinks to arbitrary files outside the extraction directory. Version 7.5.7 contains a fix for the issue.","[first_aid] Apply the vendor security patch for CVE-2026-24842; if unavailable, isolate the container and restrict egress. | [full_remediation] Upgrade package tar from 4.4.19 to 7.5.7 (fixed version) in the image and rebuild/redeploy. | [scanner_guidance] Upgrade tar from 4.4.19 to 7.5.7"
116,34.7,P4,720,appsec-legacy,bwapp,trivy,Incorrect sanitation of the 302 redirect field in HTTP transport metho ...,high,CVE-2019-3462,,raesene/bwapp:latest (ubuntu 14.04),,,,,False,,False,,,apt,1.0.1ubuntu2.19,"Incorrect sanitation of the 302 redirect field in HTTP transport method of apt versions 1.4.8 and earlier can lead to content injection by a MITM attacker, potentially leading to remote code execution on the target machine.","[first_aid] Apply the vendor security patch for CVE-2019-3462; if unavailable, isolate the container and restrict egress. | [full_remediation] Upgrade package apt from 1.0.1ubuntu2.10 to 1.0.1ubuntu2.19 (fixed version) in the image and rebuild/redeploy. | [scanner_guidance] Upgrade apt from 1.0.1ubuntu2.10 to 1.0.1ubuntu2.19"
117,34.7,P4,720,appsec-legacy,bwapp,trivy,glibc: Incorrect handling of RPATH in elf/dl-load.c can be used to execute code loaded from arbitrary libraries,low,CVE-2017-16997,CWE-426,raesene/bwapp:latest (ubuntu 14.04),,,,,False,,False,,0.0,libc-bin,2.19-0ubuntu6.14,"elf/dl-load.c in the GNU C Library (aka glibc or libc6) 2.19 through 2.26 mishandles RPATH and RUNPATH containing $ORIGIN for a privileged (setuid or AT_SECURE) program, which allows local users to gain privileges via a Trojan horse library in the current working directory, related to the fillin_rpath and decompose_rpath functions. This is associated with misinterpretion of an empty RPATH/RUNPATH token as the ""./"" directory. NOTE: this configuration of RPATH/RUNPATH for a privileged program is apparently very uncommon; most likely, no such program is shipped with any common Linux distribution.","[first_aid] Apply the vendor security patch for CVE-2017-16997; if unavailable, isolate the container and restrict egress. | [full_remediation] Upgrade package libc-bin from 2.19-0ubuntu6.6 to 2.19-0ubuntu6.14 (fixed version) in the image and rebuild/redeploy. | [scanner_guidance] Upgrade libc-bin from 2.19-0ubuntu6.6 to 2.19-0ubuntu6.14"
118,34.7,P4,720,appsec-web,juice_shop,trivy,Cross-Site Scripting in sanitize-html,medium,CVE-2017-16016,CWE-79,Node.js,,,,,False,,False,,0.456,sanitize-html,1.11.4,"Sanitize-html is a library for scrubbing html input of malicious values. Versions 1.11.1 and below are vulnerable to cross site scripting (XSS) in certain scenarios: If allowed at least one nonTextTags, the result is a potential XSS vulnerability.","[first_aid] Apply the vendor security patch for CVE-2017-16016; if unavailable, isolate the container and restrict egress. | [full_remediation] Upgrade package sanitize-html from 1.4.2 to 1.11.4 (fixed version) in the image and rebuild/redeploy. | [scanner_guidance] Upgrade sanitize-html from 1.4.2 to 1.11.4"
119,34.7,P4,720,appsec-web,juice_shop,trivy,sanitize-html: sanitize-html cross site scripting,medium,CVE-2019-25225,CWE-79,Node.js,,,,,False,,False,,0.456,sanitize-html,2.0.0-beta,"`sanitize-html` prior to version 2.0.0-beta is vulnerable to Cross-site Scripting (XSS). The `sanitizeHtml()` function in `index.js` does not sanitize content when using the custom `transformTags` option, which is intended to convert attribute values into text. As a result, malicious input can be transformed into executable code.","[first_aid] Apply the vendor security patch for CVE-2019-25225; if unavailable, isolate the container and restrict egress. | [full_remediation] Upgrade package sanitize-html from 1.4.2 to 2.0.0-beta (fixed version) in the image and rebuild/redeploy. | [scanner_guidance] Upgrade sanitize-html from 1.4.2 to 2.0.0-beta"
120,34.7,P4,720,appsec-web,juice_shop,trivy,node-tar: tar: node-tar: Arbitrary file overwrite and symlink poisoning via unsanitized linkpaths in archives,high,CVE-2026-23745,CWE-22,Node.js,,,,,False,,False,,0.798,tar,7.5.3,"node-tar is a Tar for Node.js. The node-tar library (<= 7.5.2) fails to sanitize the linkpath of Link (hardlink) and SymbolicLink entries when preservePaths is false (the default secure behavior). This allows malicious archives to bypass the extraction root restriction, leading to Arbitrary File Overwrite via hardlinks and Symlink Poisoning via absolute symlink targets. This vulnerability is fixed in 7.5.3.","[first_aid] Apply the vendor security patch for CVE-2026-23745; if unavailable, isolate the container and restrict egress. | [full_remediation] Upgrade package tar from 6.2.1 to 7.5.3 (fixed version) in the image and rebuild/redeploy. | [scanner_guidance] Upgrade tar from 6.2.1 to 7.5.3"
121,34.5,P4,720,appsec-web,juice_shop,trivy,Out-of-bounds Read in base64url,medium,GHSA-rvg8-pwq2-xj7q,,Node.js,,,,,False,,False,,,base64url,3.0.0,"Versions of `base64url` before 3.0.0 are vulnerable to to out-of-bounds reads as it allocates uninitialized Buffers when number is passed in input on Node.js 4.x and below.


## Recommendation

Update to version 3.0.0 or later.","[first_aid] Apply the vendor security patch for GHSA-rvg8-pwq2-xj7q; if unavailable, isolate the container and restrict egress. | [full_remediation] Upgrade package base64url from 0.0.6 to 3.0.0 (fixed version) in the image and rebuild/redeploy. | [scanner_guidance] Upgrade base64url from 0.0.6 to 3.0.0"
122,34.5,P4,720,appsec-web,juice_shop,trivy,Cross Site Scripting,medium,NSWG-ECO-154,,Node.js,,,,,False,,False,,,sanitize-html,>=1.11.4,"Sanitize-html is a library for scrubbing html input of malicious values.

Versions 1.11.1 and below are vulnerable to cross site scripting (XSS) in certain scenarios:

If allowed at least one nonTextTags, the result is a potential XSS vulnerability.
PoC:

```
var sanitizeHtml = require('sanitize-html');

var dirty = '!<textarea>&lt;/textarea&gt;<svg/onload=prompt`xs`&gt;</textarea>!';
var clean = sanitizeHtml(dirty, {
    allowedTags: [ 'textarea' ]
});

console.log(clean);

// !<textarea></textarea><svg/onload=prompt`xs`></textarea>!
```","[first_aid] Apply the vendor security patch for NSWG-ECO-154; if unavailable, isolate the container and restrict egress. | [full_remediation] Upgrade package sanitize-html from 1.4.2 to >=1.11.4 (fixed version) in the image and rebuild/redeploy. | [scanner_guidance] Upgrade sanitize-html from 1.4.2 to >=1.11.4"
123,34.5,P4,720,appsec-node,nodegoat,trivy,Denial of Service in mongodb,high,GHSA-mh5c-679w-hh4r,,Node.js,,,,,False,,False,,,mongodb,3.1.13,"Versions of `mongodb` prior to 3.1.13 are vulnerable to Denial of Service. The package fails to properly catch an exception when a collection name is invalid and the DB does not exist, crashing the application.


## Recommendation

Upgrade to version 3.1.13 or later.","[first_aid] Apply the vendor security patch for GHSA-mh5c-679w-hh4r; if unavailable, isolate the container and restrict egress. | [full_remediation] Upgrade package mongodb from 2.2.36 to 3.1.13 (fixed version) in the image and rebuild/redeploy. | [scanner_guidance] Upgrade mongodb from 2.2.36 to 3.1.13"
124,34.5,P4,720,appsec-node,nodegoat,wapiti,Cleartext Submission of Password: Password field password sent in clear text from URL http://nodegoat:4000/login,high,,CWE-319,/login,password,,,,False,,False,,0.0,,,"A password was submitted to the application using an unencrypted HTTP connection. This makes the password vulnerable to eavesdropping by attackers on the network, potentially leading to account compromise or further attacks.",[first_aid] Force HTTPS on all endpoints (HSTS) and disable cleartext listeners. | [full_remediation] Serve everything over TLS with modern ciphers; migrate internal links to HTTPS. | [scanner_guidance] Ensure that all password submissions and sensitive data transmissions are performed exclusively over HTTPS (HTTP Secure)
125,34.5,P4,720,appsec-node,nodegoat,wapiti,Cleartext Submission of Password: Password field password sent in clear text from URL http://nodegoat:4000/signup,high,,CWE-319,/signup,password,,,,False,,False,,0.0,,,"A password was submitted to the application using an unencrypted HTTP connection. This makes the password vulnerable to eavesdropping by attackers on the network, potentially leading to account compromise or further attacks.",[first_aid] Force HTTPS on all endpoints (HSTS) and disable cleartext listeners. | [full_remediation] Serve everything over TLS with modern ciphers; migrate internal links to HTTPS. | [scanner_guidance] Ensure that all password submissions and sensitive data transmissions are performed exclusively over HTTPS (HTTP Secure)
126,34.5,P4,720,appsec-node,nodegoat,wapiti,Cleartext Submission of Password: Password field verify sent in clear text from URL http://nodegoat:4000/signup,high,,CWE-319,/signup,verify,,,,False,,False,,0.0,,,"A password was submitted to the application using an unencrypted HTTP connection. This makes the password vulnerable to eavesdropping by attackers on the network, potentially leading to account compromise or further attacks.",[first_aid] Force HTTPS on all endpoints (HSTS) and disable cleartext listeners. | [full_remediation] Serve everything over TLS with modern ciphers; migrate internal links to HTTPS. | [scanner_guidance] Ensure that all password submissions and sensitive data transmissions are performed exclusively over HTTPS (HTTP Secure)
127,34.3,P4,720,appsec-web,juice_shop,trivy,glibc: glibc: Out-of-bounds write via TSIG record processing,medium,CVE-2026-5435,CWE-787,bkimminich/juice-shop:latest (debian 13.6),,,,,False,,False,,0.0,libc6,,"The deprecated functions ns_printrrf, ns_printrr and fp_nquery in the GNU C Library version 2.2 and newer fail to enforce the caller-supplied buffer length, and can result in an out-of-bounds write when printing TSIG records.","[first_aid] Disable or restrict the affected functionality/endpoint at the perimeter (WAF rule, network ACL, feature flag) while the | [full_remediation] Patch or upgrade the affected component to the latest fixed version and re-run the scan to confirm the finding is gone. | [scanner_guidance] glibc: glibc: Out-of-bounds write via TSIG record processing"
128,34.3,P4,720,appsec-web,juice_shop,trivy,glibc: Glibc: Denial of Service via stack exhaustion during tilde expansion,medium,CVE-2026-6791,CWE-121,bkimminich/juice-shop:latest (debian 13.6),,,,,False,,False,,0.0,libc6,,"When expanding paths that begin with a tilde (~) followed by a username, the internal parse_tilde function extracts the username to determine the user's home directory.  The implementation allocates memory for this username directly on the stack using the strndupa macro. Because the size of this allocation was determined by the length of the user-supplied input without any bounds checks, passing an excessively long username e.g. thousands of characters, forces the thread to exhaust its stack space. Thus if an application passes untrusted, attacker-controlled input to the wordexp function, an attacker can trigger a stack clash.","[first_aid] Disable or restrict the affected functionality/endpoint at the perimeter (WAF rule, network ACL, feature flag) while the | [full_remediation] Patch or upgrade the affected component to the latest fixed version and re-run the scan to confirm the finding is gone. | [scanner_guidance] glibc: Glibc: Denial of Service via stack exhaustion during tilde expansion"
129,34.3,P4,720,appsec-web,juice_shop,trivy,minimatch: minimatch: Denial of Service due to unbounded recursive backtracking via crafted glob patterns,high,CVE-2026-27903,CWE-407,Node.js,,,,,False,,False,,0.0,minimatch,"10.2.3, 9.0.7, 8.0.6, 7.4.8, 6.2.2, 5.1.8, 4.2.5, 3.1.3","minimatch is a minimal matching utility for converting glob expressions into JavaScript RegExp objects. Prior to version 10.2.3, 9.0.7, 8.0.6, 7.4.8, 6.2.2, 5.1.8, 4.2.5, and 3.1.3, `matchOne()` performs unbounded recursive backtracking when a glob pattern contains multiple non-adjacent `**` (GLOBSTAR) segments and the input path does not match. The time complexity is O(C(n, k)) -- binomial -- where `n` is the number of path segments and `k` is the number of globstars. With k=11 and n=30, a call to the default `minimatch()` API stalls for roughly 5 seconds. With k=13, it exceeds 15 seconds. No memoization or call budget exists to bound this behavior. Any application where an attacker can influence the glob pattern passed to `minimatch()` is vulnerable. The realistic attack surface includes build tools and task runners that accept user-supplied glob arguments (ESLint, Webpack, Rollup config), multi-tenant systems where one tenant configures glob-based rules that run in a shared process, admin or developer interfaces that accept ignore-rule or filter configuration as globs, and CI/CD pipelines that evaluate user-submitted config files containing glob patterns. An attacker who can place a crafted pattern into any of these paths can stall the Node.js event loop for tens of seconds per invocation. The pattern is 56 bytes for a 5-second stall and does not require authentication in contexts where pattern input is part of the feature. Versions 10.2.3, 9.0.7, 8.0.6, 7.4.8, 6.2.2, 5.1.8, 4.2.5, and 3.1.3 fix the issue.","[first_aid] Apply the vendor security patch for CVE-2026-27903; if unavailable, isolate the container and restrict egress. | [full_remediation] Upgrade package minimatch from 3.0.5 to 10.2.3, 9.0.7, 8.0.6, 7.4.8, 6.2.2, 5.1.8, 4.2.5, 3.1.3 (fixed version) in the i | [scanner_guidance] Upgrade minimatch from 3.0.5 to 10.2.3, 9.0.7, 8.0.6, 7.4.8, 6.2.2, 5.1.8, 4.2.5, 3.1.3"
130,34.3,P4,720,appsec-web,juice_shop,trivy,node-tar: tar: node-tar: Arbitrary file overwrite via Unicode path collision race condition,high,CVE-2026-23950,CWE-176,Node.js,,,,,False,,False,,0.0,tar,7.5.4,"node-tar,a Tar for Node.js, has a race condition vulnerability in versions up to and including 7.5.3. This is due to an incomplete handling of Unicode path collisions in the `path-reservations` system. On case-insensitive or normalization-insensitive filesystems (such as macOS APFS, In which it has been tested), the library fails to lock colliding paths (e.g., `ß` and `ss`), allowing them to be processed in parallel. This bypasses the library's internal concurrency safeguards and permits Symlink Poisoning attacks via race conditions. The library uses a `PathReservations` system to ensure that metadata checks and file operations for the same path are serialized. This prevents race conditions where one entry might clobber another concurrently. This is a Race Condition which enables Arbitrary File Overwrite. This vulnerability affects users and systems using node-tar on macOS (APFS/HFS+). Because of using `NFD` Unicode normalization (in which `ß` and `ss` are different), conflicting paths do not have their order properly preserved under filesystems that ignore Unicode normalization (e.g., APFS (in which `ß` causes an inode collision with `ss`)). This enables an attacker to circumvent internal parallelization locks (`PathReservations`) using conflicting filenames within a malicious tar archive. The patch in version 7.5.4 updates `path-reservations.js` to use a normalization form that matches the target filesystem's behavior (e.g., `NFKD`), followed by first `toLocaleLowerCase('en')` and then `toLocaleUpperCase('en')`. As a workaround, users who cannot upgrade promptly, and who are programmatically using `node-tar` to extract arbitrary tarball data should filter out all `SymbolicLink` entries (as npm does) to defend against arbitrary file writes via this file system entry name collision issue.","[first_aid] Apply the vendor security patch for CVE-2026-23950; if unavailable, isolate the container and restrict egress. | [full_remediation] Upgrade package tar from 6.2.1 to 7.5.4 (fixed version) in the image and rebuild/redeploy. | [scanner_guidance] Upgrade tar from 6.2.1 to 7.5.4"
131,34.3,P4,720,appsec-web,juice_shop,trivy,undici: undici vulnerable to HTTP header injection via Set-Cookie percent-decoding,medium,CVE-2026-9679,CWE-93,Node.js,,,,,False,,False,,0.0,undici,"6.27.0, 7.28.0, 8.5.0","Impact:
undici's cookie parser in parseSetCookie percent-decodes cookie values via qsUnescape, turning encoded sequences like %0D%0A, %00, %3B, and %3D into their literal byte equivalents. RFC 6265 §5.4 does not specify any decoding and browsers do not decode either.

Applications that parse a Set-Cookie header and then forward the parsed value into a response header (proxies, middleware, SSR frameworks) become vulnerable to HTTP response header injection: an attacker-controlled upstream can inject arbitrary Set-Cookie, Location, or Cache-Control headers into the application's downstream response, enabling session fixation, open redirect, or cache poisoning.

Affected applications are those that use undici's cookie parsing (parseSetCookie, parseCookie, getSetCookies) and forward the parsed cookie value into a response header.

This was introduced in undici 7.0.0 via PR #3789.

Patches:
Upgrade to undici v6.26.0, v7.28.0 or v8.5.0.

Workarounds:
If upgrade is not immediately possible, do not forward values returned by parseSetCookie/parseCookie/getSetCookies directly into response headers; sanitize the value first to strip or reject CR, LF, NUL, ;, and = bytes.","[first_aid] Apply the vendor security patch for CVE-2026-9679; if unavailable, isolate the container and restrict egress. | [full_remediation] Upgrade package undici from 5.29.0 to 6.27.0, 7.28.0, 8.5.0 (fixed version) in the image and rebuild/redeploy. | [scanner_guidance] Upgrade undici from 5.29.0 to 6.27.0, 7.28.0, 8.5.0"
132,34.2,P4,720,appsec-legacy,bwapp,trivy,httpd: Uninitialized memory reflection in mod_auth_digest,medium,CVE-2017-9788,CWE-20,raesene/bwapp:latest (ubuntu 14.04),,,,,False,,False,,0.0,apache2,2.4.7-1ubuntu4.17,"In Apache httpd before 2.2.34 and 2.4.x before 2.4.27, the value placeholder in [Proxy-]Authorization headers of type 'Digest' was not initialized or reset before or between successive key=value assignments by mod_auth_digest. Providing an initial key with no '=' assignment could reflect the stale value of uninitialized pool memory used by the prior request, leading to leakage of potentially confidential information, and a segfault in other cases resulting in denial of service.","[first_aid] Apply the vendor security patch for CVE-2017-9788; if unavailable, isolate the container and restrict egress. | [full_remediation] Upgrade package apache2 from 2.4.7-1ubuntu4.9 to 2.4.7-1ubuntu4.17 (fixed version) in the image and rebuild/redeploy. | [scanner_guidance] Upgrade apache2 from 2.4.7-1ubuntu4.9 to 2.4.7-1ubuntu4.17"
133,34.2,P4,720,appsec-legacy,bwapp,trivy,php: out-of-bounds write in fpm_log.c,low,CVE-2016-5114,CWE-119,raesene/bwapp:latest (ubuntu 14.04),,,,,False,,False,,0.0,libapache2-mod-php5,5.5.9+dfsg-1ubuntu4.19,"sapi/fpm/fpm/fpm_log.c in PHP before 5.5.31, 5.6.x before 5.6.17, and 7.x before 7.0.2 misinterprets the semantics of the snprintf return value, which allows attackers to obtain sensitive information from process memory or cause a denial of service (out-of-bounds read and buffer overflow) via a long string, as demonstrated by a long URI in a configuration with custom REQUEST_URI logging.","[first_aid] Apply the vendor security patch for CVE-2016-5114; if unavailable, isolate the container and restrict egress. | [full_remediation] Upgrade package libapache2-mod-php5 from 5.5.9+dfsg-1ubuntu4.14 to 5.5.9+dfsg-1ubuntu4.19 (fixed version) in the image a | [scanner_guidance] Upgrade libapache2-mod-php5 from 5.5.9+dfsg-1ubuntu4.14 to 5.5.9+dfsg-1ubuntu4.19"
134,34.2,P4,720,appsec-legacy,bwapp,trivy,curl: IMAP FETCH response out of bounds read,medium,CVE-2017-1000257,CWE-119,raesene/bwapp:latest (ubuntu 14.04),,,,,False,,False,,0.0,libcurl3-gnutls,7.35.0-1ubuntu2.12,"An IMAP FETCH response line indicates the size of the returned data, in number of bytes. When that response says the data is zero bytes, libcurl would pass on that (non-existing) data with a pointer and the size (zero) to the deliver-data function. libcurl's deliver-data function treats zero as a magic number and invokes strlen() on the data to figure out the length. The strlen() is called on a heap based buffer that might not be zero terminated so libcurl might read beyond the end of it into whatever memory lies after (or just crash) and then deliver that to the application as if it was actually downloaded.","[first_aid] Apply the vendor security patch for CVE-2017-1000257; if unavailable, isolate the container and restrict egress. | [full_remediation] Upgrade package libcurl3-gnutls from 7.35.0-1ubuntu2.6 to 7.35.0-1ubuntu2.12 (fixed version) in the image and rebuild/re | [scanner_guidance] Upgrade libcurl3-gnutls from 7.35.0-1ubuntu2.6 to 7.35.0-1ubuntu2.12"
135,34.2,P4,720,appsec-legacy,bwapp,trivy,curl: RTSP RTP buffer over-read,medium,CVE-2018-1000122,CWE-125,raesene/bwapp:latest (ubuntu 14.04),,,,,False,,False,,0.0,libcurl3-gnutls,7.35.0-1ubuntu2.15,A buffer over-read exists in curl 7.20.0 to and including curl 7.58.0 in the RTSP+RTP handling code that allows an attacker to cause a denial of service or information leakage,"[first_aid] Apply the vendor security patch for CVE-2018-1000122; if unavailable, isolate the container and restrict egress. | [full_remediation] Upgrade package libcurl3-gnutls from 7.35.0-1ubuntu2.6 to 7.35.0-1ubuntu2.15 (fixed version) in the image and rebuild/re | [scanner_guidance] Upgrade libcurl3-gnutls from 7.35.0-1ubuntu2.6 to 7.35.0-1ubuntu2.15"
136,34.2,P4,720,appsec-legacy,bwapp,trivy,perl: Buffer over-read in regular expression parser,medium,CVE-2017-12883,CWE-119,raesene/bwapp:latest (ubuntu 14.04),,,,,False,,False,,0.0,perl,5.18.2-2ubuntu1.3,Buffer overflow in the S_grok_bslash_N function in regcomp.c in Perl 5 before 5.24.3-RC1 and 5.26.x before 5.26.1-RC1 allows remote attackers to disclose sensitive information or cause a denial of service (application crash) via a crafted regular expression with an invalid '\N{U+...}' escape.,"[first_aid] Apply the vendor security patch for CVE-2017-12883; if unavailable, isolate the container and restrict egress. | [full_remediation] Upgrade package perl from 5.18.2-2ubuntu1 to 5.18.2-2ubuntu1.3 (fixed version) in the image and rebuild/redeploy. | [scanner_guidance] Upgrade perl from 5.18.2-2ubuntu1 to 5.18.2-2ubuntu1.3"
137,34.0,P4,720,appsec-legacy,bwapp,trivy,git: cvsserver command injection,medium,CVE-2017-14867,CWE-78,raesene/bwapp:latest (ubuntu 14.04),,,,,False,,False,,0.95,git,1:1.9.1-1ubuntu0.7,"Git before 2.10.5, 2.11.x before 2.11.4, 2.12.x before 2.12.5, 2.13.x before 2.13.6, and 2.14.x before 2.14.2 uses unsafe Perl scripts to support subcommands such as cvsserver, which allows attackers to execute arbitrary OS commands via shell metacharacters in a module name. The vulnerable code is reachable via git-shell even without CVS support.","[first_aid] Apply the vendor security patch for CVE-2017-14867; if unavailable, isolate the container and restrict egress. | [full_remediation] Upgrade package git from 1:1.9.1-1ubuntu0.2 to 1:1.9.1-1ubuntu0.7 (fixed version) in the image and rebuild/redeploy. | [scanner_guidance] Upgrade git from 1:1.9.1-1ubuntu0.2 to 1:1.9.1-1ubuntu0.7"
138,34.0,P4,720,appsec-legacy,bwapp,trivy,pcre: inefficient posix character class syntax check (8.38/16),low,CVE-2015-8391,CWE-119,raesene/bwapp:latest (ubuntu 14.04),,,,,False,,False,,0.0,libpcre3,1:8.31-2ubuntu2.2,"The pcre_compile function in pcre_compile.c in PCRE before 8.38 mishandles certain [: nesting, which allows remote attackers to cause a denial of service (CPU consumption) or possibly have unspecified other impact via a crafted regular expression, as demonstrated by a JavaScript RegExp object encountered by Konqueror.","[first_aid] Apply the vendor security patch for CVE-2015-8391; if unavailable, isolate the container and restrict egress. | [full_remediation] Upgrade package libpcre3 from 1:8.31-2ubuntu2.1 to 1:8.31-2ubuntu2.2 (fixed version) in the image and rebuild/redeploy. | [scanner_guidance] Upgrade libpcre3 from 1:8.31-2ubuntu2.1 to 1:8.31-2ubuntu2.2"
139,34.0,P4,720,appsec-node,nodegoat,trivy,nodejs-ansi-regex: Regular expression denial of service (ReDoS) matching ANSI escape codes,high,CVE-2021-3807,CWE-1333,Node.js,,,,,False,,False,,0.0,ansi-regex,"6.0.1, 5.0.1, 4.1.1, 3.0.1",ansi-regex is vulnerable to Inefficient Regular Expression Complexity,"[first_aid] Apply the vendor security patch for CVE-2021-3807; if unavailable, isolate the container and restrict egress. | [full_remediation] Upgrade package ansi-regex from 3.0.0 to 6.0.1, 5.0.1, 4.1.1, 3.0.1 (fixed version) in the image and rebuild/redeploy. | [scanner_guidance] Upgrade ansi-regex from 3.0.0 to 6.0.1, 5.0.1, 4.1.1, 3.0.1"
140,34.0,P4,720,appsec-node,nodegoat,trivy,The uglify-js package before 2.6.0 for Node.js allows attackers to cau ...,medium,CVE-2015-8858,CWE-399,Node.js,,,,,False,,False,,0.0,uglify-js,>=2.6.0,"The uglify-js package before 2.6.0 for Node.js allows attackers to cause a denial of service (CPU consumption) via crafted input in a parse call, aka a ""regular expression denial of service (ReDoS).""","[first_aid] Apply the vendor security patch for CVE-2015-8858; if unavailable, isolate the container and restrict egress. | [full_remediation] Upgrade package uglify-js from 2.4.24 to >=2.6.0 (fixed version) in the image and rebuild/redeploy. | [scanner_guidance] Upgrade uglify-js from 2.4.24 to >=2.6.0"
141,33.5,P4,720,appsec-legacy,bwapp,trivy,ntp: Potential Overflows in ctl_put() functions,low,CVE-2017-6458,CWE-119,raesene/bwapp:latest (ubuntu 14.04),,,,,False,,False,,0.0,ntpdate,1:4.2.6.p5+dfsg-3ubuntu2.14.04.11,Multiple buffer overflows in the ctl_put* functions in NTP before 4.2.8p10 and 4.3.x before 4.3.94 allow remote authenticated users to have unspecified impact via a long variable.,"[first_aid] Apply the vendor security patch for CVE-2017-6458; if unavailable, isolate the container and restrict egress. | [full_remediation] Upgrade package ntpdate from 1:4.2.6.p5+dfsg-3ubuntu2.14.04.6 to 1:4.2.6.p5+dfsg-3ubuntu2.14.04.11 (fixed version) in th | [scanner_guidance] Upgrade ntpdate from 1:4.2.6.p5+dfsg-3ubuntu2.14.04.6 to 1:4.2.6.p5+dfsg-3ubuntu2.14.04.11"
142,33.5,P4,720,appsec-legacy,bwapp,trivy,supervisor: Command injection via malicious XML-RPC request,medium,CVE-2017-11610,CWE-276,raesene/bwapp:latest (ubuntu 14.04),,,,,False,,False,,0.0,supervisor,3.0b2-1ubuntu0.1,"The XML-RPC server in supervisor before 3.0.1, 3.1.x before 3.1.4, 3.2.x before 3.2.4, and 3.3.x before 3.3.3 allows remote authenticated users to execute arbitrary commands via a crafted XML-RPC request, related to nested supervisord namespace lookups.","[first_aid] Apply the vendor security patch for CVE-2017-11610; if unavailable, isolate the container and restrict egress. | [full_remediation] Upgrade package supervisor from 3.0b2-1 to 3.0b2-1ubuntu0.1 (fixed version) in the image and rebuild/redeploy. | [scanner_guidance] Upgrade supervisor from 3.0b2-1 to 3.0b2-1ubuntu0.1"
143,33.5,P4,720,appsec-web,juice_shop,trivy,lodash: Prototype pollution in utilities function,high,CVE-2018-16487,CWE-400,Node.js,,,,,False,,False,,0.0,lodash,>=4.17.11,"A prototype pollution vulnerability was found in lodash <4.17.11 where the functions merge, mergeWith, and defaultsDeep can be tricked into adding or modifying properties of Object.prototype.","[first_aid] Apply the vendor security patch for CVE-2018-16487; if unavailable, isolate the container and restrict egress. | [full_remediation] Upgrade package lodash from 2.4.2 to >=4.17.11 (fixed version) in the image and rebuild/redeploy. | [scanner_guidance] Upgrade lodash from 2.4.2 to >=4.17.11"
144,33.3,P4,720,appsec-web,juice_shop,trivy,glibc: glibc: Process abort due to invalid memory in wordexp,medium,CVE-2026-6368,CWE-908,bkimminich/juice-shop:latest (debian 13.6),,,,,False,,False,,0.0,libc6,,"Calling wordexp with WRDE_APPEND in the GNU C Library version 2.0 to version 2.43 can cause the interface to return invalid memory in the we_wordv member, which on subsequent calls to wordfree may abort the process.","[first_aid] Disable or restrict the affected functionality/endpoint at the perimeter (WAF rule, network ACL, feature flag) while the | [full_remediation] Patch or upgrade the affected component to the latest fixed version and re-run the scan to confirm the finding is gone. | [scanner_guidance] glibc: glibc: Process abort due to invalid memory in wordexp"
145,33.3,P4,720,appsec-web,juice_shop,trivy,zlib: zlib: Denial of Service via infinite loop in CRC32 combine functions,medium,CVE-2026-27171,CWE-1284,bkimminich/juice-shop:latest (debian 13.6),,,,,False,,False,,0.0,zlib1g,,zlib before 1.3.2 allows CPU consumption via crc32_combine64 and crc32_combine_gen64 because x2nmodp can do right shifts within a loop that has no termination condition.,"[first_aid] Disable or restrict the affected functionality/endpoint at the perimeter (WAF rule, network ACL, feature flag) while the | [full_remediation] Patch or upgrade the affected component to the latest fixed version and re-run the scan to confirm the finding is gone. | [scanner_guidance] zlib: zlib: Denial of Service via infinite loop in CRC32 combine functions"
146,33.3,P4,720,appsec-web,juice_shop,trivy,decompress: Decompress: File disclosure and corruption via arbitrary hardlink creation,medium,CVE-2026-39243,CWE-59,Node.js,,,,,False,,False,,0.0,decompress,,"decompress before 4.2.2 allows arbitrary hardlink creation during archive extraction, enabling file read disclosure and file corruption. When processing hardlink entries (type === 'link'), the x.linkname field from the archive is passed directly to fs.link() without validation (index.js line 113). An attacker can craft an archive with a hardlink entry whose linkname is an absolute path to any file on the same filesystem. This creates a hardlink inside the extraction directory that shares the same inode as the target file, enabling both reading and overwriting the original file's content. Hardlinks are limited to files on the same filesystem and cannot target directories.","[first_aid] Disable or restrict the affected functionality/endpoint at the perimeter (WAF rule, network ACL, feature flag) while the | [full_remediation] Patch or upgrade the affected component to the latest fixed version and re-run the scan to confirm the finding is gone. | [scanner_guidance] decompress: Decompress: File disclosure and corruption via arbitrary hardlink creation"
147,33.3,P4,720,appsec-web,juice_shop,trivy,tar: tar: File overwrite via drive-relative symlink traversal,high,CVE-2026-31802,CWE-22,Node.js,,,,,False,,False,,0.798,tar,7.5.11,"node-tar is a full-featured Tar for Node.js. Prior to version 7.5.11, tar (npm) can be tricked into creating a symlink that points outside the extraction directory by using a drive-relative symlink target such as C:../../../target.txt, which enables file overwrite outside cwd during normal tar.x() extraction. This vulnerability is fixed in 7.5.11.","[first_aid] Apply the vendor security patch for CVE-2026-31802; if unavailable, isolate the container and restrict egress. | [full_remediation] Upgrade package tar from 6.2.1 to 7.5.11 (fixed version) in the image and rebuild/redeploy. | [scanner_guidance] Upgrade tar from 6.2.1 to 7.5.11"
148,33.3,P4,720,appsec-web,juice_shop,trivy,node-tar: node-tar: File smuggling due to inconsistent tar archive parsing,medium,CVE-2026-53655,CWE-436,Node.js,,,,,False,,False,,0.0,tar,7.5.16,"node-tar is a full-featured Tar for Node.js. Prior to 7.5.16, tar (node-tar) applies a PAX extended header's size= record (and other PAX overrides) to the next header entry of any type, including intermediary metadata headers such as a GNU long-name (L) or long-link (K) entry. Per POSIX pax, a PAX extended header (x) describes the next file entry, not the intermediary extension headers that may sit between the x header and the file it annotates. Because node-tar lets the PAX size override the byte length of an intervening L/K/x header, an attacker can desynchronize node-tar's stream cursor relative to every other mainstream tar implementation (GNU tar, libarchive/bsdtar, Python tarfile, and the now-fixed tar-rs / astral-tokio-tar). The result is a tar parser interpretation differential (CWE-436): a single crafted archive yields a different set of members under node-tar than under the reference tar tools. An attacker can use this to hide a member from one parser while it is visible to another, which defeats security tooling whose scanner and extractor disagree on archive contents (e.g. a malware/secret scanner that lists entries with one library while a downstream step extracts with another) This vulnerability is fixed in 7.5.16.","[first_aid] Apply the vendor security patch for CVE-2026-53655; if unavailable, isolate the container and restrict egress. | [full_remediation] Upgrade package tar from 6.2.1 to 7.5.16 (fixed version) in the image and rebuild/redeploy. | [scanner_guidance] Upgrade tar from 6.2.1 to 7.5.16"
149,33.3,P4,720,appsec-node,nodegoat,trivy,openssl: double free after calling PEM_read_bio_ex,high,CVE-2022-4450,CWE-415,nodegoat-web:latest (alpine 3.15.4),,,,,False,,False,,0.0,libcrypto1.1,1.1.1t-r0,"The function PEM_read_bio_ex() reads a PEM file from a BIO and parses and
decodes the ""name"" (e.g. ""CERTIFICATE""), any header data and the payload data.
If the function succeeds then the ""name_out"", ""header"" and ""data"" arguments are
populated with pointers to buffers containing the relevant decoded data. The
caller is responsible for freeing those buffers. It is possible to construct a
PEM file that results in 0 bytes of payload data. In this case PEM_read_bio_ex()
will return a failure code but will populate the header argument with a pointer
to a buffer that has already been freed. If the caller also frees this buffer
then a double free will occur. This will most likely lead to a crash. This
could be exploited by an attacker who has the ability to supply malicious PEM
files for parsing to achieve a denial of service attack.

The functions PEM_read_bio() and PEM_read() are simple wrappers around
PEM_read_bio_ex() and therefore these functions are also directly affected.

These functions are also called indirectly by a number of other OpenSSL
functions including PEM_X509_INFO_read_bio_ex() and
SSL_CTX_use_serverinfo_file() which are also vulnerable. Some OpenSSL internal
uses of these functions are not vulnerable because the caller does not free the
header argument if PEM_read_bio_ex() returns a failure code. These locations
include the PEM_read_bio_TYPE() functions as well as the decoders introduced in
OpenSSL 3.0.

The OpenSSL asn1parse command line application is also impacted by this issue.","[first_aid] Apply the vendor security patch for CVE-2022-4450; if unavailable, isolate the container and restrict egress. | [full_remediation] Upgrade package libcrypto1.1 from 1.1.1n-r0 to 1.1.1t-r0 (fixed version) in the image and rebuild/redeploy. | [scanner_guidance] Upgrade libcrypto1.1 from 1.1.1n-r0 to 1.1.1t-r0"
150,33.3,P4,720,appsec-node,nodegoat,trivy,openssl: use-after-free following BIO_new_NDEF,high,CVE-2023-0215,CWE-416,nodegoat-web:latest (alpine 3.15.4),,,,,False,,False,,0.0,libcrypto1.1,1.1.1t-r0,"The public API function BIO_new_NDEF is a helper function used for streaming
ASN.1 data via a BIO. It is primarily used internally to OpenSSL to support the
SMIME, CMS and PKCS7 streaming capabilities, but may also be called directly by
end user applications.

The function receives a BIO from the caller, prepends a new BIO_f_asn1 filter
BIO onto the front of it to form a BIO chain, and then returns the new head of
the BIO chain to the caller. Under certain conditions, for example if a CMS
recipient public key is invalid, the new filter BIO is freed and the function
returns a NULL result indicating a failure. However, in this case, the BIO chain
is not properly cleaned up and the BIO passed by the caller still retains
internal pointers to the previously freed filter BIO. If the caller then goes on
to call BIO_pop() on the BIO then a use-after-free will occur. This will most
likely result in a crash.



This scenario occurs directly in the internal function B64_write_ASN1() which
may cause BIO_new_NDEF() to be called and will subsequently call BIO_pop() on
the BIO. This internal function is in turn called by the public API functions
PEM_write_bio_ASN1_stream, PEM_write_bio_CMS_stream, PEM_write_bio_PKCS7_stream,
SMIME_write_ASN1, SMIME_write_CMS and SMIME_write_PKCS7.

Other public API functions that may be impacted by this include
i2d_ASN1_bio_stream, BIO_new_CMS, BIO_new_PKCS7, i2d_CMS_bio_stream and
i2d_PKCS7_bio_stream.

The OpenSSL cms and smime command line applications are similarly affected.","[first_aid] Apply the vendor security patch for CVE-2023-0215; if unavailable, isolate the container and restrict egress. | [full_remediation] Upgrade package libcrypto1.1 from 1.1.1n-r0 to 1.1.1t-r0 (fixed version) in the image and rebuild/redeploy. | [scanner_guidance] Upgrade libcrypto1.1 from 1.1.1n-r0 to 1.1.1t-r0"
151,33.3,P4,720,appsec-node,nodegoat,trivy,openssl: Denial of service by excessive resource usage in verifying X509 policy constraints,high,CVE-2023-0464,CWE-295,nodegoat-web:latest (alpine 3.15.4),,,,,False,,False,,0.0,libcrypto1.1,1.1.1t-r2,"A security vulnerability has been identified in all supported versions

of OpenSSL related to the verification of X.509 certificate chains
that include policy constraints.  Attackers may be able to exploit this
vulnerability by creating a malicious certificate chain that triggers
exponential use of computational resources, leading to a denial-of-service
(DoS) attack on affected systems.

Policy processing is disabled by default but can be enabled by passing
the `-policy' argument to the command line utilities or by calling the
`X509_VERIFY_PARAM_set1_policies()' function.","[first_aid] Apply the vendor security patch for CVE-2023-0464; if unavailable, isolate the container and restrict egress. | [full_remediation] Upgrade package libcrypto1.1 from 1.1.1n-r0 to 1.1.1t-r2 (fixed version) in the image and rebuild/redeploy. | [scanner_guidance] Upgrade libcrypto1.1 from 1.1.1n-r0 to 1.1.1t-r2"
152,33.3,P4,720,appsec-node,nodegoat,trivy,ajv: ReDoS via $data reference,medium,CVE-2025-69873,CWE-1333,Node.js,,,,,False,,False,,0.0,ajv,"8.18.0, 6.14.0","ajv (Another JSON Schema Validator) before 8.18.0 is vulnerable to Regular Expression Denial of Service (ReDoS) when the $data option is enabled. The pattern keyword accepts runtime data via JSON Pointer syntax ($data reference), which is passed directly to the JavaScript RegExp() constructor without validation. An attacker can inject a malicious regex pattern (e.g., ""^(a|a)*$"") combined with crafted input to cause catastrophic backtracking. A 31-character payload causes approximately 44 seconds of CPU blocking, with each additional character doubling execution time. This enables complete denial of service with a single HTTP request against any API using ajv with $data: true for dynamic schema validation. This issue is also fixed in version 6.14.0.","[first_aid] Apply the vendor security patch for CVE-2025-69873; if unavailable, isolate the container and restrict egress. | [full_remediation] Upgrade package ajv from 6.12.6 to 8.18.0, 6.14.0 (fixed version) in the image and rebuild/redeploy. | [scanner_guidance] Upgrade ajv from 6.12.6 to 8.18.0, 6.14.0"
153,33.3,P4,720,appsec-node,nodegoat,trivy,body-parser: Denial of Service Vulnerability in body-parser,high,CVE-2024-45590,CWE-405,Node.js,,,,,False,,False,,0.0,body-parser,1.20.3,"body-parser is Node.js body parsing middleware. body-parser <1.20.3 is vulnerable to denial of service when url encoding is enabled. A malicious actor using a specially crafted payload could flood the server with a large number of requests, resulting in denial of service. This issue is patched in 1.20.3.","[first_aid] Apply the vendor security patch for CVE-2024-45590; if unavailable, isolate the container and restrict egress. | [full_remediation] Upgrade package body-parser from 1.18.3 to 1.20.3 (fixed version) in the image and rebuild/redeploy. | [scanner_guidance] Upgrade body-parser from 1.18.3 to 1.20.3"
154,33.3,P4,720,appsec-node,nodegoat,trivy,brace-expansion: Brace-expansion: Denial of Service due to exponential-time complexity,high,CVE-2026-13149,CWE-400,Node.js,,,,,False,,False,,0.0,brace-expansion,"5.0.7, 1.1.16, 2.1.2","brace-expansion through 5.0.6 is vulnerable to denial of service. The expand() function exhibits exponential-time complexity in the number of consecutive non-expanding '{}' brace groups. An attacker who passes a crafted string to expand(), directly or transitively, can cause significant CPU consumption and event-loop blocking. The max option does not mitigate this, as it bounds the output size rather than the recursion work.","[first_aid] Apply the vendor security patch for CVE-2026-13149; if unavailable, isolate the container and restrict egress. | [full_remediation] Upgrade package brace-expansion from 1.1.11 to 5.0.7, 1.1.16, 2.1.2 (fixed version) in the image and rebuild/redeploy. | [scanner_guidance] Upgrade brace-expansion from 1.1.11 to 5.0.7, 1.1.16, 2.1.2"
155,33.3,P4,720,appsec-node,nodegoat,trivy,brace-expansion: Brace-expansion: Denial of Service via memory exhaustion in expand() function,high,CVE-2026-14257,CWE-400,Node.js,,,,,False,,False,,0.0,brace-expansion,"5.0.8, 3.0.3, 2.1.3, 1.1.17","brace-expansion through 5.0.7 is vulnerable to denial of service via memory exhaustion. The expand() function limits the number of results with a max option (default 100,000) but does not bound the length of each result string. By chaining multiple brace groups, an attacker keeps the result count under the limit while making each result progressively longer, so total memory scales with both count and string length until the process hits a fatal, uncatchable out-of-memory error. About 7.5 KB of input ('{a,b}'.repeat(1500)) crashes a default Node.js process. Any application that passes attacker-influenced strings to brace-expansion.expand() - directly or transitively via minimatch / glob brace patterns - can be crashed by a small request. Fixed in 5.0.8 by adding a maxLength option (default 4,000,000) that bounds accumulated output and intermediate arrays.","[first_aid] Apply the vendor security patch for CVE-2026-14257; if unavailable, isolate the container and restrict egress. | [full_remediation] Upgrade package brace-expansion from 1.1.11 to 5.0.8, 3.0.3, 2.1.3, 1.1.17 (fixed version) in the image and rebuild/rede | [scanner_guidance] Upgrade brace-expansion from 1.1.11 to 5.0.8, 3.0.3, 2.1.3, 1.1.17"
156,33.3,P4,720,appsec-node,nodegoat,trivy,"brace-expansion: DoS via unbounded intermediate arrays, bypassing the CVE-2026-14257 mitigation",high,CVE-2026-69152,CWE-400,Node.js,,,,,False,,False,,0.0,brace-expansion,"1.1.18, 2.1.4, 3.0.6, 5.0.9","The brace-expansion library generates arbitrary strings containing a common prefix and suffix. Prior to 1.1.18, 2.1.4, 3.0.6, and 5.0.9, expand() does not apply maxLength while constructing comma-alternative intermediate arrays or padded sequences, allowing attacker-controlled input to exhaust memory or block the event loop. The fix for CVE-2026-14257 is bypassed by the vulnerability. This issue is fixed in versions 1.1.18, 2.1.4, 3.0.6, and 5.0.9.","[first_aid] Apply the vendor security patch for CVE-2026-69152; if unavailable, isolate the container and restrict egress. | [full_remediation] Upgrade package brace-expansion from 1.1.11 to 1.1.18, 2.1.4, 3.0.6, 5.0.9 (fixed version) in the image and rebuild/rede | [scanner_guidance] Upgrade brace-expansion from 1.1.11 to 1.1.18, 2.1.4, 3.0.6, 5.0.9"
157,33.3,P4,720,appsec-node,nodegoat,trivy,brace-expansion: brace-expansion: Denial of Service via zero step value in brace pattern,medium,CVE-2026-33750,CWE-400,Node.js,,,,,False,,False,,0.0,brace-expansion,"5.0.5, 3.0.2, 2.0.3, 1.1.13","The brace-expansion library generates arbitrary strings containing a common prefix and suffix. Prior to versions 5.0.5, 3.0.2, 2.0.3, and 1.1.13, a brace pattern with a zero step value (e.g., `{1..2..0}`) causes the sequence generation loop to run indefinitely, making the process hang for seconds and allocate heaps of memory. Versions 5.0.5, 3.0.2, 2.0.3, and 1.1.13 fix the issue. As a workaround, sanitize strings passed to `expand()` to ensure a step value of `0` is not used.","[first_aid] Apply the vendor security patch for CVE-2026-33750; if unavailable, isolate the container and restrict egress. | [full_remediation] Upgrade package brace-expansion from 1.1.11 to 5.0.5, 3.0.2, 2.0.3, 1.1.13 (fixed version) in the image and rebuild/rede | [scanner_guidance] Upgrade brace-expansion from 1.1.11 to 5.0.5, 3.0.2, 2.0.3, 1.1.13"
158,33.3,P4,720,appsec-node,nodegoat,trivy,braces: fails to limit the number of characters it can handle,high,CVE-2024-4068,CWE-1050,Node.js,,,,,False,,False,,0.0,braces,3.0.3,"The NPM package `braces`, versions prior to 3.0.3, fails to limit the number of characters it can handle, which could lead to Memory Exhaustion. In `lib/parse.js,` if a malicious user sends ""imbalanced braces"" as input, the parsing will enter a loop, which will cause the program to start allocating heap memory without freeing it at any moment of the loop. Eventually, the JavaScript heap limit is reached, and the program will crash.","[first_aid] Apply the vendor security patch for CVE-2024-4068; if unavailable, isolate the container and restrict egress. | [full_remediation] Upgrade package braces from 2.3.2 to 3.0.3 (fixed version) in the image and rebuild/redeploy. | [scanner_guidance] Upgrade braces from 2.3.2 to 3.0.3"
159,33.3,P4,720,appsec-node,nodegoat,trivy,cross-spawn: regular expression denial of service,high,CVE-2024-21538,CWE-1333,Node.js,,,,,False,,False,,0.0,cross-spawn,"7.0.5, 6.0.6","Versions of the package cross-spawn before 6.0.6, from 7.0.0 and before 7.0.5 are vulnerable to Regular Expression Denial of Service (ReDoS) due to improper input sanitization. An attacker can increase the CPU usage and crash the program by crafting a very large and well crafted string.","[first_aid] Apply the vendor security patch for CVE-2024-21538; if unavailable, isolate the container and restrict egress. | [full_remediation] Upgrade package cross-spawn from 5.1.0 to 7.0.5, 6.0.6 (fixed version) in the image and rebuild/redeploy. | [scanner_guidance] Upgrade cross-spawn from 5.1.0 to 7.0.5, 6.0.6"
160,33.3,P4,720,appsec-node,nodegoat,trivy,A vulnerability classified as problematic has been found in debug-js d ...,high,CVE-2017-20165,CWE-1333,Node.js,,,,,False,,False,,0.0,debug,"3.1.0, 2.6.9",A vulnerability classified as problematic has been found in debug-js debug up to 3.0.x. This affects the function useColors of the file src/node.js. The manipulation of the argument str leads to inefficient regular expression complexity. Upgrading to version 3.1.0 is able to address this issue. The identifier of the patch is c38a0166c266a679c8de012d4eaccec3f944e685. It is recommended to upgrade the affected component. The identifier VDB-217665 was assigned to this vulnerability.,"[first_aid] Apply the vendor security patch for CVE-2017-20165; if unavailable, isolate the container and restrict egress. | [full_remediation] Upgrade package debug from 2.2.0 to 3.1.0, 2.6.9 (fixed version) in the image and rebuild/redeploy. | [scanner_guidance] Upgrade debug from 2.2.0 to 3.1.0, 2.6.9"
161,33.3,P4,720,appsec-node,nodegoat,trivy,decode-uri-component: improper input validation resulting in DoS,high,CVE-2022-38900,CWE-20,Node.js,,,,,False,,False,,0.0,decode-uri-component,0.2.1,decode-uri-component 0.2.0 is vulnerable to Improper Input Validation resulting in DoS.,"[first_aid] Apply the vendor security patch for CVE-2022-38900; if unavailable, isolate the container and restrict egress. | [full_remediation] Upgrade package decode-uri-component from 0.2.0 to 0.2.1 (fixed version) in the image and rebuild/redeploy. | [scanner_guidance] Upgrade decode-uri-component from 0.2.0 to 0.2.1"
162,33.3,P4,720,appsec-node,nodegoat,trivy,form-data: form-data: Form field override via CRLF injection,high,CVE-2026-12143,CWE-93,Node.js,,,,,False,,False,,0.0,form-data,"2.5.6, 3.0.5, 4.0.6","form-data is a library for creating readable multipart/form-data streams. In versions through 4.0.5, the `field` argument to `FormData#append` and the `filename` option are concatenated verbatim into the `Content-Disposition` header without escaping carriage return (CR), line feed (LF), or double-quote ("") characters. An application that passes attacker-controlled data as a field name or filename (for example, an API gateway that turns JSON object keys into multipart field names) allows the attacker to terminate the header line and inject additional headers, or to smuggle entire additional multipart parts, into the request the application forwards to a backend. This can let the attacker add or override form fields (e.g. set `is_admin=true`) seen by the downstream parser. This is an instance of CWE-93 (CRLF injection). The fix escapes CR, LF, and `""` as `%0D`, `%0A`, and `%22` in field names and filenames, matching the serialization browsers use per the WHATWG HTML multipart/form-data encoding algorithm. Exploitation requires the consuming application to use untrusted input as a field name or filename; applications that use only fixed/trusted field names are not affected. Fixed in 2.5.6, 3.0.5, and 4.0.6.","[first_aid] Apply the vendor security patch for CVE-2026-12143; if unavailable, isolate the container and restrict egress. | [full_remediation] Upgrade package form-data from 2.3.2 to 2.5.6, 3.0.5, 4.0.6 (fixed version) in the image and rebuild/redeploy. | [scanner_guidance] Upgrade form-data from 2.3.2 to 2.5.6, 3.0.5, 4.0.6"
163,33.3,P4,720,appsec-node,nodegoat,trivy,http-cache-semantics: Regular Expression Denial of Service (ReDoS) vulnerability,high,CVE-2022-25881,CWE-1333,Node.js,,,,,False,,False,,0.0,http-cache-semantics,4.1.1,"This affects versions of the package http-cache-semantics before 4.1.1. The issue can be exploited via malicious request header values sent to a server, when that server reads the cache policy from the request using this library.","[first_aid] Apply the vendor security patch for CVE-2022-25881; if unavailable, isolate the container and restrict egress. | [full_remediation] Upgrade package http-cache-semantics from 3.8.1 to 4.1.1 (fixed version) in the image and rebuild/redeploy. | [scanner_guidance] Upgrade http-cache-semantics from 3.8.1 to 4.1.1"
164,33.3,P4,720,appsec-node,nodegoat,trivy,marked: regular expression inline.reflinkSearch may lead Denial of Service,high,CVE-2022-21681,CWE-400,Node.js,,,,,False,,False,,0.0,marked,4.0.10,"Marked is a markdown parser and compiler. Prior to version 4.0.10, the regular expression `inline.reflinkSearch` may cause catastrophic backtracking against some strings and lead to a denial of service (DoS). Anyone who runs untrusted markdown through a vulnerable version of marked and does not use a worker with a time limit may be affected. This issue is patched in version 4.0.10. As a workaround, avoid running untrusted markdown through marked or run marked on a worker thread and set a reasonable time limit to prevent draining resources.","[first_aid] Apply the vendor security patch for CVE-2022-21681; if unavailable, isolate the container and restrict egress. | [full_remediation] Upgrade package marked from 0.3.5 to 4.0.10 (fixed version) in the image and rebuild/redeploy. | [scanner_guidance] Upgrade marked from 0.3.5 to 4.0.10"
165,33.3,P4,720,appsec-node,nodegoat,trivy,Marked prior to version 0.3.17 is vulnerable to a Regular Expression D ...,medium,CVE-2018-25110,CWE-1333,Node.js,,,,,False,,False,,0.0,marked,0.3.17,"Marked prior to version 0.3.17 is vulnerable to a Regular Expression Denial of Service (ReDoS) attack due to catastrophic backtracking in several regular expressions used for parsing HTML tags and markdown links. An attacker can exploit this vulnerability by providing specially crafted markdown input, such as deeply nested or repetitively structured brackets or tag attributes, which cause the parser to hang and lead to a Denial of Service.","[first_aid] Apply the vendor security patch for CVE-2018-25110; if unavailable, isolate the container and restrict egress. | [full_remediation] Upgrade package marked from 0.3.5 to 0.3.17 (fixed version) in the image and rebuild/redeploy. | [scanner_guidance] Upgrade marked from 0.3.5 to 0.3.17"
166,33.3,P4,720,appsec-node,nodegoat,trivy,nodejs-minimatch: ReDoS via the braceExpand function,high,CVE-2022-3517,CWE-400,Node.js,,,,,False,,False,,0.0,minimatch,3.0.5,"A vulnerability was found in the minimatch package. This flaw allows a Regular Expression Denial of Service (ReDoS) when calling the braceExpand function with specific arguments, resulting in a Denial of Service.","[first_aid] Apply the vendor security patch for CVE-2022-3517; if unavailable, isolate the container and restrict egress. | [full_remediation] Upgrade package minimatch from 3.0.4 to 3.0.5 (fixed version) in the image and rebuild/redeploy. | [scanner_guidance] Upgrade minimatch from 3.0.4 to 3.0.5"
167,33.3,P4,720,appsec-node,nodegoat,trivy,minimatch: minimatch: Denial of Service via specially crafted glob patterns,high,CVE-2026-26996,CWE-1333,Node.js,,,,,False,,False,,0.0,minimatch,"10.2.1, 9.0.6, 8.0.5, 7.4.7, 6.2.1, 5.1.7, 4.2.4, 3.1.3","minimatch is a minimal matching utility for converting glob expressions into JavaScript RegExp objects. Versions 10.2.0 and below are vulnerable to Regular Expression Denial of Service (ReDoS) when a glob pattern contains many consecutive * wildcards followed by a literal character that doesn't appear in the test string. Each * compiles to a separate [^/]*? regex group, and when the match fails, V8's regex engine backtracks exponentially across all possible splits. The time complexity is O(4^N) where N is the number of * characters. With N=15, a single minimatch() call takes ~2 seconds. With N=34, it hangs effectively forever. Any application that passes user-controlled strings to minimatch() as the pattern argument is vulnerable to DoS. This issue has been fixed in version 10.2.1.","[first_aid] Apply the vendor security patch for CVE-2026-26996; if unavailable, isolate the container and restrict egress. | [full_remediation] Upgrade package minimatch from 3.0.4 to 10.2.1, 9.0.6, 8.0.5, 7.4.7, 6.2.1, 5.1.7, 4.2.4, 3.1.3 (fixed version) in the i | [scanner_guidance] Upgrade minimatch from 3.0.4 to 10.2.1, 9.0.6, 8.0.5, 7.4.7, 6.2.1, 5.1.7, 4.2.4, 3.1.3"
168,33.3,P4,720,appsec-node,nodegoat,trivy,minimist: prototype pollution,critical,CVE-2021-44906,CWE-1321,Node.js,,,,,False,,False,,0.0,minimist,"1.2.6, 0.2.4","Minimist <=1.2.5 is vulnerable to Prototype Pollution via file index.js, function setKey() (lines 69-95).","[first_aid] Apply the vendor security patch for CVE-2021-44906; if unavailable, isolate the container and restrict egress. | [full_remediation] Upgrade package minimist from 0.0.10 to 1.2.6, 0.2.4 (fixed version) in the image and rebuild/redeploy. | [scanner_guidance] Upgrade minimist from 0.0.10 to 1.2.6, 0.2.4"
169,33.3,P4,720,appsec-node,nodegoat,trivy,nodejs-mixin-deep: prototype pollution in function mixin-deep,critical,CVE-2019-10746,CWE-88,Node.js,,,,,False,,False,,0.0,mixin-deep,"1.3.2, 2.0.1",mixin-deep is vulnerable to Prototype Pollution in versions before 1.3.2 and version 2.0.0. The function mixin-deep could be tricked into adding or modifying properties of Object.prototype using a constructor payload.,"[first_aid] Apply the vendor security patch for CVE-2019-10746; if unavailable, isolate the container and restrict egress. | [full_remediation] Upgrade package mixin-deep from 1.3.1 to 1.3.2, 2.0.1 (fixed version) in the image and rebuild/redeploy. | [scanner_guidance] Upgrade mixin-deep from 1.3.1 to 1.3.2, 2.0.1"
170,33.3,P4,720,appsec-node,nodegoat,trivy,"express: ""qs"" prototype poisoning causes the hang of the node process",high,CVE-2022-24999,CWE-1321,Node.js,,,,,False,,False,,0.0,qs,"6.10.3, 6.9.7, 6.8.3, 6.7.3, 6.6.1, 6.5.3, 6.4.1, 6.3.3, 6.2.4","qs before 6.10.3, as used in Express before 4.17.3 and other products, allows attackers to cause a Node process hang for an Express application because an __ proto__ key can be used. In many typical Express use cases, an unauthenticated remote attacker can place the attack payload in the query string of the URL that is used to visit the application, such as a[__proto__]=b&a[__proto__]&a[length]=100000000. The fix was backported to qs 6.9.7, 6.8.3, 6.7.3, 6.6.1, 6.5.3, 6.4.1, 6.3.3, and 6.2.4 (and therefore Express 4.17.3, which has ""deps: qs@6.9.7"" in its release description, is not vulnerable).","[first_aid] Apply the vendor security patch for CVE-2022-24999; if unavailable, isolate the container and restrict egress. | [full_remediation] Upgrade package qs from 6.5.2 to 6.10.3, 6.9.7, 6.8.3, 6.7.3, 6.6.1, 6.5.3, 6.4.1, 6.3.3, 6.2.4 (fixed version) in the i | [scanner_guidance] Upgrade qs from 6.5.2 to 6.10.3, 6.9.7, 6.8.3, 6.7.3, 6.6.1, 6.5.3, 6.4.1, 6.3.3, 6.2.4"
171,33.3,P4,720,appsec-node,nodegoat,trivy,qs: qs: Denial of Service via improper input validation in array parsing,medium,CVE-2025-15284,CWE-20,Node.js,,,,,False,,False,,0.0,qs,6.14.1,"Improper Input Validation vulnerability in qs (parse modules) allows HTTP DoS.This issue affects qs: < 6.14.1.


Summary

The arrayLimit option in qs did not enforce limits for bracket notation (a[]=1&a[]=2), only for indexed notation (a[0]=1). This is a consistency bug; arrayLimit should apply uniformly across all array notations.

Note: The default parameterLimit of 1000 effectively mitigates the DoS scenario originally described. With default options, bracket notation cannot produce arrays larger than parameterLimit regardless of arrayLimit, because each a[]=valueconsumes one parameter slot. The severity has been reduced accordingly.

Details

The arrayLimit option only checked limits for indexed notation (a[0]=1&a[1]=2) but did not enforce it for bracket notation (a[]=1&a[]=2).

Vulnerable code (lib/parse.js:159-162):

if (root === '[]' && options.parseArrays) {
    obj = utils.combine([], leaf);  // No arrayLimit check
}





Working code (lib/parse.js:175):

else if (index <= options.arrayLimit) {  // Limit checked here
    obj = [];
    obj[index] = leaf;
}





The bracket notation handler at line 159 uses utils.combine([], leaf) without validating against options.arrayLimit, while indexed notation at line 175 checks index <= options.arrayLimit before creating arrays.



PoC

const qs = require('qs');
const result = qs.parse('a[]=1&a[]=2&a[]=3&a[]=4&a[]=5&a[]=6', { arrayLimit: 5 });
console.log(result.a.length);  // Output: 6 (should be max 5)





Note on parameterLimit interaction: The original advisory's ""DoS demonstration"" claimed a length of 10,000, but parameterLimit (default: 1000) caps parsing to 1,000 parameters. With default options, the actual output is 1,000, not 10,000.

Impact

Consistency bug in arrayLimit enforcement. With default parameterLimit, the practical DoS risk is negligible since parameterLimit already caps the total number of parsed parameters (and thus array elements from bracket notation). The risk increases only when parameterLimit is explicitly set to a very high value.","[first_aid] Apply the vendor security patch for CVE-2025-15284; if unavailable, isolate the container and restrict egress. | [full_remediation] Upgrade package qs from 6.5.2 to 6.14.1 (fixed version) in the image and rebuild/redeploy. | [scanner_guidance] Upgrade qs from 6.5.2 to 6.14.1"
172,33.3,P4,720,appsec-node,nodegoat,trivy,nodejs-set-value: prototype pollution in function set-value,critical,CVE-2019-10747,CWE-400,Node.js,,,,,False,,False,,0.0,set-value,"2.0.1, 3.0.1","set-value is vulnerable to Prototype Pollution in versions lower than 3.0.1. The function mixin-deep could be tricked into adding or modifying properties of Object.prototype using any of the constructor, prototype and _proto_ payloads.","[first_aid] Apply the vendor security patch for CVE-2019-10747; if unavailable, isolate the container and restrict egress. | [full_remediation] Upgrade package set-value from 0.4.3 to 2.0.1, 3.0.1 (fixed version) in the image and rebuild/redeploy. | [scanner_guidance] Upgrade set-value from 0.4.3 to 2.0.1, 3.0.1"
173,33.3,P4,720,appsec-node,nodegoat,trivy,nodejs-set-value: type confusion allows bypass of CVE-2019-10747,high,CVE-2021-23440,CWE-843,Node.js,,,,,False,,False,,0.0,set-value,"4.0.1, 2.0.1, 3.0.3","This affects the package set-value before <2.0.1, >=3.0.0 <4.0.1. A type confusion vulnerability can lead to a bypass of CVE-2019-10747 when the user-provided keys used in the path parameter are arrays.","[first_aid] Apply the vendor security patch for CVE-2021-23440; if unavailable, isolate the container and restrict egress. | [full_remediation] Upgrade package set-value from 0.4.3 to 4.0.1, 2.0.1, 3.0.3 (fixed version) in the image and rebuild/redeploy. | [scanner_guidance] Upgrade set-value from 0.4.3 to 4.0.1, 2.0.1, 3.0.3"
174,33.3,P4,720,appsec-node,nodegoat,trivy,Arbitrary local file read vulnerability during template rendering,high,CVE-2023-25345,CWE-22,Node.js,,,,,False,,False,,0.798,swig,,"Directory traversal vulnerability in swig-templates thru 2.0.4 and swig thru 1.4.2, allows attackers to read arbitrary files via the include or extends tags.",[first_aid] Block traversal patterns at the WAF and disable symbolic links on the webroot. | [full_remediation] Use an allow-listed file API and canonicalize paths before access; never join user input into filesystem paths. | [scanner_guidance] Arbitrary local file read vulnerability during template rendering
175,33.3,P4,720,appsec-node,nodegoat,trivy,tar: node-tar: Denial of Service via crafted gzip bomb,critical,CVE-2026-59873,CWE-770,Node.js,,,,,False,,False,,0.0,tar,7.5.19,"node-tar is a tar archive manipulation library for Node.js. Prior to 7.5.19, node-tar does not enforce hard upper bounds on total decompressed data, entry counts, or decompression ratio in extraction and parsing paths such as src/extract.ts, allowing a small crafted gzip bomb to exhaust disk space and CPU. This issue is fixed in version 7.5.19.","[first_aid] Apply the vendor security patch for CVE-2026-59873; if unavailable, isolate the container and restrict egress. | [full_remediation] Upgrade package tar from 4.4.19 to 7.5.19 (fixed version) in the image and rebuild/redeploy. | [scanner_guidance] Upgrade tar from 4.4.19 to 7.5.19"
176,33.3,P4,720,appsec-node,nodegoat,trivy,tar: Node-tar: Denial of Service via malformed tar archive header,high,CVE-2026-59874,CWE-835,Node.js,,,,,False,,False,,0.0,tar,7.5.18,"node-tar is a tar archive manipulation library for Node.js. Prior to 7.5.18, tar.replace accepts a checksum-valid tar header with a negative base-256 encoded entry size, causing the archive scanner to make no progress while repeatedly parsing the same header. This issue is fixed in version 7.5.18.","[first_aid] Apply the vendor security patch for CVE-2026-59874; if unavailable, isolate the container and restrict egress. | [full_remediation] Upgrade package tar from 4.4.19 to 7.5.18 (fixed version) in the image and rebuild/redeploy. | [scanner_guidance] Upgrade tar from 4.4.19 to 7.5.18"
177,33.3,P4,720,appsec-node,nodegoat,trivy,node-tar: node-tar: Denial of Service due to incorrect PAX path handling,medium,CVE-2026-59871,CWE-704,Node.js,,,,,False,,False,,0.0,tar,7.5.18,"node-tar is a tar archive manipulation library for Node.js. Prior to 7.5.18, node-tar coerces all-digit PAX path and linkpath values in src/pax.ts to JavaScript numbers, causing downstream path handling such as normalizeWindowsPath(entry.path).split('/') to throw an uncaught TypeError. This issue is fixed in version 7.5.18.","[first_aid] Apply the vendor security patch for CVE-2026-59871; if unavailable, isolate the container and restrict egress. | [full_remediation] Upgrade package tar from 4.4.19 to 7.5.18 (fixed version) in the image and rebuild/redeploy. | [scanner_guidance] Upgrade tar from 4.4.19 to 7.5.18"
178,33.3,P4,720,appsec-node,nodegoat,trivy,uuid: uuid: Out-of-bounds write vulnerability impacts data integrity and confidentiality,medium,CVE-2026-41907,CWE-787,Node.js,,,,,False,,False,,0.0,uuid,"11.1.1, 12.0.1, 13.0.1","uuid is for the creation of RFC9562 (formerly RFC4122) UUIDs. Prior to 14.0.0, v3, v5, and v6 accept external output buffers but do not reject out-of-range writes (small buf or large offset). This allows silent partial writes into caller-provided buffers. This vulnerability is fixed in 14.0.0.","[first_aid] Apply the vendor security patch for CVE-2026-41907; if unavailable, isolate the container and restrict egress. | [full_remediation] Upgrade package uuid from 3.3.3 to 11.1.1, 12.0.1, 13.0.1 (fixed version) in the image and rebuild/redeploy. | [scanner_guidance] Upgrade uuid from 3.3.3 to 11.1.1, 12.0.1, 13.0.1"
179,33.0,P4,720,appsec-node,nodegoat,trivy,openssl: X.400 address type confusion in X.509 GeneralName,high,CVE-2023-0286,CWE-843,nodegoat-web:latest (alpine 3.15.4),,,,,False,,False,,0.0,libcrypto1.1,1.1.1t-r0,"There is a type confusion vulnerability relating to X.400 address processing
inside an X.509 GeneralName. X.400 addresses were parsed as an ASN1_STRING but
the public structure definition for GENERAL_NAME incorrectly specified the type
of the x400Address field as ASN1_TYPE. This field is subsequently interpreted by
the OpenSSL function GENERAL_NAME_cmp as an ASN1_TYPE rather than an
ASN1_STRING.

When CRL checking is enabled (i.e. the application sets the
X509_V_FLAG_CRL_CHECK flag), this vulnerability may allow an attacker to pass
arbitrary pointers to a memcmp call, enabling them to read memory contents or
enact a denial of service. In most cases, the attack requires the attacker to
provide both the certificate chain and CRL, neither of which need to have a
valid signature. If the attacker only controls one of these inputs, the other
input must already contain an X.400 address as a CRL distribution point, which
is uncommon. As such, this vulnerability is most likely to only affect
applications which have implemented their own functionality for retrieving CRLs
over a network.","[first_aid] Apply the vendor security patch for CVE-2023-0286; if unavailable, isolate the container and restrict egress. | [full_remediation] Upgrade package libcrypto1.1 from 1.1.1n-r0 to 1.1.1t-r0 (fixed version) in the image and rebuild/redeploy. | [scanner_guidance] Upgrade libcrypto1.1 from 1.1.1n-r0 to 1.1.1t-r0"
180,32.7,P4,720,appsec-web,juice_shop,trivy,glibc: information disclosure of heap addresses of pthread_created thread,low,CVE-2019-1010025,CWE-330,bkimminich/juice-shop:latest (debian 13.6),,,,,False,,False,,0.0,libc6,,"GNU Libc current is affected by: Mitigation bypass. The impact is: Attacker may guess the heap addresses of pthread_created thread. The component is: glibc. NOTE: the vendor's position is ""ASLR bypass itself is not a vulnerability.","[first_aid] Disable or restrict the affected functionality/endpoint at the perimeter (WAF rule, network ACL, feature flag) while the | [full_remediation] Patch or upgrade the affected component to the latest fixed version and re-run the scan to confirm the finding is gone. | [scanner_guidance] glibc: information disclosure of heap addresses of pthread_created thread"
181,32.7,P4,720,appsec-web,juice_shop,trivy,file-type: file-type: Denial of Service due to infinite loop in ASF file parsing,medium,CVE-2026-31808,CWE-835,Node.js,,,,,False,,False,,0.0,file-type,21.3.1,"file-type detects the file type of a file, stream, or data. Prior to 21.3.1, a denial of service vulnerability exists in the ASF (WMV/WMA) file type detection parser. When parsing a crafted input where an ASF sub-header has a size field of zero, the parser enters an infinite loop. The payload value becomes negative (-24), causing tokenizer.ignore(payload) to move the read position backwards, so the same sub-header is read repeatedly forever. Any application that uses file-type to detect the type of untrusted/attacker-controlled input is affected. An attacker can stall the Node.js event loop with a 55-byte payload. Fixed in version 21.3.1.","[first_aid] Apply the vendor security patch for CVE-2026-31808; if unavailable, isolate the container and restrict egress. | [full_remediation] Upgrade package file-type from 16.5.4 to 21.3.1 (fixed version) in the image and rebuild/redeploy. | [scanner_guidance] Upgrade file-type from 16.5.4 to 21.3.1"
182,32.7,P4,720,appsec-web,juice_shop,trivy,multer: Multer vulnerable to Denial of Service via unhandled exception,high,CVE-2025-48997,CWE-248,Node.js,,,,,False,,False,,0.0,multer,2.0.1,"Multer is a node.js middleware for handling `multipart/form-data`. A vulnerability that is present starting in version 1.4.4-lts.1 and prior to version 2.0.1 allows an attacker to trigger a Denial of Service (DoS) by sending an upload file request with an empty string field name. This request causes an unhandled exception, leading to a crash of the process. Users should upgrade to `2.0.1` to receive a patch. No known workarounds are available.","[first_aid] Apply the vendor security patch for CVE-2025-48997; if unavailable, isolate the container and restrict egress. | [full_remediation] Upgrade package multer from 1.4.5-lts.2 to 2.0.1 (fixed version) in the image and rebuild/redeploy. | [scanner_guidance] Upgrade multer from 1.4.5-lts.2 to 2.0.1"
183,32.7,P4,720,appsec-web,juice_shop,trivy,multer: Multer Denial of Service,high,CVE-2025-7338,CWE-248,Node.js,,,,,False,,False,,0.0,multer,2.0.2,"Multer is a node.js middleware for handling `multipart/form-data`. A vulnerability that is present starting in version 1.4.4-lts.1 and prior to version 2.0.2 allows an attacker to trigger a Denial of Service (DoS) by sending a malformed multi-part upload request. This request causes an unhandled exception, leading to a crash of the process. Users should upgrade to version 2.0.2 to receive a patch. No known workarounds are available.","[first_aid] Apply the vendor security patch for CVE-2025-7338; if unavailable, isolate the container and restrict egress. | [full_remediation] Upgrade package multer from 1.4.5-lts.2 to 2.0.2 (fixed version) in the image and rebuild/redeploy. | [scanner_guidance] Upgrade multer from 1.4.5-lts.2 to 2.0.2"
184,32.7,P4,720,appsec-web,juice_shop,trivy,sanitize-html: Information Exposure when used on the backend,medium,CVE-2024-21501,CWE-200,Node.js,,,,,False,,False,,0.513,sanitize-html,2.12.1,"Versions of the package sanitize-html before 2.12.1 are vulnerable to Information Exposure when used on the backend and with the style attribute allowed, allowing enumeration of files in the system (including project dependencies). An attacker could exploit this vulnerability to gather details about the file system structure and dependencies of the targeted server.","[first_aid] Apply the vendor security patch for CVE-2024-21501; if unavailable, isolate the container and restrict egress. | [full_remediation] Upgrade package sanitize-html from 1.4.2 to 2.12.1 (fixed version) in the image and rebuild/redeploy. | [scanner_guidance] Upgrade sanitize-html from 1.4.2 to 2.12.1"
185,32.7,P4,720,appsec-web,juice_shop,trivy,node-tar: node-tar: Denial of Service via crafted archive with NUL bytes in metadata,medium,CVE-2026-59875,CWE-248,Node.js,,,,,False,,False,,0.0,tar,7.5.17,"node-tar is a tar archive manipulation library for Node.js. Prior to 7.5.17, node-tar does not strip NUL bytes from PAX path and linkpath records in src/pax.ts, allowing a crafted archive with values to reach fs.lstat or fs.open and terminate the process with an uncaught exception. This issue is fixed in version 7.5.17.","[first_aid] Apply the vendor security patch for CVE-2026-59875; if unavailable, isolate the container and restrict egress. | [full_remediation] Upgrade package tar from 6.2.1 to 7.5.17 (fixed version) in the image and rebuild/redeploy. | [scanner_guidance] Upgrade tar from 6.2.1 to 7.5.17"
186,32.7,P4,720,appsec-web,juice_shop,trivy,node-tar: Uncontrolled recursion in mapHas/filesFilter allows uncatchable stack-overflow DoS via crafted long-path tar with member selection,medium,GHSA-r292-9mhp-454m,,Node.js,,,,,False,,False,,,tar,7.5.21,"## Summary
`node-tar` (npm `tar`) contains an uncontrolled-recursion stack-exhaustion DoS in the internal `mapHas` helper used by `filesFilter`. When a consumer calls `tar.t(...)` or `tar.x(...)` with a non-empty member-selection list, node-tar installs a filter that closes over the recursive `mapHas` (`src/list.ts:33-44`). `mapHas` walks an entry path upward one `path.dirname()` call per recursion **with no segment cap**. A single crafted tar with a GNU-`L` (or PAX-`x`) long-path header can deliver a path of tens of thousands of `/`-separated segments (up to `maxMetaEntrySize` = 1 MiB). The recursion overflows the call stack, throwing an uncatchable `RangeError` that terminates the Node process on async/streaming consumers.

## Root Cause
`filesFilter` (`src/list.ts:27-51`) is installed whenever a caller passes a member-selection list (`src/list.ts:119-122`, `src/extract.ts:55-57`). Its filter is invoked at `src/parse.ts:253` (`entry.ignore = entry.ignore || !this.filter(entry.path, entry)`) inside `Parser[CONSUMEHEADER]` — and crucially **outside** the only try/catch in that method (which wraps `new Header` at `src/parse.ts:179-183`). `mapHas` recurses once per path segment with no depth limit. The `Unpack` `maxDepth` guard (`src/unpack.ts:342`, in `[CHECKPATH]`) only runs on the `'entry'` event, which fires *after* `CONSUMEHEADER` has already invoked the filter — so the stack overflows before any depth guard executes. `tar.t` (list) has no `maxDepth` at all.

## Impact
Unauthenticated, remotely-triggerable denial of service: a ~188-byte gzip (≈26 KB tar) crashes any service that lists or extracts *selected members* from an untrusted archive (package registries, CI artifact/cache restore, upload processors). On async (`await tar.t(...)`/`tar.x(...)`) and streaming/`pipe` consumers the `RangeError` escapes the promise as an `uncaughtException` and terminates the process — standard defensive `try/catch` around the async call does NOT prevent it. (The synchronous API is catchable; the async/stream paths — the dominant server pattern — are not.)

## Proof of Concept
```js
// Build a tar whose single entry has a GNU-L long path of ~12,000 ""a/"" segments (~26 KB),
// gzip it (≈188 bytes), then have a consumer list/extract with member selection:
const tar = require('tar');
await tar.t({ file: 'evil.tar.gz', gzip: true }, ['some-member']); // -> RangeError, process exit
```
Empirically reproduced on Node v24.18.0 against built `dist/commonjs` of node-tar 7.5.20: 188-byte gzip → 26,112-byte tar (12,000 segments) → uncaught `RangeError: Maximum call stack size exceeded` → process exit. A control run with no member-selection list (filter not installed) parses cleanly (exit 0), isolating `mapHas` as the sole cause.

## Attack Chain
1. **Entry.** Attacker crafts a tar with a GNU `L` (or PAX `x`) long-path header whose body is `""a/""`×~12000 (~26 KB), followed by a normal file entry.
   - **Guard:** `maxMetaEntrySize` caps the meta body at 1 MiB (`src/parse.ts:241`).
   - **Bypass proof:** 26 KB ≪ 1 MiB → accepted (verified: 26 KB archive parsed up to the filter).
2. **Trigger.** Victim service calls `tar.t({file},[sel])` or `tar.x({file,cwd},[sel])` (member selection — a documented, common API).
   - **Guard:** `Unpack.maxDepth` (default 1024) at `src/unpack.ts:342`; decompression-ratio guard.
   - **Bypass proof:** `maxDepth` lives in `[CHECKPATH]` on the `'entry'` event, which fires *after* `CONSUMEHEADER`'s filter call — the crash occurs before it (extract exits 1 with default maxDepth). `tar.t` has no maxDepth. Ratio is ~139× (trivial); no total-bytes cap applies to the uncompressed meta body.
3. **Sink.** `this.filter(entry.path)` → `mapHas` recurses once per `/` segment (`src/list.ts:39`).
   - **Guard:** try/catch in `CONSUMEHEADER`.
   - **Bypass proof:** the only try/catch wraps `new Header` (`src/parse.ts:179-183`); the `this.filter(...)` call at `src/parse.ts:253` is outside it. The `RangeError` propagates out of the stream write/`'data'` path → uncaught exception (verified: `process.on('uncaughtException')` fires; async `await`+`try/catch` does NOT intercept).
4. **Impact.** Node process termination; a 188-byte gzip crashes any consumer that lists/extracts selected members from untrusted archives.

## Bypass Evidence
- `mapHas` recursion is member-name-independent: the crash fires even when the requested members do not match the malicious entry path — the attacker only needs the consumer to *use* member selection.
- Standalone `mapHas` overflows at 20k–30k segments; on the real streaming path (atop `write → CONSUMECHUNK → CONSUMEHEADER → filter`) it crashes at ≤8k segments (finder's ~12k estimate is accurate for the reachable path).
- Control (no member list → no filter) parses cleanly (exit 0), isolating `mapHas`.

## Affected Versions
`<= 7.5.20` (npm `tar`). `mapHas` present verbatim on tag `v7.5.20` (latest GitHub release and npm `dist-tag latest`); no segment/depth cap in `src/list.ts` or the `CONSUMEHEADER` filter path; HEAD == 7.5.20, no unreleased fix.

## Suggested Fix
Rewrite `mapHas` iteratively (walk `dirname` in a `while` loop with a segment/visited cap), or enforce a hard path-segment limit in `Header`/`Parser` independent of `maxMetaEntrySize`, applied before any per-entry filter runs.

## Dedup Note
Distinct from CVE-2024-28863 / GHSA-f5x3-32g6-qm9j ""lack of folders depth validation"" (that bounds `mkdir` recursion during *extraction* via `maxDepth` in `Unpack[CHECKPATH]` on the `'entry'` event — a different sink, code path, and fix; runs after the filter and does not apply to `tar.t`). Also distinct from the PAX NUL/numeric-path crash advisories (improper-input-to-fs / type confusion, not recursion) and the gzip-bomb advisory (resource exhaustion on disk writes). None touch `list.ts`/`filesFilter`/`mapHas` or require member selection.

---
Reported by **zx (Jace)** — GitHub: @manus-use","[first_aid] Apply the vendor security patch for GHSA-r292-9mhp-454m; if unavailable, isolate the container and restrict egress. | [full_remediation] Upgrade package tar from 6.2.1 to 7.5.21 (fixed version) in the image and rebuild/redeploy. | [scanner_guidance] Upgrade tar from 6.2.1 to 7.5.21"
187,32.7,P4,720,appsec-node,nodegoat,trivy,nodejs-ini: Prototype pollution via malicious INI file,high,CVE-2020-7788,CWE-1321,Node.js,,,,,False,,False,,0.0,ini,1.3.6,"This affects the package ini before 1.3.6. If an attacker submits a malicious INI file to an application that parses it with ini.parse, they will pollute the prototype on the application. This can be exploited further depending on the context.","[first_aid] Apply the vendor security patch for CVE-2020-7788; if unavailable, isolate the container and restrict egress. | [full_remediation] Upgrade package ini from 1.3.5 to 1.3.6 (fixed version) in the image and rebuild/redeploy. | [scanner_guidance] Upgrade ini from 1.3.5 to 1.3.6"
188,32.7,P4,720,appsec-node,nodegoat,trivy,nodejs-y18n: prototype pollution vulnerability,high,CVE-2020-7774,CWE-1321,Node.js,,,,,False,,False,,0.0,y18n,"3.2.2, 4.0.1, 5.0.5","The package y18n before 3.2.2, 4.0.1 and 5.0.5, is vulnerable to Prototype Pollution.","[first_aid] Apply the vendor security patch for CVE-2020-7774; if unavailable, isolate the container and restrict egress. | [full_remediation] Upgrade package y18n from 3.2.1 to 3.2.2, 4.0.1, 5.0.5 (fixed version) in the image and rebuild/redeploy. | [scanner_guidance] Upgrade y18n from 3.2.1 to 3.2.2, 4.0.1, 5.0.5"
189,32.3,P4,720,appsec-legacy,bwapp,trivy,php: use of uninitialized pointer in PharFileInfo::getContent,medium,CVE-2016-4342,CWE-119,raesene/bwapp:latest (ubuntu 14.04),,,,,False,,False,,0.0,libapache2-mod-php5,5.5.9+dfsg-1ubuntu4.17,"ext/phar/phar_object.c in PHP before 5.5.32, 5.6.x before 5.6.18, and 7.x before 7.0.3 mishandles zero-length uncompressed data, which allows remote attackers to cause a denial of service (heap memory corruption) or possibly have unspecified other impact via a crafted (1) TAR, (2) ZIP, or (3) PHAR archive.","[first_aid] Apply the vendor security patch for CVE-2016-4342; if unavailable, isolate the container and restrict egress. | [full_remediation] Upgrade package libapache2-mod-php5 from 5.5.9+dfsg-1ubuntu4.14 to 5.5.9+dfsg-1ubuntu4.17 (fixed version) in the image a | [scanner_guidance] Upgrade libapache2-mod-php5 from 5.5.9+dfsg-1ubuntu4.14 to 5.5.9+dfsg-1ubuntu4.17"
190,32.3,P4,720,appsec-node,nodegoat,trivy,node-tar: node-tar: Arbitrary file read/write via malicious archive hardlink creation,high,CVE-2026-26960,CWE-22,Node.js,,,,,False,,False,,0.798,tar,7.5.8,"node-tar is a full-featured Tar for Node.js. When using default options in versions 7.5.7 and below, an attacker-controlled archive can create a hardlink inside the extraction directory that points to a file outside the extraction root, enabling arbitrary file read and write as the extracting user. Severity is high because the primitive bypasses path protections and turns archive extraction into a direct filesystem access primitive. This issue has been fixed in version 7.5.8.","[first_aid] Apply the vendor security patch for CVE-2026-26960; if unavailable, isolate the container and restrict egress. | [full_remediation] Upgrade package tar from 4.4.19 to 7.5.8 (fixed version) in the image and rebuild/redeploy. | [scanner_guidance] Upgrade tar from 4.4.19 to 7.5.8"
191,32.0,P4,720,appsec-web,juice_shop,trivy,glibc: glibc: Information disclosure or denial of service via ungetwc function with specific wide character encodings,medium,CVE-2026-5928,CWE-127,bkimminich/juice-shop:latest (debian 13.6),,,,,False,,False,,0.0,libc6,,"Calling the ungetwc function on a FILE stream with wide characters encoded in a character set that has overlaps between its single byte and multi-byte character encodings, in the GNU C Library version 2.43 or earlier, may result in an attempt to read bytes before an allocated buffer, potentially resulting in unintentional disclosure of neighboring data in the heap, or a program crash.

A bug in the wide character pushback implementation (_IO_wdefault_pbackfail in libio/wgenops.c) causes ungetwc() to operate on the regular character buffer (fp->_IO_read_ptr) instead of the actual wide-stream read pointer (fp->_wide_data->_IO_read_ptr). The program crash may happen in cases where fp->_IO_read_ptr is not initialized and hence points to NULL. The buffer under-read requires a special situation where the input character encoding is such that there are overlaps between single byte representations and multibyte representations in that encoding, resulting in spurious matches. The spurious match case is not possible in the standard Unicode character sets.","[first_aid] Disable or restrict the affected functionality/endpoint at the perimeter (WAF rule, network ACL, feature flag) while the | [full_remediation] Patch or upgrade the affected component to the latest fixed version and re-run the scan to confirm the finding is gone. | [scanner_guidance] glibc: glibc: Information disclosure or denial of service via ungetwc function with specific wide character encodings"
192,32.0,P4,720,appsec-web,juice_shop,trivy,glibc: uncontrolled recursion in function check_dst_limits_calc_pos_1 in posix/regexec.c,low,CVE-2018-20796,CWE-674,bkimminich/juice-shop:latest (debian 13.6),,,,,False,,False,,0.0,libc6,,"In the GNU C Library (aka glibc or libc6) through 2.29, check_dst_limits_calc_pos_1 in posix/regexec.c has Uncontrolled Recursion, as demonstrated by '(\227|)(\\1\\1|t1|\\\2537)+' in grep.","[first_aid] Disable or restrict the affected functionality/endpoint at the perimeter (WAF rule, network ACL, feature flag) while the | [full_remediation] Patch or upgrade the affected component to the latest fixed version and re-run the scan to confirm the finding is gone. | [scanner_guidance] glibc: uncontrolled recursion in function check_dst_limits_calc_pos_1 in posix/regexec.c"
193,32.0,P4,720,appsec-web,juice_shop,trivy,glibc: ASLR bypass using cache of thread stack and heap,low,CVE-2019-1010024,CWE-200,bkimminich/juice-shop:latest (debian 13.6),,,,,False,,False,,0.513,libc6,,"GNU Libc current is affected by: Mitigation bypass. The impact is: Attacker may bypass ASLR using cache of thread stack and heap. The component is: glibc. NOTE: Upstream comments indicate ""this is being treated as a non-security bug and no real threat.","[first_aid] Restrict access to the exposed resource (auth, IP allow-list, remove from public routing). | [full_remediation] Redact/remove the sensitive data from responses and apply least-privilege access controls. | [scanner_guidance] glibc: ASLR bypass using cache of thread stack and heap"
194,32.0,P4,720,appsec-web,juice_shop,trivy,glibc: uncontrolled recursion in function check_dst_limits_calc_pos_1 in posix/regexec.c,low,CVE-2019-9192,CWE-674,bkimminich/juice-shop:latest (debian 13.6),,,,,False,,False,,0.0,libc6,,"In the GNU C Library (aka glibc or libc6) through 2.29, check_dst_limits_calc_pos_1 in posix/regexec.c has Uncontrolled Recursion, as demonstrated by '(|)(\\1\\1)*' in grep, a different issue than CVE-2018-20796. NOTE: the software maintainer disputes that this is a vulnerability because the behavior occurs only with a crafted pattern","[first_aid] Disable or restrict the affected functionality/endpoint at the perimeter (WAF rule, network ACL, feature flag) while the | [full_remediation] Patch or upgrade the affected component to the latest fixed version and re-run the scan to confirm the finding is gone. | [scanner_guidance] glibc: uncontrolled recursion in function check_dst_limits_calc_pos_1 in posix/regexec.c"
195,32.0,P4,720,appsec-web,juice_shop,trivy,nodejs-got: missing verification of requested URLs allows redirects to UNIX sockets,medium,CVE-2022-33987,,Node.js,,,,,False,,False,,,got,"12.1.0, 11.8.5",The got package before 12.1.0 (also fixed in 11.8.5) for Node.js allows a redirect to a UNIX socket.,"[first_aid] Apply the vendor security patch for CVE-2022-33987; if unavailable, isolate the container and restrict egress. | [full_remediation] Upgrade package got from 8.3.2 to 12.1.0, 11.8.5 (fixed version) in the image and rebuild/redeploy. | [scanner_guidance] Upgrade got from 8.3.2 to 12.1.0, 11.8.5"
196,32.0,P4,720,appsec-web,juice_shop,trivy,jsonwebtoken: Insecure implementation of key retrieval function could lead to Forgeable Public/Private Tokens from RSA to HMAC,medium,CVE-2022-23541,CWE-287,Node.js,,,,,False,,False,,0.798,jsonwebtoken,9.0.0,"jsonwebtoken is an implementation of JSON Web Tokens. Versions `<= 8.5.1` of `jsonwebtoken` library can be misconfigured so that passing a poorly implemented key retrieval function referring to the `secretOrPublicKey` argument from the readme link will result in incorrect verification of tokens. There is a possibility of using a different algorithm and key combination in verification, other than the one that was used to sign the tokens. Specifically, tokens signed with an asymmetric public key could be verified with a symmetric HS256 algorithm. This can lead to successful validation of  forged tokens. If your application is supporting usage of both symmetric key and asymmetric key in jwt.verify() implementation with the same key retrieval function. This issue has been patched, please update to version 9.0.0.","[first_aid] Apply the vendor security patch for CVE-2022-23541; if unavailable, isolate the container and restrict egress. | [full_remediation] Upgrade package jsonwebtoken from 0.1.0 to 9.0.0 (fixed version) in the image and rebuild/redeploy. | [scanner_guidance] Upgrade jsonwebtoken from 0.1.0 to 9.0.0"
197,32.0,P4,720,appsec-web,juice_shop,trivy,nodejs-moment: Regular expression denial of service,high,CVE-2017-18214,CWE-400,Node.js,,,,,False,,False,,0.0,moment,2.19.3,"The moment module before 2.19.3 for Node.js is prone to a regular expression denial of service via a crafted date string, a different vulnerability than CVE-2016-4055.","[first_aid] Apply the vendor security patch for CVE-2017-18214; if unavailable, isolate the container and restrict egress. | [full_remediation] Upgrade package moment from 2.0.0 to 2.19.3 (fixed version) in the image and rebuild/redeploy. | [scanner_guidance] Upgrade moment from 2.0.0 to 2.19.3"
198,32.0,P4,720,appsec-web,juice_shop,trivy,sanitize-html: improper handling of internationalized domain name (IDN) can lead to bypass hostname whitelist validation,medium,CVE-2021-26539,,Node.js,,,,,False,,False,,,sanitize-html,2.3.1,"Apostrophe Technologies sanitize-html before 2.3.1 does not properly handle internationalized domain name (IDN) which could allow an attacker to bypass hostname whitelist validation set by the ""allowedIframeHostnames"" option.","[first_aid] Apply the vendor security patch for CVE-2021-26539; if unavailable, isolate the container and restrict egress. | [full_remediation] Upgrade package sanitize-html from 1.4.2 to 2.3.1 (fixed version) in the image and rebuild/redeploy. | [scanner_guidance] Upgrade sanitize-html from 1.4.2 to 2.3.1"
199,32.0,P4,720,appsec-web,juice_shop,trivy,"sanitize-html: improper validation of hostnames set by the ""allowedIframeHostnames"" option can lead to bypass hostname whitelist for iframe element",medium,CVE-2021-26540,,Node.js,,,,,False,,False,,,sanitize-html,2.3.2,"Apostrophe Technologies sanitize-html before 2.3.2 does not properly validate the hostnames set by the ""allowedIframeHostnames"" option when the ""allowIframeRelativeUrls"" is set to true, which allows attackers to bypass hostname whitelist for iframe element, related using an src value that starts with ""/\\example.com"".","[first_aid] Apply the vendor security patch for CVE-2021-26540; if unavailable, isolate the container and restrict egress. | [full_remediation] Upgrade package sanitize-html from 1.4.2 to 2.3.2 (fixed version) in the image and rebuild/redeploy. | [scanner_guidance] Upgrade sanitize-html from 1.4.2 to 2.3.2"
200,31.7,P4,720,appsec-legacy,bwapp,trivy,httpd: <FilesMatch> bypass with a trailing newline in the file name,low,CVE-2017-15715,CWE-20,raesene/bwapp:latest (ubuntu 14.04),,,,,False,,False,,0.0,apache2,2.4.7-1ubuntu4.20,"In Apache httpd 2.4.0 to 2.4.29, the expression specified in <FilesMatch> could match '$' to a newline character in a malicious filename, rather than matching only the end of the filename. This could be exploited in environments where uploads of some files are are externally blocked, but only by matching the trailing portion of the filename.","[first_aid] Apply the vendor security patch for CVE-2017-15715; if unavailable, isolate the container and restrict egress. | [full_remediation] Upgrade package apache2 from 2.4.7-1ubuntu4.9 to 2.4.7-1ubuntu4.20 (fixed version) in the image and rebuild/redeploy. | [scanner_guidance] Upgrade apache2 from 2.4.7-1ubuntu4.9 to 2.4.7-1ubuntu4.20"
201,31.7,P4,720,appsec-legacy,bwapp,trivy,PHP: sets environmental variable based on user supplied Proxy request header,medium,CVE-2016-5385,CWE-601,raesene/bwapp:latest (ubuntu 14.04),,,,,False,,False,,0.0,libapache2-mod-php5,5.5.9+dfsg-1ubuntu4.19,"PHP through 7.0.8 does not attempt to address RFC 3875 section 4.1.18 namespace conflicts and therefore does not protect applications from the presence of untrusted client data in the HTTP_PROXY environment variable, which might allow remote attackers to redirect an application's outbound HTTP traffic to an arbitrary proxy server via a crafted Proxy header in an HTTP request, as demonstrated by (1) an application that makes a getenv('HTTP_PROXY') call or (2) a CGI configuration of PHP, aka an ""httpoxy"" issue.","[first_aid] Apply the vendor security patch for CVE-2016-5385; if unavailable, isolate the container and restrict egress. | [full_remediation] Upgrade package libapache2-mod-php5 from 5.5.9+dfsg-1ubuntu4.14 to 5.5.9+dfsg-1ubuntu4.19 (fixed version) in the image a | [scanner_guidance] Upgrade libapache2-mod-php5 from 5.5.9+dfsg-1ubuntu4.14 to 5.5.9+dfsg-1ubuntu4.19"
202,31.7,P4,720,appsec-legacy,bwapp,trivy,php: buffer overflow in ext/phar/tar.c,low,CVE-2019-9675,CWE-119,raesene/bwapp:latest (ubuntu 14.04),,,,,False,,False,,0.0,libapache2-mod-php5,5.5.9+dfsg-1ubuntu4.29,"An issue was discovered in PHP 7.x before 7.1.27 and 7.3.x before 7.3.3. phar_tar_writeheaders_int in ext/phar/tar.c has a buffer overflow via a long link value. NOTE: The vendor indicates that the link value is used only when an archive contains a symlink, which currently cannot happen: ""This issue allows theoretical compromise of security, but a practical attack is usually impossible.","[first_aid] Apply the vendor security patch for CVE-2019-9675; if unavailable, isolate the container and restrict egress. | [full_remediation] Upgrade package libapache2-mod-php5 from 5.5.9+dfsg-1ubuntu4.14 to 5.5.9+dfsg-1ubuntu4.29 (fixed version) in the image a | [scanner_guidance] Upgrade libapache2-mod-php5 from 5.5.9+dfsg-1ubuntu4.14 to 5.5.9+dfsg-1ubuntu4.29"
203,31.7,P4,720,appsec-legacy,bwapp,trivy,glibc: multiple overflows in strxfrm(),medium,CVE-2015-8982,CWE-190,raesene/bwapp:latest (ubuntu 14.04),,,,,False,,False,,0.0,libc-bin,2.19-0ubuntu6.10,"Integer overflow in the strxfrm function in the GNU C Library (aka glibc or libc6) before 2.21 allows context-dependent attackers to cause a denial of service (crash) or possibly execute arbitrary code via a long string, which triggers a stack-based buffer overflow.","[first_aid] Apply the vendor security patch for CVE-2015-8982; if unavailable, isolate the container and restrict egress. | [full_remediation] Upgrade package libc-bin from 2.19-0ubuntu6.6 to 2.19-0ubuntu6.10 (fixed version) in the image and rebuild/redeploy. | [scanner_guidance] Upgrade libc-bin from 2.19-0ubuntu6.6 to 2.19-0ubuntu6.10"
204,31.7,P4,720,appsec-legacy,bwapp,trivy,curl: Use of connection struct after free,medium,CVE-2016-5421,CWE-416,raesene/bwapp:latest (ubuntu 14.04),,,,,False,,False,,0.0,libcurl3-gnutls,7.35.0-1ubuntu2.8,Use-after-free vulnerability in libcurl before 7.50.1 allows attackers to control which connection is used or possibly have unspecified other impact via unknown vectors.,"[first_aid] Apply the vendor security patch for CVE-2016-5421; if unavailable, isolate the container and restrict egress. | [full_remediation] Upgrade package libcurl3-gnutls from 7.35.0-1ubuntu2.6 to 7.35.0-1ubuntu2.8 (fixed version) in the image and rebuild/red | [scanner_guidance] Upgrade libcurl3-gnutls from 7.35.0-1ubuntu2.6 to 7.35.0-1ubuntu2.8"
205,31.7,P4,720,appsec-legacy,bwapp,trivy,mysql: unspecified vulnerability in subcomponent: Server: Parser (CPU July 2016),medium,CVE-2016-3477,,raesene/bwapp:latest (ubuntu 14.04),,,,,False,,False,,,libmysqlclient18,5.5.50-0ubuntu0.14.04.1,"Unspecified vulnerability in Oracle MySQL 5.5.49 and earlier, 5.6.30 and earlier, and 5.7.12 and earlier and MariaDB before 5.5.50, 10.0.x before 10.0.26, and 10.1.x before 10.1.15 allows local users to affect confidentiality, integrity, and availability via vectors related to Server: Parser.","[first_aid] Apply the vendor security patch for CVE-2016-3477; if unavailable, isolate the container and restrict egress. | [full_remediation] Upgrade package libmysqlclient18 from 5.5.47-0ubuntu0.14.04.1 to 5.5.50-0ubuntu0.14.04.1 (fixed version) in the image an | [scanner_guidance] Upgrade libmysqlclient18 from 5.5.47-0ubuntu0.14.04.1 to 5.5.50-0ubuntu0.14.04.1"
206,31.5,P4,720,appsec-web,juice_shop,trivy,undici: Undici: Cookie attribute injection allows bypassing security protections,medium,CVE-2026-16729,CWE-74,Node.js,,,,,False,,False,,0.0,undici,"6.28.0, 7.29.0, 8.9.0","undici's setCookie function does not fully sanitize cookie attributes. In undici before 6.28.0, from 7.0.0 up to before 7.29.0, and from 8.0.0 up to before 8.9.0, a domain value is not checked for semicolons and entries in the unparsed array are not sanitized, so attacker-influenced input can inject additional cookie attributes. For example, a domain value containing a semicolon can append attributes such as SameSite, and an unparsed entry can inject attributes such as HttpOnly, without the caller setting them. Applications that pass user-controlled input to these fields, such as multi-tenant or reverse-proxy servers that scope session cookies to a tenant-supplied domain, can have SameSite CSRF protections bypassed, or the Secure, HttpOnly, and SameSite attributes forced, stripped, or overridden. The issue is fixed in undici 6.28.0, 7.29.0, and 8.9.0.","[first_aid] Apply the vendor security patch for CVE-2026-16729; if unavailable, isolate the container and restrict egress. | [full_remediation] Upgrade package undici from 5.29.0 to 6.28.0, 7.29.0, 8.9.0 (fixed version) in the image and rebuild/redeploy. | [scanner_guidance] Upgrade undici from 5.29.0 to 6.28.0, 7.29.0, 8.9.0"
207,31.0,P4,720,appsec-legacy,bwapp,trivy,"dmcrypt-get-device, as shipped in the eject package of Debian and Ubun ...",medium,CVE-2017-6964,CWE-252,raesene/bwapp:latest (ubuntu 14.04),,,,,False,,False,,0.0,eject,2.1.5+deb1+cvs20081104-13.1ubuntu0.14.04.1,"dmcrypt-get-device, as shipped in the eject package of Debian and Ubuntu, does not check the return value of the (1) setuid or (2) setgid function, which might cause dmcrypt-get-device to execute code, which was intended to run as an unprivileged user, as root. This affects eject through 2.1.5+deb1+cvs20081104-13.1 on Debian, eject before 2.1.5+deb1+cvs20081104-13.1ubuntu0.16.10.1 on Ubuntu 16.10, eject before 2.1.5+deb1+cvs20081104-13.1ubuntu0.16.04.1 on Ubuntu 16.04 LTS, eject before 2.1.5+deb1+cvs20081104-13.1ubuntu0.14.04.1 on Ubuntu 14.04 LTS, and eject before 2.1.5+deb1+cvs20081104-9ubuntu0.1 on Ubuntu 12.04 LTS.","[first_aid] Apply the vendor security patch for CVE-2017-6964; if unavailable, isolate the container and restrict egress. | [full_remediation] Upgrade package eject from 2.1.5+deb1+cvs20081104-13.1 to 2.1.5+deb1+cvs20081104-13.1ubuntu0.14.04.1 (fixed version) in  | [scanner_guidance] Upgrade eject from 2.1.5+deb1+cvs20081104-13.1 to 2.1.5+deb1+cvs20081104-13.1ubuntu0.14.04.1"
208,31.0,P4,720,appsec-legacy,bwapp,trivy,git: arbitrary code execution when recursively cloning a malicious repository,high,CVE-2018-11235,CWE-22,raesene/bwapp:latest (ubuntu 14.04),,,,,False,,False,,0.798,git,1:1.9.1-1ubuntu0.8,"In Git before 2.13.7, 2.14.x before 2.14.4, 2.15.x before 2.15.2, 2.16.x before 2.16.4, and 2.17.x before 2.17.1, remote code execution can occur. With a crafted .gitmodules file, a malicious project can execute an arbitrary script on a machine that runs ""git clone --recurse-submodules"" because submodule ""names"" are obtained from this file, and then appended to $GIT_DIR/modules, leading to directory traversal with ""../"" in a name. Finally, post-checkout hooks from a submodule are executed, bypassing the intended design in which hooks are not obtained from a remote server.","[first_aid] Apply the vendor security patch for CVE-2018-11235; if unavailable, isolate the container and restrict egress. | [full_remediation] Upgrade package git from 1:1.9.1-1ubuntu0.2 to 1:1.9.1-1ubuntu0.8 (fixed version) in the image and rebuild/redeploy. | [scanner_guidance] Upgrade git from 1:1.9.1-1ubuntu0.2 to 1:1.9.1-1ubuntu0.8"
209,31.0,P4,720,appsec-legacy,bwapp,trivy,glibc: heap/stack gap jumping via unbounded stack allocations,medium,CVE-2017-1000366,CWE-119,raesene/bwapp:latest (ubuntu 14.04),,,,,False,,False,,0.0,libc-bin,2.19-0ubuntu6.13,"glibc contains a vulnerability that allows specially crafted LD_LIBRARY_PATH values to manipulate the heap/stack, causing them to alias, potentially resulting in arbitrary code execution. Please note that additional hardening changes have been made to glibc to prevent manipulation of stack and heap memory but these issues are not directly exploitable, as such they have not been given a CVE. This affects glibc 2.25 and earlier.","[first_aid] Apply the vendor security patch for CVE-2017-1000366; if unavailable, isolate the container and restrict egress. | [full_remediation] Upgrade package libc-bin from 2.19-0ubuntu6.6 to 2.19-0ubuntu6.13 (fixed version) in the image and rebuild/redeploy. | [scanner_guidance] Upgrade libc-bin from 2.19-0ubuntu6.6 to 2.19-0ubuntu6.13"
210,31.0,P4,720,appsec-legacy,bwapp,trivy,glibc: Memory leak reachable via LD_HWCAP_MASK,low,CVE-2017-1000408,CWE-772,raesene/bwapp:latest (ubuntu 14.04),,,,,False,,False,,0.0,libc-bin,2.19-0ubuntu6.14,"A memory leak in glibc 2.1.1 (released on May 24, 1999) can be reached and amplified through the LD_HWCAP_MASK environment variable. Please note that many versions of glibc are not vulnerable to this issue if patched for CVE-2017-1000366.","[first_aid] Apply the vendor security patch for CVE-2017-1000408; if unavailable, isolate the container and restrict egress. | [full_remediation] Upgrade package libc-bin from 2.19-0ubuntu6.6 to 2.19-0ubuntu6.14 (fixed version) in the image and rebuild/redeploy. | [scanner_guidance] Upgrade libc-bin from 2.19-0ubuntu6.6 to 2.19-0ubuntu6.14"
211,31.0,P4,720,appsec-legacy,bwapp,trivy,libdb: Reads DB_CONFIG from the current working directory,medium,CVE-2017-10140,,raesene/bwapp:latest (ubuntu 14.04),,,,,False,,False,,,libdb5.3,5.3.28-3ubuntu3.1,"Postfix before 2.11.10, 3.0.x before 3.0.10, 3.1.x before 3.1.6, and 3.2.x before 3.2.2 might allow local users to gain privileges by leveraging undocumented functionality in Berkeley DB 2.x and later, related to reading settings from DB_CONFIG in the current directory.","[first_aid] Apply the vendor security patch for CVE-2017-10140; if unavailable, isolate the container and restrict egress. | [full_remediation] Upgrade package libdb5.3 from 5.3.28-3ubuntu3 to 5.3.28-3ubuntu3.1 (fixed version) in the image and rebuild/redeploy. | [scanner_guidance] Upgrade libdb5.3 from 5.3.28-3ubuntu3 to 5.3.28-3ubuntu3.1"
212,31.0,P4,720,appsec-legacy,bwapp,trivy,expat: Little entropy used for hash initialization,medium,CVE-2016-5300,CWE-399,raesene/bwapp:latest (ubuntu 14.04),,,,,False,,False,,0.0,libexpat1,2.1.0-4ubuntu1.3,"The XML parser in Expat does not use sufficient entropy for hash initialization, which allows context-dependent attackers to cause a denial of service (CPU consumption) via crafted identifiers in an XML document.  NOTE: this vulnerability exists because of an incomplete fix for CVE-2012-0876.","[first_aid] Apply the vendor security patch for CVE-2016-5300; if unavailable, isolate the container and restrict egress. | [full_remediation] Upgrade package libexpat1 from 2.1.0-4ubuntu1.1 to 2.1.0-4ubuntu1.3 (fixed version) in the image and rebuild/redeploy. | [scanner_guidance] Upgrade libexpat1 from 2.1.0-4ubuntu1.1 to 2.1.0-4ubuntu1.3"
213,31.0,P4,720,appsec-legacy,bwapp,trivy,OpenSSL: Avoid memory leak in SRP,low,CVE-2016-0798,CWE-399,raesene/bwapp:latest (ubuntu 14.04),,,,,False,,False,,0.0,libssl1.0.0,1.0.1f-1ubuntu2.18,"Memory leak in the SRP_VBASE_get_by_user implementation in OpenSSL 1.0.1 before 1.0.1s and 1.0.2 before 1.0.2g allows remote attackers to cause a denial of service (memory consumption) by providing an invalid username in a connection attempt, related to apps/s_server.c and crypto/srp/srp_vfy.c.","[first_aid] Apply the vendor security patch for CVE-2016-0798; if unavailable, isolate the container and restrict egress. | [full_remediation] Upgrade package libssl1.0.0 from 1.0.1f-1ubuntu2.16 to 1.0.1f-1ubuntu2.18 (fixed version) in the image and rebuild/redep | [scanner_guidance] Upgrade libssl1.0.0 from 1.0.1f-1ubuntu2.16 to 1.0.1f-1ubuntu2.18"
214,31.0,P4,720,appsec-legacy,bwapp,trivy,libxml2: Heap-buffer-overflow in xmlStrncat,medium,CVE-2016-1834,CWE-119,raesene/bwapp:latest (ubuntu 14.04),,,,,False,,False,,0.0,libxml2,2.9.1+dfsg1-3ubuntu4.8,"Heap-based buffer overflow in the xmlStrncat function in libxml2 before 2.9.4, as used in Apple iOS before 9.3.2, OS X before 10.11.5, tvOS before 9.2.1, and watchOS before 2.2.1, allows remote attackers to execute arbitrary code or cause a denial of service (memory corruption) via a crafted XML document.","[first_aid] Apply the vendor security patch for CVE-2016-1834; if unavailable, isolate the container and restrict egress. | [full_remediation] Upgrade package libxml2 from 2.9.1+dfsg1-3ubuntu4.7 to 2.9.1+dfsg1-3ubuntu4.8 (fixed version) in the image and rebuild/r | [scanner_guidance] Upgrade libxml2 from 2.9.1+dfsg1-3ubuntu4.7 to 2.9.1+dfsg1-3ubuntu4.8"
215,31.0,P4,720,appsec-legacy,bwapp,trivy,libxml2: Heap-buffer-overflow in xmlFAParserPosCharGroup,medium,CVE-2016-1840,CWE-119,raesene/bwapp:latest (ubuntu 14.04),,,,,False,,False,,0.0,libxml2,2.9.1+dfsg1-3ubuntu4.8,"Heap-based buffer overflow in the xmlFAParsePosCharGroup function in libxml2 before 2.9.4, as used in Apple iOS before 9.3.2, OS X before 10.11.5, tvOS before 9.2.1, and watchOS before 2.2.1, allows remote attackers to execute arbitrary code or cause a denial of service (memory corruption) via a crafted XML document.","[first_aid] Apply the vendor security patch for CVE-2016-1840; if unavailable, isolate the container and restrict egress. | [full_remediation] Upgrade package libxml2 from 2.9.1+dfsg1-3ubuntu4.7 to 2.9.1+dfsg1-3ubuntu4.8 (fixed version) in the image and rebuild/r | [scanner_guidance] Upgrade libxml2 from 2.9.1+dfsg1-3ubuntu4.7 to 2.9.1+dfsg1-3ubuntu4.8"
216,31.0,P4,720,appsec-legacy,bwapp,trivy,openssh: Denial of service via very long passwords,medium,CVE-2016-6515,CWE-20,raesene/bwapp:latest (ubuntu 14.04),,,,,False,,False,,0.0,openssh-client,1:6.6p1-2ubuntu2.8,"The auth_password function in auth-passwd.c in sshd in OpenSSH before 7.3 does not limit password lengths for password authentication, which allows remote attackers to cause a denial of service (crypt CPU consumption) via a long string.","[first_aid] Apply the vendor security patch for CVE-2016-6515; if unavailable, isolate the container and restrict egress. | [full_remediation] Upgrade package openssh-client from 1:6.6p1-2ubuntu2.6 to 1:6.6p1-2ubuntu2.8 (fixed version) in the image and rebuild/re | [scanner_guidance] Upgrade openssh-client from 1:6.6p1-2ubuntu2.6 to 1:6.6p1-2ubuntu2.8"
217,31.0,P4,720,appsec-legacy,bwapp,trivy,openssh: Bounds check can be evaded in the shared memory manager used by pre-authentication compression support,low,CVE-2016-10012,CWE-119,raesene/bwapp:latest (ubuntu 14.04),,,,,False,,False,,0.0,openssh-client,1:6.6p1-2ubuntu2.10,"The shared memory manager (associated with pre-authentication compression) in sshd in OpenSSH before 7.4 does not ensure that a bounds check is enforced by all compilers, which might allows local users to gain privileges by leveraging access to a sandboxed privilege-separation process, related to the m_zback and m_zlib data structures.","[first_aid] Apply the vendor security patch for CVE-2016-10012; if unavailable, isolate the container and restrict egress. | [full_remediation] Upgrade package openssh-client from 1:6.6p1-2ubuntu2.6 to 1:6.6p1-2ubuntu2.10 (fixed version) in the image and rebuild/r | [scanner_guidance] Upgrade openssh-client from 1:6.6p1-2ubuntu2.6 to 1:6.6p1-2ubuntu2.10"
218,31.0,P4,720,appsec-legacy,bwapp,trivy,patch: Malicious patch files cause ed to execute arbitrary commands,medium,CVE-2018-1000156,CWE-20,raesene/bwapp:latest (ubuntu 14.04),,,,,False,,False,,0.0,patch,2.7.1-4ubuntu2.4,"GNU Patch version 2.7.6 contains an input validation vulnerability when processing patch files, specifically the EDITOR_PROGRAM invocation (using ed) can result in code execution. This attack appear to be exploitable via a patch file processed via the patch utility. This is similar to FreeBSD's CVE-2015-1418 however although they share a common ancestry the code bases have diverged over time.","[first_aid] Apply the vendor security patch for CVE-2018-1000156; if unavailable, isolate the container and restrict egress. | [full_remediation] Upgrade package patch from 2.7.1-4ubuntu2.3 to 2.7.1-4ubuntu2.4 (fixed version) in the image and rebuild/redeploy. | [scanner_guidance] Upgrade patch from 2.7.1-4ubuntu2.3 to 2.7.1-4ubuntu2.4"
219,31.0,P4,720,appsec-legacy,bwapp,trivy,vim: Lack of validation of values for few options results in code exection,medium,CVE-2016-1248,CWE-20,raesene/bwapp:latest (ubuntu 14.04),,,,,False,,False,,0.0,vim-common,2:7.4.052-1ubuntu3.1,"vim before patch 8.0.0056 does not properly validate values for the 'filetype', 'syntax' and 'keymap' options, which may result in the execution of arbitrary code if a file with a specially crafted modeline is opened.","[first_aid] Apply the vendor security patch for CVE-2016-1248; if unavailable, isolate the container and restrict egress. | [full_remediation] Upgrade package vim-common from 2:7.4.052-1ubuntu3 to 2:7.4.052-1ubuntu3.1 (fixed version) in the image and rebuild/rede | [scanner_guidance] Upgrade vim-common from 2:7.4.052-1ubuntu3 to 2:7.4.052-1ubuntu3.1"
220,31.0,P4,720,appsec-web,juice_shop,trivy,undici: Undici: HTTP header injection and request smuggling vulnerability,medium,CVE-2026-1527,CWE-93,Node.js,,,,,False,,False,,0.0,undici,"6.24.0, 7.24.0","ImpactWhen an application passes user-controlled input to the upgrade option of client.request(), an attacker can inject CRLF sequences (\r\n) to:

  *  Inject arbitrary HTTP headers
  *  Terminate the HTTP request prematurely and smuggle raw data to non-HTTP services (Redis, Memcached, Elasticsearch)
The vulnerability exists because undici writes the upgrade value directly to the socket without validating for invalid header characters:

// lib/dispatcher/client-h1.js:1121
if (upgrade) {
  header += `connection: upgrade\r\nupgrade: ${upgrade}\r\n`
}","[first_aid] Apply the vendor security patch for CVE-2026-1527; if unavailable, isolate the container and restrict egress. | [full_remediation] Upgrade package undici from 5.29.0 to 6.24.0, 7.24.0 (fixed version) in the image and rebuild/redeploy. | [scanner_guidance] Upgrade undici from 5.29.0 to 6.24.0, 7.24.0"
221,30.7,P4,720,appsec-legacy,bwapp,trivy,mysql: Server: Optimizer unspecified vulnerability (CPU Apr 2017),medium,CVE-2017-3309,,raesene/bwapp:latest (ubuntu 14.04),,,,,False,,False,,,libmysqlclient18,5.5.55-0ubuntu0.14.04.1,"Vulnerability in the MySQL Server component of Oracle MySQL (subcomponent: Server: Optimizer). Supported versions that are affected are 5.5.54 and earlier, 5.6.35 and earlier and 5.7.17 and earlier. Easily ""exploitable"" vulnerability allows low privileged attacker with network access via multiple protocols to compromise MySQL Server. While the vulnerability is in MySQL Server, attacks may significantly impact additional products. Successful attacks of this vulnerability can result in unauthorized ability to cause a hang or frequently repeatable crash (complete DOS) of MySQL Server. CVSS 3.0 Base Score 7.7 (Availability impacts). CVSS Vector: (CVSS:3.0/AV:N/AC:L/PR:L/UI:N/S:C/C:N/I:N/A:H).","[first_aid] Apply the vendor security patch for CVE-2017-3309; if unavailable, isolate the container and restrict egress. | [full_remediation] Upgrade package libmysqlclient18 from 5.5.47-0ubuntu0.14.04.1 to 5.5.55-0ubuntu0.14.04.1 (fixed version) in the image an | [scanner_guidance] Upgrade libmysqlclient18 from 5.5.47-0ubuntu0.14.04.1 to 5.5.55-0ubuntu0.14.04.1"
222,30.7,P4,720,appsec-legacy,bwapp,trivy,ntp: missing key check allows impersonation between authenticated peers (VU#357792),low,CVE-2015-7974,CWE-287,raesene/bwapp:latest (ubuntu 14.04),,,,,False,,False,,0.798,ntpdate,1:4.2.6.p5+dfsg-3ubuntu2.14.04.10,"NTP 4.x before 4.2.8p6 and 4.3.x before 4.3.90 do not verify peer associations of symmetric keys when authenticating packets, which might allow remote attackers to conduct impersonation attacks via an arbitrary trusted key, aka a ""skeleton key.""","[first_aid] Apply the vendor security patch for CVE-2015-7974; if unavailable, isolate the container and restrict egress. | [full_remediation] Upgrade package ntpdate from 1:4.2.6.p5+dfsg-3ubuntu2.14.04.6 to 1:4.2.6.p5+dfsg-3ubuntu2.14.04.10 (fixed version) in th | [scanner_guidance] Upgrade ntpdate from 1:4.2.6.p5+dfsg-3ubuntu2.14.04.6 to 1:4.2.6.p5+dfsg-3ubuntu2.14.04.10"
223,30.7,P4,720,appsec-node,nodegoat,trivy,openssl: Possible DoS translating ASN.1 object identifiers,medium,CVE-2023-2650,CWE-770,nodegoat-web:latest (alpine 3.15.4),,,,,False,,False,,0.0,libcrypto1.1,1.1.1u-r0,"Issue summary: Processing some specially crafted ASN.1 object identifiers or
data containing them may be very slow.

Impact summary: Applications that use OBJ_obj2txt() directly, or use any of
the OpenSSL subsystems OCSP, PKCS7/SMIME, CMS, CMP/CRMF or TS with no message
size limit may experience notable to very long delays when processing those
messages, which may lead to a Denial of Service.

An OBJECT IDENTIFIER is composed of a series of numbers - sub-identifiers -
most of which have no size limit.  OBJ_obj2txt() may be used to translate
an ASN.1 OBJECT IDENTIFIER given in DER encoding form (using the OpenSSL
type ASN1_OBJECT) to its canonical numeric text form, which are the
sub-identifiers of the OBJECT IDENTIFIER in decimal form, separated by
periods.

When one of the sub-identifiers in the OBJECT IDENTIFIER is very large
(these are sizes that are seen as absurdly large, taking up tens or hundreds
of KiBs), the translation to a decimal number in text may take a very long
time.  The time complexity is O(n^2) with 'n' being the size of the
sub-identifiers in bytes (*).

With OpenSSL 3.0, support to fetch cryptographic algorithms using names /
identifiers in string form was introduced.  This includes using OBJECT
IDENTIFIERs in canonical numeric text form as identifiers for fetching
algorithms.

Such OBJECT IDENTIFIERs may be received through the ASN.1 structure
AlgorithmIdentifier, which is commonly used in multiple protocols to specify
what cryptographic algorithm should be used to sign or verify, encrypt or
decrypt, or digest passed data.

Applications that call OBJ_obj2txt() directly with untrusted data are
affected, with any version of OpenSSL.  If the use is for the mere purpose
of display, the severity is considered low.

In OpenSSL 3.0 and newer, this affects the subsystems OCSP, PKCS7/SMIME,
CMS, CMP/CRMF or TS.  It also impacts anything that processes X.509
certificates, including simple things like verifying its signature.

The impact on TLS is relatively low, because all versions of OpenSSL have a
100KiB limit on the peer's certificate chain.  Additionally, this only
impacts clients, or servers that have explicitly enabled client
authentication.

In OpenSSL 1.1.1 and 1.0.2, this only affects displaying diverse objects,
such as X.509 certificates.  This is assumed to not happen in such a way
that it would cause a Denial of Service, so these versions are considered
not affected by this issue in such a way that it would be cause for concern,
and the severity is therefore considered low.","[first_aid] Apply the vendor security patch for CVE-2023-2650; if unavailable, isolate the container and restrict egress. | [full_remediation] Upgrade package libcrypto1.1 from 1.1.1n-r0 to 1.1.1u-r0 (fixed version) in the image and rebuild/redeploy. | [scanner_guidance] Upgrade libcrypto1.1 from 1.1.1n-r0 to 1.1.1u-r0"
224,30.7,P4,720,appsec-node,nodegoat,trivy,minimatch: Minimatch: Denial of Service via catastrophic backtracking in glob expressions,high,CVE-2026-27904,CWE-1333,Node.js,,,,,False,,False,,0.0,minimatch,"10.2.3, 9.0.7, 8.0.6, 7.4.8, 6.2.2, 5.1.8, 4.2.5, 3.1.4","minimatch is a minimal matching utility for converting glob expressions into JavaScript RegExp objects. Prior to version 10.2.3, 9.0.7, 8.0.6, 7.4.8, 6.2.2, 5.1.8, 4.2.5, and 3.1.4, nested `*()` extglobs produce regexps with nested unbounded quantifiers (e.g. `(?:(?:a|b)*)*`), which exhibit catastrophic backtracking in V8. With a 12-byte pattern `*(*(*(a|b)))` and an 18-byte non-matching input, `minimatch()` stalls for over 7 seconds. Adding a single nesting level or a few input characters pushes this to minutes. This is the most severe finding: it is triggered by the default `minimatch()` API with no special options, and the minimum viable pattern is only 12 bytes. The same issue affects `+()` extglobs equally. Versions 10.2.3, 9.0.7, 8.0.6, 7.4.8, 6.2.2, 5.1.8, 4.2.5, and 3.1.4 fix the issue.","[first_aid] Apply the vendor security patch for CVE-2026-27904; if unavailable, isolate the container and restrict egress. | [full_remediation] Upgrade package minimatch from 3.0.4 to 10.2.3, 9.0.7, 8.0.6, 7.4.8, 6.2.2, 5.1.8, 4.2.5, 3.1.4 (fixed version) in the i | [scanner_guidance] Upgrade minimatch from 3.0.4 to 10.2.3, 9.0.7, 8.0.6, 7.4.8, 6.2.2, 5.1.8, 4.2.5, 3.1.4"
225,30.7,P4,720,appsec-node,nodegoat,trivy,node-tar: denial of service while parsing a tar file due to lack of folders depth validation,medium,CVE-2024-28863,CWE-400,Node.js,,,,,False,,False,,0.0,tar,6.2.1,node-tar is a Tar for Node.js. node-tar prior to version 6.2.1 has no limit on the number of sub-folders created in the folder creation process. An attacker who generates a large number of sub-folders can consume memory on the system running node-tar and even crash the Node.js client within few seconds of running it using a path with too many sub-folders inside. Version 6.2.1 fixes this issue by preventing extraction in excessively deep sub-folders.,"[first_aid] Apply the vendor security patch for CVE-2024-28863; if unavailable, isolate the container and restrict egress. | [full_remediation] Upgrade package tar from 4.4.19 to 6.2.1 (fixed version) in the image and rebuild/redeploy. | [scanner_guidance] Upgrade tar from 4.4.19 to 6.2.1"
226,30.7,P4,720,appsec-node,nodegoat,trivy,nodejs-underscore: Arbitrary code execution via the template function,critical,CVE-2021-23358,CWE-94,Node.js,,,,,False,,False,,0.0,underscore,1.12.1,"The package underscore from 1.13.0-0 and before 1.13.0-2, from 1.3.2 and before 1.12.1 are vulnerable to Arbitrary Code Injection via the template function, particularly when a variable property is passed as an argument as it is not sanitized.","[first_aid] Apply the vendor security patch for CVE-2021-23358; if unavailable, isolate the container and restrict egress. | [full_remediation] Upgrade package underscore from 1.9.1 to 1.12.1 (fixed version) in the image and rebuild/redeploy. | [scanner_guidance] Upgrade underscore from 1.9.1 to 1.12.1"
227,30.3,P4,720,appsec-legacy,bwapp,trivy,httpd: ap_get_basic_auth_pw() authentication bypass,medium,CVE-2017-3167,CWE-287,raesene/bwapp:latest (ubuntu 14.04),,,,,False,,False,,0.798,apache2,2.4.7-1ubuntu4.16,"In Apache httpd 2.2.x before 2.2.33 and 2.4.x before 2.4.26, use of the ap_get_basic_auth_pw() by third-party modules outside of the authentication phase may lead to authentication requirements being bypassed.","[first_aid] Apply the vendor security patch for CVE-2017-3167; if unavailable, isolate the container and restrict egress. | [full_remediation] Upgrade package apache2 from 2.4.7-1ubuntu4.9 to 2.4.7-1ubuntu4.16 (fixed version) in the image and rebuild/redeploy. | [scanner_guidance] Upgrade apache2 from 2.4.7-1ubuntu4.9 to 2.4.7-1ubuntu4.16"
228,30.3,P4,720,appsec-legacy,bwapp,trivy,httpd: mod_ssl NULL pointer dereference,medium,CVE-2017-3169,CWE-476,raesene/bwapp:latest (ubuntu 14.04),,,,,False,,False,,0.0,apache2,2.4.7-1ubuntu4.16,"In Apache httpd 2.2.x before 2.2.33 and 2.4.x before 2.4.26, mod_ssl may dereference a NULL pointer when third-party modules call ap_hook_process_connection() during an HTTP request to an HTTPS port.","[first_aid] Apply the vendor security patch for CVE-2017-3169; if unavailable, isolate the container and restrict egress. | [full_remediation] Upgrade package apache2 from 2.4.7-1ubuntu4.9 to 2.4.7-1ubuntu4.16 (fixed version) in the image and rebuild/redeploy. | [scanner_guidance] Upgrade apache2 from 2.4.7-1ubuntu4.9 to 2.4.7-1ubuntu4.16"
229,30.3,P4,720,appsec-legacy,bwapp,trivy,httpd: ap_find_token() buffer overread,medium,CVE-2017-7668,CWE-126,raesene/bwapp:latest (ubuntu 14.04),,,,,False,,False,,0.0,apache2,2.4.7-1ubuntu4.16,"The HTTP strict parsing changes added in Apache httpd 2.2.32 and 2.4.24 introduced a bug in token list parsing, which allows ap_find_token() to search past the end of its input string. By maliciously crafting a sequence of request headers, an attacker may be able to cause a segmentation fault, or to force ap_find_token() to return an incorrect value.","[first_aid] Apply the vendor security patch for CVE-2017-7668; if unavailable, isolate the container and restrict egress. | [full_remediation] Upgrade package apache2 from 2.4.7-1ubuntu4.9 to 2.4.7-1ubuntu4.16 (fixed version) in the image and rebuild/redeploy. | [scanner_guidance] Upgrade apache2 from 2.4.7-1ubuntu4.9 to 2.4.7-1ubuntu4.16"
230,30.3,P4,720,appsec-legacy,bwapp,trivy,httpd: DoS vulnerability in mod_auth_digest,low,CVE-2016-2161,CWE-823,raesene/bwapp:latest (ubuntu 14.04),,,,,False,,False,,0.0,apache2,2.4.7-1ubuntu4.15,"In Apache HTTP Server versions 2.4.0 to 2.4.23, malicious input to mod_auth_digest can cause the server to crash, and each instance continues to crash even for subsequently valid requests.","[first_aid] Apply the vendor security patch for CVE-2016-2161; if unavailable, isolate the container and restrict egress. | [full_remediation] Upgrade package apache2 from 2.4.7-1ubuntu4.9 to 2.4.7-1ubuntu4.15 (fixed version) in the image and rebuild/redeploy. | [scanner_guidance] Upgrade apache2 from 2.4.7-1ubuntu4.9 to 2.4.7-1ubuntu4.15"
231,30.3,P4,720,appsec-legacy,bwapp,trivy,httpd: mod_mime buffer overread,low,CVE-2017-7679,CWE-126,raesene/bwapp:latest (ubuntu 14.04),,,,,False,,False,,0.0,apache2,2.4.7-1ubuntu4.16,"In Apache httpd 2.2.x before 2.2.33 and 2.4.x before 2.4.26, mod_mime can read one byte past the end of a buffer when sending a malicious Content-Type response header.","[first_aid] Apply the vendor security patch for CVE-2017-7679; if unavailable, isolate the container and restrict egress. | [full_remediation] Upgrade package apache2 from 2.4.7-1ubuntu4.9 to 2.4.7-1ubuntu4.16 (fixed version) in the image and rebuild/redeploy. | [scanner_guidance] Upgrade apache2 from 2.4.7-1ubuntu4.9 to 2.4.7-1ubuntu4.16"
232,30.3,P4,720,appsec-legacy,bwapp,trivy,httpd: Out of bounds read in mod_cache_socache can allow a remote attacker to cause DoS,low,CVE-2018-1303,CWE-125,raesene/bwapp:latest (ubuntu 14.04),,,,,False,,False,,0.0,apache2,2.4.7-1ubuntu4.20,"A specially crafted HTTP request header could have crashed the Apache HTTP Server prior to version 2.4.30 due to an out of bound read while preparing data to be cached in shared memory. It could be used as a Denial of Service attack against users of mod_cache_socache. The vulnerability is considered as low risk since mod_cache_socache is not widely used, mod_cache_disk is not concerned by this vulnerability.","[first_aid] Apply the vendor security patch for CVE-2018-1303; if unavailable, isolate the container and restrict egress. | [full_remediation] Upgrade package apache2 from 2.4.7-1ubuntu4.9 to 2.4.7-1ubuntu4.20 (fixed version) in the image and rebuild/redeploy. | [scanner_guidance] Upgrade apache2 from 2.4.7-1ubuntu4.9 to 2.4.7-1ubuntu4.20"
233,30.3,P4,720,appsec-legacy,bwapp,trivy,httpd: mod_session_cookie does not respect expiry time,low,CVE-2018-17199,CWE-384,raesene/bwapp:latest (ubuntu 14.04),,,,,False,,False,,0.0,apache2,2.4.7-1ubuntu4.22,"In Apache HTTP Server 2.4 release 2.4.37 and prior, mod_session checks the session expiry time before decoding the session. This causes session expiry time to be ignored for mod_session_cookie sessions since the expiry time is loaded when the session is decoded.","[first_aid] Apply the vendor security patch for CVE-2018-17199; if unavailable, isolate the container and restrict egress. | [full_remediation] Upgrade package apache2 from 2.4.7-1ubuntu4.9 to 2.4.7-1ubuntu4.22 (fixed version) in the image and rebuild/redeploy. | [scanner_guidance] Upgrade apache2 from 2.4.7-1ubuntu4.9 to 2.4.7-1ubuntu4.22"
234,30.3,P4,720,appsec-legacy,bwapp,trivy,bash: Arbitrary code execution via malicious hostname,low,CVE-2016-0634,CWE-78,raesene/bwapp:latest (ubuntu 14.04),,,,,False,,False,,0.95,bash,4.3-7ubuntu1.7,The expansion of '\h' in the prompt string in bash 4.3 allows remote authenticated users to execute arbitrary code via shell metacharacters placed in 'hostname' of a machine.,"[first_aid] Apply the vendor security patch for CVE-2016-0634; if unavailable, isolate the container and restrict egress. | [full_remediation] Upgrade package bash from 4.3-7ubuntu1.5 to 4.3-7ubuntu1.7 (fixed version) in the image and rebuild/redeploy. | [scanner_guidance] Upgrade bash from 4.3-7ubuntu1.5 to 4.3-7ubuntu1.7"
235,30.3,P4,720,appsec-legacy,bwapp,trivy,busybox: wget: Heap-based buffer overflow in the retrieve_file_data() function,medium,CVE-2018-1000517,CWE-120,raesene/bwapp:latest (ubuntu 14.04),,,,,False,,False,,0.0,busybox-initramfs,1:1.21.0-1ubuntu1.4,BusyBox project BusyBox wget version prior to commit 8e2174e9bd836e53c8b9c6e00d1bc6e2a718686e contains a Buffer Overflow vulnerability in Busybox wget that can result in heap buffer overflow. This attack appear to be exploitable via network connectivity. This vulnerability appears to have been fixed in after commit 8e2174e9bd836e53c8b9c6e00d1bc6e2a718686e.,"[first_aid] Apply the vendor security patch for CVE-2018-1000517; if unavailable, isolate the container and restrict egress. | [full_remediation] Upgrade package busybox-initramfs from 1:1.21.0-1ubuntu1 to 1:1.21.0-1ubuntu1.4 (fixed version) in the image and rebuild | [scanner_guidance] Upgrade busybox-initramfs from 1:1.21.0-1ubuntu1 to 1:1.21.0-1ubuntu1.4"
236,30.3,P4,720,appsec-legacy,bwapp,trivy,busybox: Path traversal via crafted tar file containing symlink,low,CVE-2011-5325,CWE-22,raesene/bwapp:latest (ubuntu 14.04),,,,,False,,False,,0.798,busybox-initramfs,1:1.21.0-1ubuntu1.4,Directory traversal vulnerability in the BusyBox implementation of tar before 1.22.0 v5 allows remote attackers to point to files outside the current working directory via a symlink.,"[first_aid] Apply the vendor security patch for CVE-2011-5325; if unavailable, isolate the container and restrict egress. | [full_remediation] Upgrade package busybox-initramfs from 1:1.21.0-1ubuntu1 to 1:1.21.0-1ubuntu1.4 (fixed version) in the image and rebuild | [scanner_guidance] Upgrade busybox-initramfs from 1:1.21.0-1ubuntu1 to 1:1.21.0-1ubuntu1.4"
237,30.3,P4,720,appsec-legacy,bwapp,trivy,busybox: heap-based buffer overflow in OPTION_6RD parsing,low,CVE-2016-2148,CWE-119,raesene/bwapp:latest (ubuntu 14.04),,,,,False,,False,,0.0,busybox-initramfs,1:1.21.0-1ubuntu1.4,Heap-based buffer overflow in the DHCP client (udhcpc) in BusyBox before 1.25.0 allows remote attackers to have unspecified impact via vectors involving OPTION_6RD parsing.,"[first_aid] Apply the vendor security patch for CVE-2016-2148; if unavailable, isolate the container and restrict egress. | [full_remediation] Upgrade package busybox-initramfs from 1:1.21.0-1ubuntu1 to 1:1.21.0-1ubuntu1.4 (fixed version) in the image and rebuild | [scanner_guidance] Upgrade busybox-initramfs from 1:1.21.0-1ubuntu1 to 1:1.21.0-1ubuntu1.4"
238,30.3,P4,720,appsec-legacy,bwapp,trivy,busybox: Out of bounds read in udhcp components resulting in information disclosure,low,CVE-2018-20679,CWE-125,raesene/bwapp:latest (ubuntu 14.04),,,,,False,,False,,0.0,busybox-initramfs,1:1.21.0-1ubuntu1.4,"An issue was discovered in BusyBox before 1.30.0. An out of bounds read in udhcp components (consumed by the DHCP server, client, and relay) allows a remote attacker to leak sensitive information from the stack by sending a crafted DHCP message. This is related to verification in udhcp_get_option() in networking/udhcp/common.c that 4-byte options are indeed 4 bytes.","[first_aid] Apply the vendor security patch for CVE-2018-20679; if unavailable, isolate the container and restrict egress. | [full_remediation] Upgrade package busybox-initramfs from 1:1.21.0-1ubuntu1 to 1:1.21.0-1ubuntu1.4 (fixed version) in the image and rebuild | [scanner_guidance] Upgrade busybox-initramfs from 1:1.21.0-1ubuntu1 to 1:1.21.0-1ubuntu1.4"
239,30.3,P4,720,appsec-legacy,bwapp,trivy,file: malformed elf file causes access to uninitialized memory,low,CVE-2014-9653,CWE-20,raesene/bwapp:latest (ubuntu 14.04),,,,,False,,False,,0.0,file,1:5.14-2ubuntu3.4,"readelf.c in file before 5.22, as used in the Fileinfo component in PHP before 5.4.37, 5.5.x before 5.5.21, and 5.6.x before 5.6.5, does not consider that pread calls sometimes read only a subset of the available data, which allows remote attackers to cause a denial of service (uninitialized memory access) or possibly have unspecified other impact via a crafted ELF file.","[first_aid] Apply the vendor security patch for CVE-2014-9653; if unavailable, isolate the container and restrict egress. | [full_remediation] Upgrade package file from 1:5.14-2ubuntu3.3 to 1:5.14-2ubuntu3.4 (fixed version) in the image and rebuild/redeploy. | [scanner_guidance] Upgrade file from 1:5.14-2ubuntu3.3 to 1:5.14-2ubuntu3.4"
240,30.3,P4,720,appsec-legacy,bwapp,trivy,file: Buffer over-write in finfo_open with malformed magic file,low,CVE-2015-8865,CWE-119,raesene/bwapp:latest (ubuntu 14.04),,,,,False,,False,,0.0,file,1:5.14-2ubuntu3.4,"The file_check_mem function in funcs.c in file before 5.23, as used in the Fileinfo component in PHP before 5.5.34, 5.6.x before 5.6.20, and 7.x before 7.0.5, mishandles continuation-level jumps, which allows context-dependent attackers to cause a denial of service (buffer overflow and application crash) or possibly execute arbitrary code via a crafted magic file.","[first_aid] Apply the vendor security patch for CVE-2015-8865; if unavailable, isolate the container and restrict egress. | [full_remediation] Upgrade package file from 1:5.14-2ubuntu3.3 to 1:5.14-2ubuntu3.4 (fixed version) in the image and rebuild/redeploy. | [scanner_guidance] Upgrade file from 1:5.14-2ubuntu3.3 to 1:5.14-2ubuntu3.4"
241,30.3,P4,720,appsec-legacy,bwapp,trivy,git: arbitrary code execution via .gitmodules,medium,CVE-2018-17456,CWE-88,raesene/bwapp:latest (ubuntu 14.04),,,,,False,,False,,0.0,git,1:1.9.1-1ubuntu0.9,"Git before 2.14.5, 2.15.x before 2.15.3, 2.16.x before 2.16.5, 2.17.x before 2.17.2, 2.18.x before 2.18.1, and 2.19.x before 2.19.1 allows remote code execution during processing of a recursive ""git clone"" of a superproject if a .gitmodules file has a URL field beginning with a '-' character.","[first_aid] Apply the vendor security patch for CVE-2018-17456; if unavailable, isolate the container and restrict egress. | [full_remediation] Upgrade package git from 1:1.9.1-1ubuntu0.2 to 1:1.9.1-1ubuntu0.9 (fixed version) in the image and rebuild/redeploy. | [scanner_guidance] Upgrade git from 1:1.9.1-1ubuntu0.2 to 1:1.9.1-1ubuntu0.9"
242,30.3,P4,720,appsec-legacy,bwapp,trivy,gnupg2: Improper sanitization of filenames allows for the display of fake status messages and the bypass of signature verification,medium,CVE-2018-12020,CWE-706,raesene/bwapp:latest (ubuntu 14.04),,,,,False,,False,,0.0,gnupg,1.4.16-1ubuntu2.5,"mainproc.c in GnuPG before 2.2.8 mishandles the original filename during decryption and verification actions, which allows remote attackers to spoof the output that GnuPG sends on file descriptor 2 to other programs that use the ""--status-fd 2"" option. For example, the OpenPGP data might represent an original filename that contains line feed characters in conjunction with GOODSIG or VALIDSIG status codes.","[first_aid] Apply the vendor security patch for CVE-2018-12020; if unavailable, isolate the container and restrict egress. | [full_remediation] Upgrade package gnupg from 1.4.16-1ubuntu2.3 to 1.4.16-1ubuntu2.5 (fixed version) in the image and rebuild/redeploy. | [scanner_guidance] Upgrade gnupg from 1.4.16-1ubuntu2.3 to 1.4.16-1ubuntu2.5"
243,30.3,P4,720,appsec-legacy,bwapp,trivy,dhcp: Reference count overflow in dhcpd allows denial of service,medium,CVE-2018-5733,CWE-190,raesene/bwapp:latest (ubuntu 14.04),,,,,False,,False,,0.0,isc-dhcp-client,4.2.4-7ubuntu12.12,"A malicious client which is allowed to send very large amounts of traffic (billions of packets) to a DHCP server can eventually overflow a 32-bit reference counter, potentially causing dhcpd to crash. Affects ISC DHCP 4.1.0 -> 4.1-ESV-R15, 4.2.0 -> 4.2.8, 4.3.0 -> 4.3.6, 4.4.0.","[first_aid] Apply the vendor security patch for CVE-2018-5733; if unavailable, isolate the container and restrict egress. | [full_remediation] Upgrade package isc-dhcp-client from 4.2.4-7ubuntu12.4 to 4.2.4-7ubuntu12.12 (fixed version) in the image and rebuild/re | [scanner_guidance] Upgrade isc-dhcp-client from 4.2.4-7ubuntu12.4 to 4.2.4-7ubuntu12.12"
244,30.3,P4,720,appsec-legacy,bwapp,trivy,dhcp: omapi code doesn't free socket descriptors when empty message is received allowing denial-of-service,low,CVE-2017-3144,CWE-400,raesene/bwapp:latest (ubuntu 14.04),,,,,False,,False,,0.0,isc-dhcp-client,4.2.4-7ubuntu12.12,"A vulnerability stemming from failure to properly clean up closed OMAPI connections can lead to exhaustion of the pool of socket descriptors available to the DHCP server. Affects ISC DHCP 4.1.0 to 4.1-ESV-R15, 4.2.0 to 4.2.8, 4.3.0 to 4.3.6. Older versions may also be affected but are well beyond their end-of-life (EOL). Releases prior to 4.1.0 have not been tested.","[first_aid] Apply the vendor security patch for CVE-2017-3144; if unavailable, isolate the container and restrict egress. | [full_remediation] Upgrade package isc-dhcp-client from 4.2.4-7ubuntu12.4 to 4.2.4-7ubuntu12.12 (fixed version) in the image and rebuild/re | [scanner_guidance] Upgrade isc-dhcp-client from 4.2.4-7ubuntu12.4 to 4.2.4-7ubuntu12.12"
245,30.3,P4,720,appsec-legacy,bwapp,trivy,php: Format string vulnerability in php_snmp_error(),medium,CVE-2016-4071,CWE-20,raesene/bwapp:latest (ubuntu 14.04),,,,,False,,False,,0.0,libapache2-mod-php5,5.5.9+dfsg-1ubuntu4.16,"Format string vulnerability in the php_snmp_error function in ext/snmp/snmp.c in PHP before 5.5.34, 5.6.x before 5.6.20, and 7.x before 7.0.5 allows remote attackers to execute arbitrary code via format string specifiers in an SNMP::get call.","[first_aid] Apply the vendor security patch for CVE-2016-4071; if unavailable, isolate the container and restrict egress. | [full_remediation] Upgrade package libapache2-mod-php5 from 5.5.9+dfsg-1ubuntu4.14 to 5.5.9+dfsg-1ubuntu4.16 (fixed version) in the image a | [scanner_guidance] Upgrade libapache2-mod-php5 from 5.5.9+dfsg-1ubuntu4.14 to 5.5.9+dfsg-1ubuntu4.16"
246,30.3,P4,720,appsec-legacy,bwapp,trivy,php: bcpowmod accepts negative scale causing heap buffer overflow corrupting _one_ definition,medium,CVE-2016-4538,CWE-20,raesene/bwapp:latest (ubuntu 14.04),,,,,False,,False,,0.0,libapache2-mod-php5,5.5.9+dfsg-1ubuntu4.17,"The bcpowmod function in ext/bcmath/bcmath.c in PHP before 5.5.35, 5.6.x before 5.6.21, and 7.x before 7.0.6 modifies certain data structures without considering whether they are copies of the _zero_, _one_, or _two_ global variable, which allows remote attackers to cause a denial of service or possibly have unspecified other impact via a crafted call.","[first_aid] Apply the vendor security patch for CVE-2016-4538; if unavailable, isolate the container and restrict egress. | [full_remediation] Upgrade package libapache2-mod-php5 from 5.5.9+dfsg-1ubuntu4.14 to 5.5.9+dfsg-1ubuntu4.17 (fixed version) in the image a | [scanner_guidance] Upgrade libapache2-mod-php5 from 5.5.9+dfsg-1ubuntu4.14 to 5.5.9+dfsg-1ubuntu4.17"
247,30.3,P4,720,appsec-legacy,bwapp,trivy,php: xml_parse_into_struct() can crash when XML parser is re-used,medium,CVE-2016-4539,CWE-119,raesene/bwapp:latest (ubuntu 14.04),,,,,False,,False,,0.0,libapache2-mod-php5,5.5.9+dfsg-1ubuntu4.17,"The xml_parse_into_struct function in ext/xml/xml.c in PHP before 5.5.35, 5.6.x before 5.6.21, and 7.x before 7.0.6 allows remote attackers to cause a denial of service (buffer under-read and segmentation fault) or possibly have unspecified other impact via crafted XML data in the second argument, leading to a parser level of zero.","[first_aid] Apply the vendor security patch for CVE-2016-4539; if unavailable, isolate the container and restrict egress. | [full_remediation] Upgrade package libapache2-mod-php5 from 5.5.9+dfsg-1ubuntu4.14 to 5.5.9+dfsg-1ubuntu4.17 (fixed version) in the image a | [scanner_guidance] Upgrade libapache2-mod-php5 from 5.5.9+dfsg-1ubuntu4.14 to 5.5.9+dfsg-1ubuntu4.17"
248,30.3,P4,720,appsec-legacy,bwapp,trivy,php: Double free in _php_mb_regex_ereg_replace_exec,medium,CVE-2016-5768,CWE-415,raesene/bwapp:latest (ubuntu 14.04),,,,,False,,False,,0.0,libapache2-mod-php5,5.5.9+dfsg-1ubuntu4.19,"Double free vulnerability in the _php_mb_regex_ereg_replace_exec function in php_mbregex.c in the mbstring extension in PHP before 5.5.37, 5.6.x before 5.6.23, and 7.x before 7.0.8 allows remote attackers to execute arbitrary code or cause a denial of service (application crash) by leveraging a callback exception.","[first_aid] Apply the vendor security patch for CVE-2016-5768; if unavailable, isolate the container and restrict egress. | [full_remediation] Upgrade package libapache2-mod-php5 from 5.5.9+dfsg-1ubuntu4.14 to 5.5.9+dfsg-1ubuntu4.19 (fixed version) in the image a | [scanner_guidance] Upgrade libapache2-mod-php5 from 5.5.9+dfsg-1ubuntu4.14 to 5.5.9+dfsg-1ubuntu4.19"
249,30.3,P4,720,appsec-legacy,bwapp,trivy,php: Integer Overflows in mcrypt_generic() and mdecrypt_generic() resulting in heap overflows,medium,CVE-2016-5769,CWE-190,raesene/bwapp:latest (ubuntu 14.04),,,,,False,,False,,0.0,libapache2-mod-php5,5.5.9+dfsg-1ubuntu4.19,"Multiple integer overflows in mcrypt.c in the mcrypt extension in PHP before 5.5.37, 5.6.x before 5.6.23, and 7.x before 7.0.8 allow remote attackers to cause a denial of service (heap-based buffer overflow and application crash) or possibly have unspecified other impact via a crafted length value, related to the (1) mcrypt_generic and (2) mdecrypt_generic functions.","[first_aid] Apply the vendor security patch for CVE-2016-5769; if unavailable, isolate the container and restrict egress. | [full_remediation] Upgrade package libapache2-mod-php5 from 5.5.9+dfsg-1ubuntu4.14 to 5.5.9+dfsg-1ubuntu4.19 (fixed version) in the image a | [scanner_guidance] Upgrade libapache2-mod-php5 from 5.5.9+dfsg-1ubuntu4.14 to 5.5.9+dfsg-1ubuntu4.19"
250,30.3,P4,720,appsec-legacy,bwapp,trivy,php: Buffer over-read in php_url_parse_ex,medium,CVE-2016-6288,CWE-119,raesene/bwapp:latest (ubuntu 14.04),,,,,False,,False,,0.0,libapache2-mod-php5,5.5.9+dfsg-1ubuntu4.19,The php_url_parse_ex function in ext/standard/url.c in PHP before 5.5.38 allows remote attackers to cause a denial of service (buffer over-read) or possibly have unspecified other impact via vectors involving the smart_str data type.,"[first_aid] Apply the vendor security patch for CVE-2016-6288; if unavailable, isolate the container and restrict egress. | [full_remediation] Upgrade package libapache2-mod-php5 from 5.5.9+dfsg-1ubuntu4.14 to 5.5.9+dfsg-1ubuntu4.19 (fixed version) in the image a | [scanner_guidance] Upgrade libapache2-mod-php5 from 5.5.9+dfsg-1ubuntu4.14 to 5.5.9+dfsg-1ubuntu4.19"
251,30.3,P4,720,appsec-legacy,bwapp,trivy,php: Use after free in unserialize() with Unexpected Session Deserialization,medium,CVE-2016-6290,CWE-416,raesene/bwapp:latest (ubuntu 14.04),,,,,False,,False,,0.0,libapache2-mod-php5,5.5.9+dfsg-1ubuntu4.19,"ext/session/session.c in PHP before 5.5.38, 5.6.x before 5.6.24, and 7.x before 7.0.9 does not properly maintain a certain hash data structure, which allows remote attackers to cause a denial of service (use-after-free) or possibly have unspecified other impact via vectors related to session deserialization.","[first_aid] Apply the vendor security patch for CVE-2016-6290; if unavailable, isolate the container and restrict egress. | [full_remediation] Upgrade package libapache2-mod-php5 from 5.5.9+dfsg-1ubuntu4.14 to 5.5.9+dfsg-1ubuntu4.19 (fixed version) in the image a | [scanner_guidance] Upgrade libapache2-mod-php5 from 5.5.9+dfsg-1ubuntu4.14 to 5.5.9+dfsg-1ubuntu4.19"
252,30.3,P4,720,appsec-legacy,bwapp,trivy,php: Out-of-bounds access in locale_accept_from_http,medium,CVE-2016-6294,CWE-125,raesene/bwapp:latest (ubuntu 14.04),,,,,False,,False,,0.0,libapache2-mod-php5,5.5.9+dfsg-1ubuntu4.19,"The locale_accept_from_http function in ext/intl/locale/locale_methods.c in PHP before 5.5.38, 5.6.x before 5.6.24, and 7.x before 7.0.9 does not properly restrict calls to the ICU uloc_acceptLanguageFromHTTP function, which allows remote attackers to cause a denial of service (out-of-bounds read) or possibly have unspecified other impact via a call with a long argument.","[first_aid] Apply the vendor security patch for CVE-2016-6294; if unavailable, isolate the container and restrict egress. | [full_remediation] Upgrade package libapache2-mod-php5 from 5.5.9+dfsg-1ubuntu4.14 to 5.5.9+dfsg-1ubuntu4.19 (fixed version) in the image a | [scanner_guidance] Upgrade libapache2-mod-php5 from 5.5.9+dfsg-1ubuntu4.14 to 5.5.9+dfsg-1ubuntu4.19"
253,30.3,P4,720,appsec-legacy,bwapp,trivy,php: Use after free in SNMP with GC and unserialize(),medium,CVE-2016-6295,CWE-416,raesene/bwapp:latest (ubuntu 14.04),,,,,False,,False,,0.0,libapache2-mod-php5,5.5.9+dfsg-1ubuntu4.19,"ext/snmp/snmp.c in PHP before 5.5.38, 5.6.x before 5.6.24, and 7.x before 7.0.9 improperly interacts with the unserialize implementation and garbage collection, which allows remote attackers to cause a denial of service (use-after-free and application crash) or possibly have unspecified other impact via crafted serialized data, a related issue to CVE-2016-5773.","[first_aid] Apply the vendor security patch for CVE-2016-6295; if unavailable, isolate the container and restrict egress. | [full_remediation] Upgrade package libapache2-mod-php5 from 5.5.9+dfsg-1ubuntu4.14 to 5.5.9+dfsg-1ubuntu4.19 (fixed version) in the image a | [scanner_guidance] Upgrade libapache2-mod-php5 from 5.5.9+dfsg-1ubuntu4.14 to 5.5.9+dfsg-1ubuntu4.19"
254,30.3,P4,720,appsec-legacy,bwapp,trivy,php: wddx_deserialize allows illegal memory access,medium,CVE-2016-7129,CWE-20,raesene/bwapp:latest (ubuntu 14.04),,,,,False,,False,,0.0,libapache2-mod-php5,5.5.9+dfsg-1ubuntu4.20,"The php_wddx_process_data function in ext/wddx/wddx.c in PHP before 5.6.25 and 7.x before 7.0.10 allows remote attackers to cause a denial of service (segmentation fault) or possibly have unspecified other impact via an invalid ISO 8601 time value, as demonstrated by a wddx_deserialize call that mishandles a dateTime element in a wddxPacket XML document.","[first_aid] Apply the vendor security patch for CVE-2016-7129; if unavailable, isolate the container and restrict egress. | [full_remediation] Upgrade package libapache2-mod-php5 from 5.5.9+dfsg-1ubuntu4.14 to 5.5.9+dfsg-1ubuntu4.20 (fixed version) in the image a | [scanner_guidance] Upgrade libapache2-mod-php5 from 5.5.9+dfsg-1ubuntu4.14 to 5.5.9+dfsg-1ubuntu4.20"
255,30.3,P4,720,appsec-legacy,bwapp,trivy,php: wddx_deserialize null dereference with invalid xml,medium,CVE-2016-7131,CWE-476,raesene/bwapp:latest (ubuntu 14.04),,,,,False,,False,,0.0,libapache2-mod-php5,5.5.9+dfsg-1ubuntu4.20,"ext/wddx/wddx.c in PHP before 5.6.25 and 7.x before 7.0.10 allows remote attackers to cause a denial of service (NULL pointer dereference and application crash) or possibly have unspecified other impact via a malformed wddxPacket XML document that is mishandled in a wddx_deserialize call, as demonstrated by a tag that lacks a < (less than) character.","[first_aid] Apply the vendor security patch for CVE-2016-7131; if unavailable, isolate the container and restrict egress. | [full_remediation] Upgrade package libapache2-mod-php5 from 5.5.9+dfsg-1ubuntu4.14 to 5.5.9+dfsg-1ubuntu4.20 (fixed version) in the image a | [scanner_guidance] Upgrade libapache2-mod-php5 from 5.5.9+dfsg-1ubuntu4.14 to 5.5.9+dfsg-1ubuntu4.20"
256,30.3,P4,720,appsec-legacy,bwapp,trivy,php: wddx_deserialize null dereference in php_wddx_pop_element,medium,CVE-2016-7132,CWE-476,raesene/bwapp:latest (ubuntu 14.04),,,,,False,,False,,0.0,libapache2-mod-php5,5.5.9+dfsg-1ubuntu4.20,"ext/wddx/wddx.c in PHP before 5.6.25 and 7.x before 7.0.10 allows remote attackers to cause a denial of service (NULL pointer dereference and application crash) or possibly have unspecified other impact via an invalid wddxPacket XML document that is mishandled in a wddx_deserialize call, as demonstrated by a stray element inside a boolean element, leading to incorrect pop processing.","[first_aid] Apply the vendor security patch for CVE-2016-7132; if unavailable, isolate the container and restrict egress. | [full_remediation] Upgrade package libapache2-mod-php5 from 5.5.9+dfsg-1ubuntu4.14 to 5.5.9+dfsg-1ubuntu4.20 (fixed version) in the image a | [scanner_guidance] Upgrade libapache2-mod-php5 from 5.5.9+dfsg-1ubuntu4.14 to 5.5.9+dfsg-1ubuntu4.20"
257,30.3,P4,720,appsec-legacy,bwapp,trivy,php: Use after free in wddx_deserialize,medium,CVE-2016-7413,CWE-416,raesene/bwapp:latest (ubuntu 14.04),,,,,False,,False,,0.0,libapache2-mod-php5,5.5.9+dfsg-1ubuntu4.20,"Use-after-free vulnerability in the wddx_stack_destroy function in ext/wddx/wddx.c in PHP before 5.6.26 and 7.x before 7.0.11 allows remote attackers to cause a denial of service or possibly have unspecified other impact via a wddxPacket XML document that lacks an end-tag for a recordset field element, leading to mishandling in a wddx_deserialize call.","[first_aid] Apply the vendor security patch for CVE-2016-7413; if unavailable, isolate the container and restrict egress. | [full_remediation] Upgrade package libapache2-mod-php5 from 5.5.9+dfsg-1ubuntu4.14 to 5.5.9+dfsg-1ubuntu4.20 (fixed version) in the image a | [scanner_guidance] Upgrade libapache2-mod-php5 from 5.5.9+dfsg-1ubuntu4.14 to 5.5.9+dfsg-1ubuntu4.20"
258,30.3,P4,720,appsec-legacy,bwapp,trivy,php: Out of bounds heap read when verifying signature of zip phar in phar_parse_zipfile,medium,CVE-2016-7414,CWE-119,raesene/bwapp:latest (ubuntu 14.04),,,,,False,,False,,0.0,libapache2-mod-php5,5.5.9+dfsg-1ubuntu4.20,"The ZIP signature-verification feature in PHP before 5.6.26 and 7.x before 7.0.11 does not ensure that the uncompressed_filesize field is large enough, which allows remote attackers to cause a denial of service (out-of-bounds memory access) or possibly have unspecified other impact via a crafted PHAR archive, related to ext/phar/util.c and ext/phar/zip.c.","[first_aid] Apply the vendor security patch for CVE-2016-7414; if unavailable, isolate the container and restrict egress. | [full_remediation] Upgrade package libapache2-mod-php5 from 5.5.9+dfsg-1ubuntu4.14 to 5.5.9+dfsg-1ubuntu4.20 (fixed version) in the image a | [scanner_guidance] Upgrade libapache2-mod-php5 from 5.5.9+dfsg-1ubuntu4.14 to 5.5.9+dfsg-1ubuntu4.20"
259,30.3,P4,720,appsec-legacy,bwapp,trivy,php: Missing type check when unserializing SplArray,medium,CVE-2016-7417,CWE-20,raesene/bwapp:latest (ubuntu 14.04),,,,,False,,False,,0.0,libapache2-mod-php5,5.5.9+dfsg-1ubuntu4.20,"ext/spl/spl_array.c in PHP before 5.6.26 and 7.x before 7.0.11 proceeds with SplArray unserialization without validating a return value and data type, which allows remote attackers to cause a denial of service or possibly have unspecified other impact via crafted serialized data.","[first_aid] Apply the vendor security patch for CVE-2016-7417; if unavailable, isolate the container and restrict egress. | [full_remediation] Upgrade package libapache2-mod-php5 from 5.5.9+dfsg-1ubuntu4.14 to 5.5.9+dfsg-1ubuntu4.20 (fixed version) in the image a | [scanner_guidance] Upgrade libapache2-mod-php5 from 5.5.9+dfsg-1ubuntu4.14 to 5.5.9+dfsg-1ubuntu4.20"
260,30.3,P4,720,appsec-legacy,bwapp,trivy,php: Unserialize Exception object can lead to infinite loop,medium,CVE-2016-7478,,raesene/bwapp:latest (ubuntu 14.04),,,,,False,,False,,,libapache2-mod-php5,5.5.9+dfsg-1ubuntu4.21,"Zend/zend_exceptions.c in PHP, possibly 5.x before 5.6.28 and 7.x before 7.0.13, allows remote attackers to cause a denial of service (infinite loop) via a crafted Exception object in serialized data, a related issue to CVE-2015-8876.","[first_aid] Apply the vendor security patch for CVE-2016-7478; if unavailable, isolate the container and restrict egress. | [full_remediation] Upgrade package libapache2-mod-php5 from 5.5.9+dfsg-1ubuntu4.14 to 5.5.9+dfsg-1ubuntu4.21 (fixed version) in the image a | [scanner_guidance] Upgrade libapache2-mod-php5 from 5.5.9+dfsg-1ubuntu4.14 to 5.5.9+dfsg-1ubuntu4.21"
261,30.3,P4,720,appsec-legacy,bwapp,trivy,php: Invalid read when wddx decodes empty boolean element,medium,CVE-2016-9935,CWE-125,raesene/bwapp:latest (ubuntu 14.04),,,,,False,,False,,0.0,libapache2-mod-php5,5.5.9+dfsg-1ubuntu4.21,The php_wddx_push_element function in ext/wddx/wddx.c in PHP before 5.6.29 and 7.x before 7.0.14 allows remote attackers to cause a denial of service (out-of-bounds read and memory corruption) or possibly have unspecified other impact via an empty boolean element in a wddxPacket XML document.,"[first_aid] Apply the vendor security patch for CVE-2016-9935; if unavailable, isolate the container and restrict egress. | [full_remediation] Upgrade package libapache2-mod-php5 from 5.5.9+dfsg-1ubuntu4.14 to 5.5.9+dfsg-1ubuntu4.21 (fixed version) in the image a | [scanner_guidance] Upgrade libapache2-mod-php5 from 5.5.9+dfsg-1ubuntu4.14 to 5.5.9+dfsg-1ubuntu4.21"
262,30.3,P4,720,appsec-legacy,bwapp,trivy,php: Incorrect WDDX deserialization of boolean parameters leads to DoS,medium,CVE-2017-11143,CWE-416,raesene/bwapp:latest (ubuntu 14.04),,,,,False,,False,,0.0,libapache2-mod-php5,5.5.9+dfsg-1ubuntu4.22,"In PHP before 5.6.31, an invalid free in the WDDX deserialization of boolean parameters could be used by attackers able to inject XML for deserialization to crash the PHP interpreter, related to an invalid free for an empty boolean element in ext/wddx/wddx.c.","[first_aid] Apply the vendor security patch for CVE-2017-11143; if unavailable, isolate the container and restrict egress. | [full_remediation] Upgrade package libapache2-mod-php5 from 5.5.9+dfsg-1ubuntu4.14 to 5.5.9+dfsg-1ubuntu4.22 (fixed version) in the image a | [scanner_guidance] Upgrade libapache2-mod-php5 from 5.5.9+dfsg-1ubuntu4.14 to 5.5.9+dfsg-1ubuntu4.22"
263,30.3,P4,720,appsec-legacy,bwapp,trivy,php: wddx_deserialize() heap out-of-bound read via php_parse_date(),medium,CVE-2017-11145,CWE-200,raesene/bwapp:latest (ubuntu 14.04),,,,,False,,False,,0.513,libapache2-mod-php5,5.5.9+dfsg-1ubuntu4.22,"In PHP before 5.6.31, 7.x before 7.0.21, and 7.1.x before 7.1.7, an error in the date extension's timelib_meridian parsing code could be used by attackers able to supply date strings to leak information from the interpreter, related to ext/date/lib/parse_date.c out-of-bounds reads affecting the php_parse_date function. NOTE: the correct fix is in the e8b7698f5ee757ce2c8bd10a192a491a498f891c commit, not the bd77ac90d3bdf31ce2a5251ad92e9e75 gist.","[first_aid] Apply the vendor security patch for CVE-2017-11145; if unavailable, isolate the container and restrict egress. | [full_remediation] Upgrade package libapache2-mod-php5 from 5.5.9+dfsg-1ubuntu4.14 to 5.5.9+dfsg-1ubuntu4.22 (fixed version) in the image a | [scanner_guidance] Upgrade libapache2-mod-php5 from 5.5.9+dfsg-1ubuntu4.14 to 5.5.9+dfsg-1ubuntu4.22"
264,30.3,P4,720,appsec-legacy,bwapp,trivy,oniguruma: Heap buffer overflow in next_state_val() during regular expression compilation,medium,CVE-2017-9226,CWE-787,raesene/bwapp:latest (ubuntu 14.04),,,,,False,,False,,0.0,libapache2-mod-php5,5.5.9+dfsg-1ubuntu4.22,"An issue was discovered in Oniguruma 6.2.0, as used in Oniguruma-mod in Ruby through 2.4.1 and mbstring in PHP through 7.1.5. A heap out-of-bounds write or read occurs in next_state_val() during regular expression compilation. Octal numbers larger than 0xff are not handled correctly in fetch_token() and fetch_token_in_cc(). A malformed regular expression containing an octal number in the form of '\700' would produce an invalid code point value larger than 0xff in next_state_val(), resulting in an out-of-bounds write memory corruption.","[first_aid] Apply the vendor security patch for CVE-2017-9226; if unavailable, isolate the container and restrict egress. | [full_remediation] Upgrade package libapache2-mod-php5 from 5.5.9+dfsg-1ubuntu4.14 to 5.5.9+dfsg-1ubuntu4.22 (fixed version) in the image a | [scanner_guidance] Upgrade libapache2-mod-php5 from 5.5.9+dfsg-1ubuntu4.14 to 5.5.9+dfsg-1ubuntu4.22"
265,30.3,P4,720,appsec-legacy,bwapp,trivy,oniguruma: Out-of-bounds stack read in mbc_enc_len() during regular expression searching,medium,CVE-2017-9227,CWE-125,raesene/bwapp:latest (ubuntu 14.04),,,,,False,,False,,0.0,libapache2-mod-php5,5.5.9+dfsg-1ubuntu4.22,"An issue was discovered in Oniguruma 6.2.0, as used in Oniguruma-mod in Ruby through 2.4.1 and mbstring in PHP through 7.1.5. A stack out-of-bounds read occurs in mbc_enc_len() during regular expression searching. Invalid handling of reg->dmin in forward_search_range() could result in an invalid pointer dereference, as an out-of-bounds read from a stack buffer.","[first_aid] Apply the vendor security patch for CVE-2017-9227; if unavailable, isolate the container and restrict egress. | [full_remediation] Upgrade package libapache2-mod-php5 from 5.5.9+dfsg-1ubuntu4.14 to 5.5.9+dfsg-1ubuntu4.22 (fixed version) in the image a | [scanner_guidance] Upgrade libapache2-mod-php5 from 5.5.9+dfsg-1ubuntu4.14 to 5.5.9+dfsg-1ubuntu4.22"
266,30.3,P4,720,appsec-legacy,bwapp,trivy,php: Infinite loop in ext/iconv/iconv.c when using stream filter with convert.incov on invalid sequence leads to denial-of-service,medium,CVE-2018-10546,CWE-835,raesene/bwapp:latest (ubuntu 14.04),,,,,False,,False,,0.0,libapache2-mod-php5,5.5.9+dfsg-1ubuntu4.25,"An issue was discovered in PHP before 5.6.36, 7.0.x before 7.0.30, 7.1.x before 7.1.17, and 7.2.x before 7.2.5. An infinite loop exists in ext/iconv/iconv.c because the iconv stream filter does not reject invalid multibyte sequences.","[first_aid] Apply the vendor security patch for CVE-2018-10546; if unavailable, isolate the container and restrict egress. | [full_remediation] Upgrade package libapache2-mod-php5 from 5.5.9+dfsg-1ubuntu4.14 to 5.5.9+dfsg-1ubuntu4.25 (fixed version) in the image a | [scanner_guidance] Upgrade libapache2-mod-php5 from 5.5.9+dfsg-1ubuntu4.14 to 5.5.9+dfsg-1ubuntu4.25"
267,30.3,P4,720,appsec-legacy,bwapp,trivy,php: Heap-based buffer over-read in mbstring regular expression functions,medium,CVE-2019-9023,CWE-125,raesene/bwapp:latest (ubuntu 14.04),,,,,False,,False,,0.0,libapache2-mod-php5,5.5.9+dfsg-1ubuntu4.27,"An issue was discovered in PHP before 5.6.40, 7.x before 7.1.26, 7.2.x before 7.2.14, and 7.3.x before 7.3.1. A number of heap-based buffer over-read instances are present in mbstring regular expression functions when supplied with invalid multibyte data. These occur in ext/mbstring/oniguruma/regcomp.c, ext/mbstring/oniguruma/regexec.c, ext/mbstring/oniguruma/regparse.c, ext/mbstring/oniguruma/enc/unicode.c, and ext/mbstring/oniguruma/src/utf32_be.c when a multibyte regular expression pattern contains invalid multibyte sequences.","[first_aid] Apply the vendor security patch for CVE-2019-9023; if unavailable, isolate the container and restrict egress. | [full_remediation] Upgrade package libapache2-mod-php5 from 5.5.9+dfsg-1ubuntu4.14 to 5.5.9+dfsg-1ubuntu4.27 (fixed version) in the image a | [scanner_guidance] Upgrade libapache2-mod-php5 from 5.5.9+dfsg-1ubuntu4.14 to 5.5.9+dfsg-1ubuntu4.27"
268,30.3,P4,720,appsec-legacy,bwapp,trivy,php: Uninitialized read in exif_process_IFD_in_MAKERNOTE,medium,CVE-2019-9639,CWE-908,raesene/bwapp:latest (ubuntu 14.04),,,,,False,,False,,0.0,libapache2-mod-php5,5.5.9+dfsg-1ubuntu4.29,"An issue was discovered in the EXIF component in PHP before 7.1.27, 7.2.x before 7.2.16, and 7.3.x before 7.3.3. There is an uninitialized read in exif_process_IFD_in_MAKERNOTE because of mishandling the data_len variable.","[first_aid] Apply the vendor security patch for CVE-2019-9639; if unavailable, isolate the container and restrict egress. | [full_remediation] Upgrade package libapache2-mod-php5 from 5.5.9+dfsg-1ubuntu4.14 to 5.5.9+dfsg-1ubuntu4.29 (fixed version) in the image a | [scanner_guidance] Upgrade libapache2-mod-php5 from 5.5.9+dfsg-1ubuntu4.14 to 5.5.9+dfsg-1ubuntu4.29"
269,30.3,P4,720,appsec-legacy,bwapp,trivy,php: Invalid read in exif_process_SOFn(),medium,CVE-2019-9640,CWE-125,raesene/bwapp:latest (ubuntu 14.04),,,,,False,,False,,0.0,libapache2-mod-php5,5.5.9+dfsg-1ubuntu4.29,"An issue was discovered in the EXIF component in PHP before 7.1.27, 7.2.x before 7.2.16, and 7.3.x before 7.3.3. There is an Invalid Read in exif_process_SOFn.","[first_aid] Apply the vendor security patch for CVE-2019-9640; if unavailable, isolate the container and restrict egress. | [full_remediation] Upgrade package libapache2-mod-php5 from 5.5.9+dfsg-1ubuntu4.14 to 5.5.9+dfsg-1ubuntu4.29 (fixed version) in the image a | [scanner_guidance] Upgrade libapache2-mod-php5 from 5.5.9+dfsg-1ubuntu4.14 to 5.5.9+dfsg-1ubuntu4.29"
270,30.3,P4,720,appsec-legacy,bwapp,trivy,php: stack buffer overflow in locale_get_display_name,low,CVE-2014-9912,CWE-119,raesene/bwapp:latest (ubuntu 14.04),,,,,False,,False,,0.0,libapache2-mod-php5,5.5.9+dfsg-1ubuntu4.21,"The get_icu_disp_value_src_php function in ext/intl/locale/locale_methods.c in PHP before 5.3.29, 5.4.x before 5.4.30, and 5.5.x before 5.5.14 does not properly restrict calls to the ICU uresbund.cpp component, which allows remote attackers to cause a denial of service (buffer overflow) or possibly have unspecified other impact via a locale_get_display_name call with a long first argument.","[first_aid] Apply the vendor security patch for CVE-2014-9912; if unavailable, isolate the container and restrict egress. | [full_remediation] Upgrade package libapache2-mod-php5 from 5.5.9+dfsg-1ubuntu4.14 to 5.5.9+dfsg-1ubuntu4.21 (fixed version) in the image a | [scanner_guidance] Upgrade libapache2-mod-php5 from 5.5.9+dfsg-1ubuntu4.14 to 5.5.9+dfsg-1ubuntu4.21"
271,30.3,P4,720,appsec-legacy,bwapp,trivy,php: Use-after-free vulnerability in the spl_ptr_heap_insert function,low,CVE-2015-4116,,raesene/bwapp:latest (ubuntu 14.04),,,,,False,,False,,,libapache2-mod-php5,5.5.9+dfsg-1ubuntu4.19,Use-after-free vulnerability in the spl_ptr_heap_insert function in ext/spl/spl_heap.c in PHP before 5.5.27 and 5.6.x before 5.6.11 allows remote attackers to execute arbitrary code by triggering a failed SplMinHeap::compare operation.,"[first_aid] Apply the vendor security patch for CVE-2015-4116; if unavailable, isolate the container and restrict egress. | [full_remediation] Upgrade package libapache2-mod-php5 from 5.5.9+dfsg-1ubuntu4.14 to 5.5.9+dfsg-1ubuntu4.19 (fixed version) in the image a | [scanner_guidance] Upgrade libapache2-mod-php5 from 5.5.9+dfsg-1ubuntu4.14 to 5.5.9+dfsg-1ubuntu4.19"
272,30.3,P4,720,appsec-legacy,bwapp,trivy,php: OOB read in grapheme_stripos and grapheme_strpos when negative offset is used,low,CVE-2016-4540,,raesene/bwapp:latest (ubuntu 14.04),,,,,False,,False,,,libapache2-mod-php5,5.5.9+dfsg-1ubuntu4.17,"The grapheme_stripos function in ext/intl/grapheme/grapheme_string.c in PHP before 5.5.35, 5.6.x before 5.6.21, and 7.x before 7.0.6 allows remote attackers to cause a denial of service (out-of-bounds read) or possibly have unspecified other impact via a negative offset.","[first_aid] Apply the vendor security patch for CVE-2016-4540; if unavailable, isolate the container and restrict egress. | [full_remediation] Upgrade package libapache2-mod-php5 from 5.5.9+dfsg-1ubuntu4.14 to 5.5.9+dfsg-1ubuntu4.17 (fixed version) in the image a | [scanner_guidance] Upgrade libapache2-mod-php5 from 5.5.9+dfsg-1ubuntu4.14 to 5.5.9+dfsg-1ubuntu4.17"
273,30.3,P4,720,appsec-legacy,bwapp,trivy,php: Out-of-bounds heap memory read in exif_read_data() caused by malformed input,low,CVE-2016-4543,CWE-119,raesene/bwapp:latest (ubuntu 14.04),,,,,False,,False,,0.0,libapache2-mod-php5,5.5.9+dfsg-1ubuntu4.17,"The exif_process_IFD_in_JPEG function in ext/exif/exif.c in PHP before 5.5.35, 5.6.x before 5.6.21, and 7.x before 7.0.6 does not validate IFD sizes, which allows remote attackers to cause a denial of service (out-of-bounds read) or possibly have unspecified other impact via crafted header data.","[first_aid] Apply the vendor security patch for CVE-2016-4543; if unavailable, isolate the container and restrict egress. | [full_remediation] Upgrade package libapache2-mod-php5 from 5.5.9+dfsg-1ubuntu4.14 to 5.5.9+dfsg-1ubuntu4.17 (fixed version) in the image a | [scanner_guidance] Upgrade libapache2-mod-php5 from 5.5.9+dfsg-1ubuntu4.14 to 5.5.9+dfsg-1ubuntu4.17"
274,30.3,P4,720,appsec-legacy,bwapp,trivy,php: Out-of-bounds heap memory read in exif_read_data() caused by malformed input,low,CVE-2016-4544,CWE-119,raesene/bwapp:latest (ubuntu 14.04),,,,,False,,False,,0.0,libapache2-mod-php5,5.5.9+dfsg-1ubuntu4.17,"The exif_process_TIFF_in_JPEG function in ext/exif/exif.c in PHP before 5.5.35, 5.6.x before 5.6.21, and 7.x before 7.0.6 does not validate TIFF start data, which allows remote attackers to cause a denial of service (out-of-bounds read) or possibly have unspecified other impact via crafted header data.","[first_aid] Apply the vendor security patch for CVE-2016-4544; if unavailable, isolate the container and restrict egress. | [full_remediation] Upgrade package libapache2-mod-php5 from 5.5.9+dfsg-1ubuntu4.14 to 5.5.9+dfsg-1ubuntu4.17 (fixed version) in the image a | [scanner_guidance] Upgrade libapache2-mod-php5 from 5.5.9+dfsg-1ubuntu4.14 to 5.5.9+dfsg-1ubuntu4.17"
275,30.3,P4,720,appsec-legacy,bwapp,trivy,php: improper nul termination leading to out-of-bounds read in get_icu_value_internal,low,CVE-2016-5093,CWE-125,raesene/bwapp:latest (ubuntu 14.04),,,,,False,,False,,0.0,libapache2-mod-php5,5.5.9+dfsg-1ubuntu4.19,"The get_icu_value_internal function in ext/intl/locale/locale_methods.c in PHP before 5.5.36, 5.6.x before 5.6.22, and 7.x before 7.0.7 does not ensure the presence of a '\0' character, which allows remote attackers to cause a denial of service (out-of-bounds read) or possibly have unspecified other impact via a crafted locale_get_primary_language call.","[first_aid] Apply the vendor security patch for CVE-2016-5093; if unavailable, isolate the container and restrict egress. | [full_remediation] Upgrade package libapache2-mod-php5 from 5.5.9+dfsg-1ubuntu4.14 to 5.5.9+dfsg-1ubuntu4.19 (fixed version) in the image a | [scanner_guidance] Upgrade libapache2-mod-php5 from 5.5.9+dfsg-1ubuntu4.14 to 5.5.9+dfsg-1ubuntu4.19"
276,30.3,P4,720,appsec-legacy,bwapp,trivy,php: Integer overflow in php_html_entities(),low,CVE-2016-5094,CWE-190,raesene/bwapp:latest (ubuntu 14.04),,,,,False,,False,,0.0,libapache2-mod-php5,5.5.9+dfsg-1ubuntu4.19,Integer overflow in the php_html_entities function in ext/standard/html.c in PHP before 5.5.36 and 5.6.x before 5.6.22 allows remote attackers to cause a denial of service or possibly have unspecified other impact by triggering a large output string from the htmlspecialchars function.,"[first_aid] Apply the vendor security patch for CVE-2016-5094; if unavailable, isolate the container and restrict egress. | [full_remediation] Upgrade package libapache2-mod-php5 from 5.5.9+dfsg-1ubuntu4.14 to 5.5.9+dfsg-1ubuntu4.19 (fixed version) in the image a | [scanner_guidance] Upgrade libapache2-mod-php5 from 5.5.9+dfsg-1ubuntu4.14 to 5.5.9+dfsg-1ubuntu4.19"
277,30.3,P4,720,appsec-legacy,bwapp,trivy,php: Integer overflow in php_filter_full_special_chars,low,CVE-2016-5095,CWE-190,raesene/bwapp:latest (ubuntu 14.04),,,,,False,,False,,0.0,libapache2-mod-php5,5.5.9+dfsg-1ubuntu4.19,Integer overflow in the php_escape_html_entities_ex function in ext/standard/html.c in PHP before 5.5.36 and 5.6.x before 5.6.22 allows remote attackers to cause a denial of service or possibly have unspecified other impact by triggering a large output string from a FILTER_SANITIZE_FULL_SPECIAL_CHARS filter_var call.  NOTE: this vulnerability exists because of an incomplete fix for CVE-2016-5094.,"[first_aid] Apply the vendor security patch for CVE-2016-5095; if unavailable, isolate the container and restrict egress. | [full_remediation] Upgrade package libapache2-mod-php5 from 5.5.9+dfsg-1ubuntu4.14 to 5.5.9+dfsg-1ubuntu4.19 (fixed version) in the image a | [scanner_guidance] Upgrade libapache2-mod-php5 from 5.5.9+dfsg-1ubuntu4.14 to 5.5.9+dfsg-1ubuntu4.19"
278,30.3,P4,720,appsec-legacy,bwapp,trivy,php: Integer underflow causing arbitrary null write in fread/gzread,low,CVE-2016-5096,CWE-190,raesene/bwapp:latest (ubuntu 14.04),,,,,False,,False,,0.0,libapache2-mod-php5,5.5.9+dfsg-1ubuntu4.19,Integer overflow in the fread function in ext/standard/file.c in PHP before 5.5.36 and 5.6.x before 5.6.22 allows remote attackers to cause a denial of service or possibly have unspecified other impact via a large integer in the second argument.,"[first_aid] Apply the vendor security patch for CVE-2016-5096; if unavailable, isolate the container and restrict egress. | [full_remediation] Upgrade package libapache2-mod-php5 from 5.5.9+dfsg-1ubuntu4.14 to 5.5.9+dfsg-1ubuntu4.19 (fixed version) in the image a | [scanner_guidance] Upgrade libapache2-mod-php5 from 5.5.9+dfsg-1ubuntu4.14 to 5.5.9+dfsg-1ubuntu4.19"
279,30.3,P4,720,appsec-legacy,bwapp,trivy,php: ZipArchive class Use After Free Vulnerability in PHP's GC algorithm and unserialize,low,CVE-2016-5773,CWE-416,raesene/bwapp:latest (ubuntu 14.04),,,,,False,,False,,0.0,libapache2-mod-php5,5.5.9+dfsg-1ubuntu4.19,"php_zip.c in the zip extension in PHP before 5.5.37, 5.6.x before 5.6.23, and 7.x before 7.0.8 improperly interacts with the unserialize implementation and garbage collection, which allows remote attackers to execute arbitrary code or cause a denial of service (use-after-free and application crash) via crafted serialized data containing a ZipArchive object.","[first_aid] Apply the vendor security patch for CVE-2016-5773; if unavailable, isolate the container and restrict egress. | [full_remediation] Upgrade package libapache2-mod-php5 from 5.5.9+dfsg-1ubuntu4.14 to 5.5.9+dfsg-1ubuntu4.19 (fixed version) in the image a | [scanner_guidance] Upgrade libapache2-mod-php5 from 5.5.9+dfsg-1ubuntu4.14 to 5.5.9+dfsg-1ubuntu4.19"
280,30.3,P4,720,appsec-legacy,bwapp,trivy,php: bypass __wakeup() in deserialization of an unexpected object,low,CVE-2016-7124,CWE-502,raesene/bwapp:latest (ubuntu 14.04),,,,,False,,False,,0.912,libapache2-mod-php5,5.5.9+dfsg-1ubuntu4.20,"ext/standard/var_unserializer.c in PHP before 5.6.25 and 7.x before 7.0.10 mishandles certain invalid objects, which allows remote attackers to cause a denial of service or possibly have unspecified other impact via crafted serialized data that leads to a (1) __destruct call or (2) magic method call.","[first_aid] Apply the vendor security patch for CVE-2016-7124; if unavailable, isolate the container and restrict egress. | [full_remediation] Upgrade package libapache2-mod-php5 from 5.5.9+dfsg-1ubuntu4.14 to 5.5.9+dfsg-1ubuntu4.20 (fixed version) in the image a | [scanner_guidance] Upgrade libapache2-mod-php5 from 5.5.9+dfsg-1ubuntu4.14 to 5.5.9+dfsg-1ubuntu4.20"
281,30.3,P4,720,appsec-legacy,bwapp,trivy,php: Stack based buffer overflow in msgfmt_format_message,low,CVE-2016-7416,CWE-119,raesene/bwapp:latest (ubuntu 14.04),,,,,False,,False,,0.0,libapache2-mod-php5,5.5.9+dfsg-1ubuntu4.20,"ext/intl/msgformat/msgformat_format.c in PHP before 5.6.26 and 7.x before 7.0.11 does not properly restrict the locale length provided to the Locale class in the ICU library, which allows remote attackers to cause a denial of service (application crash) or possibly have unspecified other impact via a MessageFormatter::formatMessage call with a long first argument.","[first_aid] Apply the vendor security patch for CVE-2016-7416; if unavailable, isolate the container and restrict egress. | [full_remediation] Upgrade package libapache2-mod-php5 from 5.5.9+dfsg-1ubuntu4.14 to 5.5.9+dfsg-1ubuntu4.20 (fixed version) in the image a | [scanner_guidance] Upgrade libapache2-mod-php5 from 5.5.9+dfsg-1ubuntu4.14 to 5.5.9+dfsg-1ubuntu4.20"
282,30.3,P4,720,appsec-legacy,bwapp,trivy,php: Null pointer dereference in php_wddx_push_element,low,CVE-2016-7418,CWE-119,raesene/bwapp:latest (ubuntu 14.04),,,,,False,,False,,0.0,libapache2-mod-php5,5.5.9+dfsg-1ubuntu4.20,"The php_wddx_push_element function in ext/wddx/wddx.c in PHP before 5.6.26 and 7.x before 7.0.11 allows remote attackers to cause a denial of service (invalid pointer access and out-of-bounds read) or possibly have unspecified other impact via an incorrect boolean element in a wddxPacket XML document, leading to mishandling in a wddx_deserialize call.","[first_aid] Apply the vendor security patch for CVE-2016-7418; if unavailable, isolate the container and restrict egress. | [full_remediation] Upgrade package libapache2-mod-php5 from 5.5.9+dfsg-1ubuntu4.14 to 5.5.9+dfsg-1ubuntu4.20 (fixed version) in the image a | [scanner_guidance] Upgrade libapache2-mod-php5 from 5.5.9+dfsg-1ubuntu4.14 to 5.5.9+dfsg-1ubuntu4.20"
283,30.3,P4,720,appsec-legacy,bwapp,trivy,php: Use after free in unserialize(),low,CVE-2016-9137,CWE-416,raesene/bwapp:latest (ubuntu 14.04),,,,,False,,False,,0.0,libapache2-mod-php5,5.5.9+dfsg-1ubuntu4.21,Use-after-free vulnerability in the CURLFile implementation in ext/curl/curl_file.c in PHP before 5.6.27 and 7.x before 7.0.12 allows remote attackers to cause a denial of service or possibly have unspecified other impact via crafted serialized data that is mishandled during __wakeup processing.,"[first_aid] Apply the vendor security patch for CVE-2016-9137; if unavailable, isolate the container and restrict egress. | [full_remediation] Upgrade package libapache2-mod-php5 from 5.5.9+dfsg-1ubuntu4.14 to 5.5.9+dfsg-1ubuntu4.21 (fixed version) in the image a | [scanner_guidance] Upgrade libapache2-mod-php5 from 5.5.9+dfsg-1ubuntu4.14 to 5.5.9+dfsg-1ubuntu4.21"
284,30.3,P4,720,appsec-legacy,bwapp,trivy,php: Stack-based buffer over-read in msgfmt_parse_message function,low,CVE-2017-11362,CWE-119,raesene/bwapp:latest (ubuntu 14.04),,,,,False,,False,,0.0,libapache2-mod-php5,5.5.9+dfsg-1ubuntu4.22,"In PHP 7.x before 7.0.21 and 7.1.x before 7.1.7, ext/intl/msgformat/msgformat_parse.c does not restrict the locale length, which allows remote attackers to cause a denial of service (stack-based buffer overflow and application crash) or possibly have unspecified other impact within International Components for Unicode (ICU) for C/C++ via a long first argument to the msgfmt_parse_message function.","[first_aid] Apply the vendor security patch for CVE-2017-11362; if unavailable, isolate the container and restrict egress. | [full_remediation] Upgrade package libapache2-mod-php5 from 5.5.9+dfsg-1ubuntu4.14 to 5.5.9+dfsg-1ubuntu4.22 (fixed version) in the image a | [scanner_guidance] Upgrade libapache2-mod-php5 from 5.5.9+dfsg-1ubuntu4.14 to 5.5.9+dfsg-1ubuntu4.22"
285,30.3,P4,720,appsec-legacy,bwapp,trivy,php: buffer over-read in finish_nested_data function,low,CVE-2017-12933,CWE-125,raesene/bwapp:latest (ubuntu 14.04),,,,,False,,False,,0.0,libapache2-mod-php5,5.5.9+dfsg-1ubuntu4.23,"The finish_nested_data function in ext/standard/var_unserializer.re in PHP before 5.6.31, 7.0.x before 7.0.21, and 7.1.x before 7.1.7 is prone to a buffer over-read while unserializing untrusted data. Exploitation of this issue can have an unspecified impact on the integrity of PHP.","[first_aid] Apply the vendor security patch for CVE-2017-12933; if unavailable, isolate the container and restrict egress. | [full_remediation] Upgrade package libapache2-mod-php5 from 5.5.9+dfsg-1ubuntu4.14 to 5.5.9+dfsg-1ubuntu4.23 (fixed version) in the image a | [scanner_guidance] Upgrade libapache2-mod-php5 from 5.5.9+dfsg-1ubuntu4.14 to 5.5.9+dfsg-1ubuntu4.23"
286,30.3,P4,720,appsec-legacy,bwapp,trivy,php: Out-of-bound read in timelib_meridian(),low,CVE-2017-16642,CWE-125,raesene/bwapp:latest (ubuntu 14.04),,,,,False,,False,,0.0,libapache2-mod-php5,5.5.9+dfsg-1ubuntu4.23,"In PHP before 5.6.32, 7.x before 7.0.25, and 7.1.x before 7.1.11, an error in the date extension's timelib_meridian handling of 'front of' and 'back of' directives could be used by attackers able to supply date strings to leak information from the interpreter, related to ext/date/lib/parse_date.c out-of-bounds reads affecting the php_parse_date function. NOTE: this is a different issue than CVE-2017-11145.","[first_aid] Apply the vendor security patch for CVE-2017-16642; if unavailable, isolate the container and restrict egress. | [full_remediation] Upgrade package libapache2-mod-php5 from 5.5.9+dfsg-1ubuntu4.14 to 5.5.9+dfsg-1ubuntu4.23 (fixed version) in the image a | [scanner_guidance] Upgrade libapache2-mod-php5 from 5.5.9+dfsg-1ubuntu4.14 to 5.5.9+dfsg-1ubuntu4.23"
287,30.3,P4,720,appsec-legacy,bwapp,trivy,glibc: Integer overflow in hcreate and hcreate_r,low,CVE-2015-8778,CWE-119,raesene/bwapp:latest (ubuntu 14.04),,,,,False,,False,,0.0,libc-bin,2.19-0ubuntu6.8,"Integer overflow in the GNU C Library (aka glibc or libc6) before 2.23 allows context-dependent attackers to cause a denial of service (application crash) or possibly execute arbitrary code via the size argument to the __hcreate_r function, which triggers out-of-bounds heap-memory access.","[first_aid] Apply the vendor security patch for CVE-2015-8778; if unavailable, isolate the container and restrict egress. | [full_remediation] Upgrade package libc-bin from 2.19-0ubuntu6.6 to 2.19-0ubuntu6.8 (fixed version) in the image and rebuild/redeploy. | [scanner_guidance] Upgrade libc-bin from 2.19-0ubuntu6.6 to 2.19-0ubuntu6.8"
288,30.3,P4,720,appsec-legacy,bwapp,trivy,"glibc: stack (frame) overflow in getaddrinfo() when called with AF_INET, AF_INET6 (incomplete fix for CVE-2013-4458)",low,CVE-2016-3706,CWE-20,raesene/bwapp:latest (ubuntu 14.04),,,,,False,,False,,0.0,libc-bin,2.19-0ubuntu6.10,Stack-based buffer overflow in the getaddrinfo function in sysdeps/posix/getaddrinfo.c in the GNU C Library (aka glibc or libc6) allows remote attackers to cause a denial of service (crash) via vectors involving hostent conversion. NOTE: this vulnerability exists because of an incomplete fix for CVE-2013-4458.,"[first_aid] Apply the vendor security patch for CVE-2016-3706; if unavailable, isolate the container and restrict egress. | [full_remediation] Upgrade package libc-bin from 2.19-0ubuntu6.6 to 2.19-0ubuntu6.10 (fixed version) in the image and rebuild/redeploy. | [scanner_guidance] Upgrade libc-bin from 2.19-0ubuntu6.6 to 2.19-0ubuntu6.10"
289,30.3,P4,720,appsec-legacy,bwapp,trivy,glibc: Missing unwind info in __startcontext causes infinite loop in _Unwind_Backtrace,low,CVE-2016-6323,CWE-284,raesene/bwapp:latest (ubuntu 14.04),,,,,False,,False,,0.342,libc-bin,2.19-0ubuntu6.10,"The makecontext function in the GNU C Library (aka glibc or libc6) before 2.25 creates execution contexts incompatible with the unwinder on ARM EABI (32-bit) platforms, which might allow context-dependent attackers to cause a denial of service (hang), as demonstrated by applications compiled using gccgo, related to backtrace generation.","[first_aid] Apply the vendor security patch for CVE-2016-6323; if unavailable, isolate the container and restrict egress. | [full_remediation] Upgrade package libc-bin from 2.19-0ubuntu6.6 to 2.19-0ubuntu6.10 (fixed version) in the image and rebuild/redeploy. | [scanner_guidance] Upgrade libc-bin from 2.19-0ubuntu6.6 to 2.19-0ubuntu6.10"
290,30.3,P4,720,appsec-legacy,bwapp,trivy,glibc: Buffer overflow in glob with GLOB_TILDE,low,CVE-2017-15670,CWE-119,raesene/bwapp:latest (ubuntu 14.04),,,,,False,,False,,0.0,libc-bin,2.19-0ubuntu6.14,"The GNU C Library (aka glibc or libc6) before 2.27 contains an off-by-one error leading to a heap-based buffer overflow in the glob function in glob.c, related to the processing of home directories using the ~ operator followed by a long string.","[first_aid] Apply the vendor security patch for CVE-2017-15670; if unavailable, isolate the container and restrict egress. | [full_remediation] Upgrade package libc-bin from 2.19-0ubuntu6.6 to 2.19-0ubuntu6.14 (fixed version) in the image and rebuild/redeploy. | [scanner_guidance] Upgrade libc-bin from 2.19-0ubuntu6.6 to 2.19-0ubuntu6.14"
291,30.3,P4,720,appsec-legacy,bwapp,trivy,glibc: Buffer overflow during unescaping of user names with the ~ operator,low,CVE-2017-15804,CWE-119,raesene/bwapp:latest (ubuntu 14.04),,,,,False,,False,,0.0,libc-bin,2.19-0ubuntu6.14,The glob function in glob.c in the GNU C Library (aka glibc or libc6) before 2.27 contains a buffer overflow during unescaping of user names with the ~ operator.,"[first_aid] Apply the vendor security patch for CVE-2017-15804; if unavailable, isolate the container and restrict egress. | [full_remediation] Upgrade package libc-bin from 2.19-0ubuntu6.6 to 2.19-0ubuntu6.14 (fixed version) in the image and rebuild/redeploy. | [scanner_guidance] Upgrade libc-bin from 2.19-0ubuntu6.6 to 2.19-0ubuntu6.14"
292,30.3,P4,720,appsec-legacy,bwapp,trivy,curl: Re-using connection with wrong client cert,medium,CVE-2016-5420,CWE-285,raesene/bwapp:latest (ubuntu 14.04),,,,,False,,False,,0.0,libcurl3-gnutls,7.35.0-1ubuntu2.8,"curl and libcurl before 7.50.1 do not check the client certificate when choosing the TLS connection to reuse, which might allow remote attackers to hijack the authentication of the connection by leveraging a previously created connection with a different client certificate.","[first_aid] Apply the vendor security patch for CVE-2016-5420; if unavailable, isolate the container and restrict egress. | [full_remediation] Upgrade package libcurl3-gnutls from 7.35.0-1ubuntu2.6 to 7.35.0-1ubuntu2.8 (fixed version) in the image and rebuild/red | [scanner_guidance] Upgrade libcurl3-gnutls from 7.35.0-1ubuntu2.6 to 7.35.0-1ubuntu2.8"
293,30.3,P4,720,appsec-legacy,bwapp,trivy,curl: Double-free in curl_maprintf,medium,CVE-2016-8618,CWE-416,raesene/bwapp:latest (ubuntu 14.04),,,,,False,,False,,0.0,libcurl3-gnutls,7.35.0-1ubuntu2.10,"The libcurl API function called `curl_maprintf()` before version 7.51.0 can be tricked into doing a double-free due to an unsafe `size_t` multiplication, on systems using 32 bit `size_t` variables.","[first_aid] Apply the vendor security patch for CVE-2016-8618; if unavailable, isolate the container and restrict egress. | [full_remediation] Upgrade package libcurl3-gnutls from 7.35.0-1ubuntu2.6 to 7.35.0-1ubuntu2.10 (fixed version) in the image and rebuild/re | [scanner_guidance] Upgrade libcurl3-gnutls from 7.35.0-1ubuntu2.6 to 7.35.0-1ubuntu2.10"
294,30.3,P4,720,appsec-legacy,bwapp,trivy,curl: Double-free in krb5 code,medium,CVE-2016-8619,CWE-416,raesene/bwapp:latest (ubuntu 14.04),,,,,False,,False,,0.0,libcurl3-gnutls,7.35.0-1ubuntu2.10,The function `read_data()` in security.c in curl before version 7.51.0 is vulnerable to memory double free.,"[first_aid] Apply the vendor security patch for CVE-2016-8619; if unavailable, isolate the container and restrict egress. | [full_remediation] Upgrade package libcurl3-gnutls from 7.35.0-1ubuntu2.6 to 7.35.0-1ubuntu2.10 (fixed version) in the image and rebuild/re | [scanner_guidance] Upgrade libcurl3-gnutls from 7.35.0-1ubuntu2.6 to 7.35.0-1ubuntu2.10"
295,30.3,P4,720,appsec-legacy,bwapp,trivy,curl: FTP path trickery leads to NIL byte out of bounds write,medium,CVE-2018-1000120,CWE-787,raesene/bwapp:latest (ubuntu 14.04),,,,,False,,False,,0.0,libcurl3-gnutls,7.35.0-1ubuntu2.15,A buffer overflow exists in curl 7.12.3 to and including curl 7.58.0 in the FTP URL handling that allows an attacker to cause a denial of service or worse.,"[first_aid] Apply the vendor security patch for CVE-2018-1000120; if unavailable, isolate the container and restrict egress. | [full_remediation] Upgrade package libcurl3-gnutls from 7.35.0-1ubuntu2.6 to 7.35.0-1ubuntu2.15 (fixed version) in the image and rebuild/re | [scanner_guidance] Upgrade libcurl3-gnutls from 7.35.0-1ubuntu2.6 to 7.35.0-1ubuntu2.15"
296,30.3,P4,720,appsec-legacy,bwapp,trivy,curl: Integer overflow leading to heap-based buffer overflow in Curl_sasl_create_plain_message(),medium,CVE-2018-16839,CWE-122,raesene/bwapp:latest (ubuntu 14.04),,,,,False,,False,,0.0,libcurl3-gnutls,7.35.0-1ubuntu2.19,Curl versions 7.33.0 through 7.61.1 are vulnerable to a buffer overrun in the SASL authentication code that may lead to denial of service.,"[first_aid] Apply the vendor security patch for CVE-2018-16839; if unavailable, isolate the container and restrict egress. | [full_remediation] Upgrade package libcurl3-gnutls from 7.35.0-1ubuntu2.6 to 7.35.0-1ubuntu2.19 (fixed version) in the image and rebuild/re | [scanner_guidance] Upgrade libcurl3-gnutls from 7.35.0-1ubuntu2.6 to 7.35.0-1ubuntu2.19"
297,30.3,P4,720,appsec-legacy,bwapp,trivy,curl: escape and unescape integer overflows,low,CVE-2016-7167,CWE-190,raesene/bwapp:latest (ubuntu 14.04),,,,,False,,False,,0.0,libcurl3-gnutls,7.35.0-1ubuntu2.10,"Multiple integer overflows in the (1) curl_escape, (2) curl_easy_escape, (3) curl_unescape, and (4) curl_easy_unescape functions in libcurl before 7.50.3 allow attackers to have unspecified impact via a string of length 0xffffffff, which triggers a heap-based buffer overflow.","[first_aid] Apply the vendor security patch for CVE-2016-7167; if unavailable, isolate the container and restrict egress. | [full_remediation] Upgrade package libcurl3-gnutls from 7.35.0-1ubuntu2.6 to 7.35.0-1ubuntu2.10 (fixed version) in the image and rebuild/re | [scanner_guidance] Upgrade libcurl3-gnutls from 7.35.0-1ubuntu2.6 to 7.35.0-1ubuntu2.10"
298,30.3,P4,720,appsec-legacy,bwapp,trivy,perl-DBD-MySQL: Buffer overflow triggered by user supplied data,medium,CVE-2016-1246,CWE-119,raesene/bwapp:latest (ubuntu 14.04),,,,,False,,False,,0.0,libdbd-mysql-perl,4.025-1ubuntu0.1,Buffer overflow in the DBD::mysql module before 4.037 for Perl allows context-dependent attackers to cause a denial of service (crash) via vectors related to an error message.,"[first_aid] Apply the vendor security patch for CVE-2016-1246; if unavailable, isolate the container and restrict egress. | [full_remediation] Upgrade package libdbd-mysql-perl from 4.025-1 to 4.025-1ubuntu0.1 (fixed version) in the image and rebuild/redeploy. | [scanner_guidance] Upgrade libdbd-mysql-perl from 4.025-1 to 4.025-1ubuntu0.1"
299,30.3,P4,720,appsec-legacy,bwapp,trivy,gnutls: Stack overflow in cdk_pk_get_keyid,medium,CVE-2017-5336,CWE-119,raesene/bwapp:latest (ubuntu 14.04),,,,,False,,False,,0.0,libgnutls-openssl27,2.12.23-12ubuntu2.6,Stack-based buffer overflow in the cdk_pk_get_keyid function in lib/opencdk/pubkey.c in GnuTLS before 3.3.26 and 3.5.x before 3.5.8 allows remote attackers to have unspecified impact via a crafted OpenPGP certificate.,"[first_aid] Apply the vendor security patch for CVE-2017-5336; if unavailable, isolate the container and restrict egress. | [full_remediation] Upgrade package libgnutls-openssl27 from 2.12.23-12ubuntu2.4 to 2.12.23-12ubuntu2.6 (fixed version) in the image and reb | [scanner_guidance] Upgrade libgnutls-openssl27 from 2.12.23-12ubuntu2.4 to 2.12.23-12ubuntu2.6"
300,30.3,P4,720,appsec-legacy,bwapp,trivy,gnutls: Out-of-bounds write related to the cdk_pkt_read function (GNUTLS-SA-2017-3),low,CVE-2017-7869,CWE-787,raesene/bwapp:latest (ubuntu 14.04),,,,,False,,False,,0.0,libgnutls-openssl27,2.12.23-12ubuntu2.8,GnuTLS before 2017-02-20 has an out-of-bounds write caused by an integer overflow and heap-based buffer overflow related to the cdk_pkt_read function in opencdk/read-packet.c. This issue (which is a subset of the vendor's GNUTLS-SA-2017-3 report) is fixed in 3.5.10.,"[first_aid] Apply the vendor security patch for CVE-2017-7869; if unavailable, isolate the container and restrict egress. | [full_remediation] Upgrade package libgnutls-openssl27 from 2.12.23-12ubuntu2.4 to 2.12.23-12ubuntu2.8 (fixed version) in the image and reb | [scanner_guidance] Upgrade libgnutls-openssl27 from 2.12.23-12ubuntu2.4 to 2.12.23-12ubuntu2.8"
301,30.3,P4,720,appsec-legacy,bwapp,trivy,libidn: Out-of-bounds read when reading zero byte as input,medium,CVE-2016-6262,CWE-125,raesene/bwapp:latest (ubuntu 14.04),,,,,False,,False,,0.0,libidn11,1.28-1ubuntu2.1,"idn in libidn before 1.33 might allow remote attackers to obtain sensitive memory information by reading a zero byte as input, which triggers an out-of-bounds read, a different vulnerability than CVE-2015-8948.","[first_aid] Apply the vendor security patch for CVE-2016-6262; if unavailable, isolate the container and restrict egress. | [full_remediation] Upgrade package libidn11 from 1.28-1ubuntu2 to 1.28-1ubuntu2.1 (fixed version) in the image and rebuild/redeploy. | [scanner_guidance] Upgrade libidn11 from 1.28-1ubuntu2 to 1.28-1ubuntu2.1"
302,30.3,P4,720,appsec-legacy,bwapp,trivy,libidn: Crash when given invalid UTF-8 data on input,medium,CVE-2016-6263,CWE-125,raesene/bwapp:latest (ubuntu 14.04),,,,,False,,False,,0.0,libidn11,1.28-1ubuntu2.1,The stringprep_utf8_nfkc_normalize function in lib/nfkc.c in libidn before 1.33 allows context-dependent attackers to cause a denial of service (out-of-bounds read and crash) via crafted UTF-8 data.,"[first_aid] Apply the vendor security patch for CVE-2016-6263; if unavailable, isolate the container and restrict egress. | [full_remediation] Upgrade package libidn11 from 1.28-1ubuntu2 to 1.28-1ubuntu2.1 (fixed version) in the image and rebuild/redeploy. | [scanner_guidance] Upgrade libidn11 from 1.28-1ubuntu2 to 1.28-1ubuntu2.1"
303,30.3,P4,720,appsec-legacy,bwapp,trivy,libidn2: Integer overflow in puny_decode.c/decode_digit,medium,CVE-2017-14062,CWE-190,raesene/bwapp:latest (ubuntu 14.04),,,,,False,,False,,0.0,libidn11,1.28-1ubuntu2.2,Integer overflow in the decode_digit function in puny_decode.c in Libidn2 before 2.0.4 allows remote attackers to cause a denial of service or possibly have unspecified other impact.,"[first_aid] Apply the vendor security patch for CVE-2017-14062; if unavailable, isolate the container and restrict egress. | [full_remediation] Upgrade package libidn11 from 1.28-1ubuntu2 to 1.28-1ubuntu2.2 (fixed version) in the image and rebuild/redeploy. | [scanner_guidance] Upgrade libidn11 from 1.28-1ubuntu2 to 1.28-1ubuntu2.2"
304,30.3,P4,720,appsec-legacy,bwapp,trivy,libidn: out-of-bounds read with stringprep on invalid UTF-8,low,CVE-2015-2059,CWE-119,raesene/bwapp:latest (ubuntu 14.04),,,,,False,,False,,0.0,libidn11,1.28-1ubuntu2.1,"The stringprep_utf8_to_ucs4 function in libin before 1.31, as used in jabberd2, allows context-dependent attackers to read system memory and possibly have other unspecified impact via invalid UTF-8 characters in a string, which triggers an out-of-bounds read.","[first_aid] Apply the vendor security patch for CVE-2015-2059; if unavailable, isolate the container and restrict egress. | [full_remediation] Upgrade package libidn11 from 1.28-1ubuntu2 to 1.28-1ubuntu2.1 (fixed version) in the image and rebuild/redeploy. | [scanner_guidance] Upgrade libidn11 from 1.28-1ubuntu2 to 1.28-1ubuntu2.1"
305,30.3,P4,720,appsec-legacy,bwapp,trivy,mysql: Server: Thread Pooling unspecified vulnerability (CPU Apr 2017),medium,CVE-2017-3329,,raesene/bwapp:latest (ubuntu 14.04),,,,,False,,False,,,libmysqlclient18,5.5.55-0ubuntu0.14.04.1,"Vulnerability in the MySQL Server component of Oracle MySQL (subcomponent: Server: Thread Pooling). Supported versions that are affected are 5.5.54 and earlier, 5.6.35 and earlier and 5.7.17 and earlier. Easily ""exploitable"" vulnerability allows unauthenticated attacker with network access via multiple protocols to compromise MySQL Server. Successful attacks of this vulnerability can result in unauthorized ability to cause a hang or frequently repeatable crash (complete DOS) of MySQL Server. CVSS 3.0 Base Score 7.5 (Availability impacts). CVSS Vector: (CVSS:3.0/AV:N/AC:L/PR:N/UI:N/S:U/C:N/I:N/A:H).","[first_aid] Apply the vendor security patch for CVE-2017-3329; if unavailable, isolate the container and restrict egress. | [full_remediation] Upgrade package libmysqlclient18 from 5.5.47-0ubuntu0.14.04.1 to 5.5.55-0ubuntu0.14.04.1 (fixed version) in the image an | [scanner_guidance] Upgrade libmysqlclient18 from 5.5.47-0ubuntu0.14.04.1 to 5.5.55-0ubuntu0.14.04.1"
306,30.3,P4,720,appsec-legacy,bwapp,trivy,"pcre: workspace overflow for (*ACCEPT) with deeply nested parentheses (8.39/13, 10.22/12)",medium,CVE-2016-3191,CWE-119,raesene/bwapp:latest (ubuntu 14.04),,,,,False,,False,,0.0,libpcre3,1:8.31-2ubuntu2.2,"The compile_branch function in pcre_compile.c in PCRE 8.x before 8.39 and pcre2_compile.c in PCRE2 before 10.22 mishandles patterns containing an (*ACCEPT) substring in conjunction with nested parentheses, which allows remote attackers to execute arbitrary code or cause a denial of service (stack-based buffer overflow) via a crafted regular expression, as demonstrated by a JavaScript RegExp object encountered by Konqueror, aka ZDI-CAN-3542.","[first_aid] Apply the vendor security patch for CVE-2016-3191; if unavailable, isolate the container and restrict egress. | [full_remediation] Upgrade package libpcre3 from 1:8.31-2ubuntu2.1 to 1:8.31-2ubuntu2.2 (fixed version) in the image and rebuild/redeploy. | [scanner_guidance] Upgrade libpcre3 from 1:8.31-2ubuntu2.1 to 1:8.31-2ubuntu2.2"
307,30.3,P4,720,appsec-legacy,bwapp,trivy,pcre: infinite recursion compiling pattern with recursive reference in a group with indefinite repeat (8.36/20),low,CVE-2015-2328,CWE-19,raesene/bwapp:latest (ubuntu 14.04),,,,,False,,False,,0.0,libpcre3,1:8.31-2ubuntu2.2,"PCRE before 8.36 mishandles the /((?(R)a|(?1)))+/ pattern and related patterns with certain recursion, which allows remote attackers to cause a denial of service (segmentation fault) or possibly have unspecified other impact via a crafted regular expression, as demonstrated by a JavaScript RegExp object encountered by Konqueror.","[first_aid] Apply the vendor security patch for CVE-2015-2328; if unavailable, isolate the container and restrict egress. | [full_remediation] Upgrade package libpcre3 from 1:8.31-2ubuntu2.1 to 1:8.31-2ubuntu2.2 (fixed version) in the image and rebuild/redeploy. | [scanner_guidance] Upgrade libpcre3 from 1:8.31-2ubuntu2.1 to 1:8.31-2ubuntu2.2"
308,30.3,P4,720,appsec-legacy,bwapp,trivy,pcre: OOB write when pcre_exec() is called with ovecsize of 1 (8.38/10),low,CVE-2015-8380,CWE-119,raesene/bwapp:latest (ubuntu 14.04),,,,,False,,False,,0.0,libpcre3,1:8.31-2ubuntu2.2,"The pcre_exec function in pcre_exec.c in PCRE before 8.38 mishandles a // pattern with a \01 string, which allows remote attackers to cause a denial of service (heap-based buffer overflow) or possibly have unspecified other impact via a crafted regular expression, as demonstrated by a JavaScript RegExp object encountered by Konqueror.","[first_aid] Apply the vendor security patch for CVE-2015-8380; if unavailable, isolate the container and restrict egress. | [full_remediation] Upgrade package libpcre3 from 1:8.31-2ubuntu2.1 to 1:8.31-2ubuntu2.2 (fixed version) in the image and rebuild/redeploy. | [scanner_guidance] Upgrade libpcre3 from 1:8.31-2ubuntu2.1 to 1:8.31-2ubuntu2.2"
309,30.3,P4,720,appsec-legacy,bwapp,trivy,pcre: buffer overflow caused by named forward reference to duplicate group number (8.38/30),low,CVE-2015-8385,CWE-119,raesene/bwapp:latest (ubuntu 14.04),,,,,False,,False,,0.0,libpcre3,1:8.31-2ubuntu2.2,"PCRE before 8.38 mishandles the /(?|(\k'Pm')|(?'Pm'))/ pattern and related patterns with certain forward references, which allows remote attackers to cause a denial of service (buffer overflow) or possibly have unspecified other impact via a crafted regular expression, as demonstrated by a JavaScript RegExp object encountered by Konqueror.","[first_aid] Apply the vendor security patch for CVE-2015-8385; if unavailable, isolate the container and restrict egress. | [full_remediation] Upgrade package libpcre3 from 1:8.31-2ubuntu2.1 to 1:8.31-2ubuntu2.2 (fixed version) in the image and rebuild/redeploy. | [scanner_guidance] Upgrade libpcre3 from 1:8.31-2ubuntu2.1 to 1:8.31-2ubuntu2.2"
310,30.3,P4,720,appsec-legacy,bwapp,trivy,pcre: Buffer overflow caused by lookbehind assertion (8.38/6),low,CVE-2015-8386,CWE-119,raesene/bwapp:latest (ubuntu 14.04),,,,,False,,False,,0.0,libpcre3,1:8.31-2ubuntu2.2,"PCRE before 8.38 mishandles the interaction of lookbehind assertions and mutually recursive subpatterns, which allows remote attackers to cause a denial of service (buffer overflow) or possibly have unspecified other impact via a crafted regular expression, as demonstrated by a JavaScript RegExp object encountered by Konqueror.","[first_aid] Apply the vendor security patch for CVE-2015-8386; if unavailable, isolate the container and restrict egress. | [full_remediation] Upgrade package libpcre3 from 1:8.31-2ubuntu2.1 to 1:8.31-2ubuntu2.2 (fixed version) in the image and rebuild/redeploy. | [scanner_guidance] Upgrade libpcre3 from 1:8.31-2ubuntu2.1 to 1:8.31-2ubuntu2.2"
311,30.3,P4,720,appsec-legacy,bwapp,trivy,pcre: Integer overflow in subroutine calls (8.38/8),low,CVE-2015-8387,CWE-190,raesene/bwapp:latest (ubuntu 14.04),,,,,False,,False,,0.0,libpcre3,1:8.31-2ubuntu2.2,"PCRE before 8.38 mishandles (?123) subroutine calls and related subroutine calls, which allows remote attackers to cause a denial of service (integer overflow) or possibly have unspecified other impact via a crafted regular expression, as demonstrated by a JavaScript RegExp object encountered by Konqueror.","[first_aid] Apply the vendor security patch for CVE-2015-8387; if unavailable, isolate the container and restrict egress. | [full_remediation] Upgrade package libpcre3 from 1:8.31-2ubuntu2.1 to 1:8.31-2ubuntu2.2 (fixed version) in the image and rebuild/redeploy. | [scanner_guidance] Upgrade libpcre3 from 1:8.31-2ubuntu2.1 to 1:8.31-2ubuntu2.2"
312,30.3,P4,720,appsec-legacy,bwapp,trivy,libpng: NULL pointer dereference in png_set_text_2(),low,CVE-2016-10087,CWE-476,raesene/bwapp:latest (ubuntu 14.04),,,,,False,,False,,0.0,libpng12-0,1.2.50-1ubuntu2.14.04.3,"The png_set_text_2 function in libpng 0.71 before 1.0.67, 1.2.x before 1.2.57, 1.4.x before 1.4.20, 1.5.x before 1.5.28, and 1.6.x before 1.6.27 allows context-dependent attackers to cause a NULL pointer dereference vectors involving loading a text chunk into a png structure, removing the text, and then adding another text chunk to the structure.","[first_aid] Apply the vendor security patch for CVE-2016-10087; if unavailable, isolate the container and restrict egress. | [full_remediation] Upgrade package libpng12-0 from 1.2.50-1ubuntu2.14.04.2 to 1.2.50-1ubuntu2.14.04.3 (fixed version) in the image and rebu | [scanner_guidance] Upgrade libpng12-0 from 1.2.50-1ubuntu2.14.04.2 to 1.2.50-1ubuntu2.14.04.3"
313,30.3,P4,720,appsec-legacy,bwapp,trivy,procps: incorrect integer size in proc/alloc.* leading to truncation / integer overflow issues,medium,CVE-2018-1126,CWE-190,raesene/bwapp:latest (ubuntu 14.04),,,,,False,,False,,0.0,libprocps3,1:3.3.9-1ubuntu2.3,procps-ng before version 3.3.15 is vulnerable to an incorrect integer size in proc/alloc.* leading to truncation/integer overflow issues. This flaw is related to CVE-2018-1124.,"[first_aid] Apply the vendor security patch for CVE-2018-1126; if unavailable, isolate the container and restrict egress. | [full_remediation] Upgrade package libprocps3 from 1:3.3.9-1ubuntu2.2 to 1:3.3.9-1ubuntu2.3 (fixed version) in the image and rebuild/redepl | [scanner_guidance] Upgrade libprocps3 from 1:3.3.9-1ubuntu2.2 to 1:3.3.9-1ubuntu2.3"
314,30.3,P4,720,appsec-legacy,bwapp,trivy,python: Integer overflow in PyString_DecodeEscape results in heap-base buffer overflow,medium,CVE-2017-1000158,CWE-190,raesene/bwapp:latest (ubuntu 14.04),,,,,False,,False,,0.0,libpython2.7-minimal,2.7.6-8ubuntu0.4,"CPython (aka Python) up to 2.7.13 is vulnerable to an integer overflow in the PyString_DecodeEscape function in stringobject.c, resulting in heap-based buffer overflow (and possible arbitrary code execution)","[first_aid] Apply the vendor security patch for CVE-2017-1000158; if unavailable, isolate the container and restrict egress. | [full_remediation] Upgrade package libpython2.7-minimal from 2.7.6-8ubuntu0.2 to 2.7.6-8ubuntu0.4 (fixed version) in the image and rebuild/ | [scanner_guidance] Upgrade libpython2.7-minimal from 2.7.6-8ubuntu0.2 to 2.7.6-8ubuntu0.4"
315,30.3,P4,720,appsec-legacy,bwapp,trivy,python: Missing salt initialization in _elementtree.c module,medium,CVE-2018-14647,CWE-335,raesene/bwapp:latest (ubuntu 14.04),,,,,False,,False,,0.0,libpython2.7-minimal,2.7.6-8ubuntu0.5,"Python's elementtree C accelerator failed to initialise Expat's hash salt during initialization. This could make it easy to conduct denial of service attacks against Expat by constructing an XML document that would cause pathological hash collisions in Expat's internal data structures, consuming large amounts CPU and RAM. The vulnerability exists in Python versions 3.7.0, 3.6.0 through 3.6.6, 3.5.0 through 3.5.6, 3.4.0 through 3.4.9, 2.7.0 through 2.7.15.","[first_aid] Apply the vendor security patch for CVE-2018-14647; if unavailable, isolate the container and restrict egress. | [full_remediation] Upgrade package libpython2.7-minimal from 2.7.6-8ubuntu0.2 to 2.7.6-8ubuntu0.5 (fixed version) in the image and rebuild/ | [scanner_guidance] Upgrade libpython2.7-minimal from 2.7.6-8ubuntu0.2 to 2.7.6-8ubuntu0.5"
316,30.3,P4,720,appsec-legacy,bwapp,trivy,sqlite: NULL pointer dereference with databases with schema corrupted with CREATE TABLE AS allows for denial of service,low,CVE-2018-8740,CWE-476,raesene/bwapp:latest (ubuntu 14.04),,,,,False,,False,,0.0,libsqlite3-0,3.8.2-1ubuntu2.2,"In SQLite through 3.22.0, databases whose schema is corrupted using a CREATE TABLE AS statement could cause a NULL pointer dereference, related to build.c and prepare.c.","[first_aid] Apply the vendor security patch for CVE-2018-8740; if unavailable, isolate the container and restrict egress. | [full_remediation] Upgrade package libsqlite3-0 from 3.8.2-1ubuntu2.1 to 3.8.2-1ubuntu2.2 (fixed version) in the image and rebuild/redeploy | [scanner_guidance] Upgrade libsqlite3-0 from 3.8.2-1ubuntu2.1 to 3.8.2-1ubuntu2.2"
317,30.3,P4,720,appsec-legacy,bwapp,trivy,openssl: OCSP Status Request extension unbounded memory growth,high,CVE-2016-6304,CWE-401,raesene/bwapp:latest (ubuntu 14.04),,,,,False,,False,,0.0,libssl1.0.0,1.0.1f-1ubuntu2.20,"Multiple memory leaks in t1_lib.c in OpenSSL before 1.0.1u, 1.0.2 before 1.0.2i, and 1.1.0 before 1.1.0a allow remote attackers to cause a denial of service (memory consumption) via large OCSP Status Request extensions.","[first_aid] Apply the vendor security patch for CVE-2016-6304; if unavailable, isolate the container and restrict egress. | [full_remediation] Upgrade package libssl1.0.0 from 1.0.1f-1ubuntu2.16 to 1.0.1f-1ubuntu2.20 (fixed version) in the image and rebuild/redep | [scanner_guidance] Upgrade libssl1.0.0 from 1.0.1f-1ubuntu2.16 to 1.0.1f-1ubuntu2.20"
318,30.3,P4,720,appsec-legacy,bwapp,trivy,openssl: ASN.1 BIO handling of large amounts of data,medium,CVE-2016-2109,CWE-399,raesene/bwapp:latest (ubuntu 14.04),,,,,False,,False,,0.0,libssl1.0.0,1.0.1f-1ubuntu2.19,The asn1_d2i_read_bio function in crypto/asn1/a_d2i_fp.c in the ASN.1 BIO implementation in OpenSSL before 1.0.1t and 1.0.2 before 1.0.2h allows remote attackers to cause a denial of service (memory consumption) via a short invalid encoding.,"[first_aid] Apply the vendor security patch for CVE-2016-2109; if unavailable, isolate the container and restrict egress. | [full_remediation] Upgrade package libssl1.0.0 from 1.0.1f-1ubuntu2.16 to 1.0.1f-1ubuntu2.19 (fixed version) in the image and rebuild/redep | [scanner_guidance] Upgrade libssl1.0.0 from 1.0.1f-1ubuntu2.16 to 1.0.1f-1ubuntu2.19"
319,30.3,P4,720,appsec-legacy,bwapp,trivy,openssl: Integer overflow in MDC2_Update(),medium,CVE-2016-6303,CWE-787,raesene/bwapp:latest (ubuntu 14.04),,,,,False,,False,,0.0,libssl1.0.0,1.0.1f-1ubuntu2.20,Integer overflow in the MDC2_Update function in crypto/mdc2/mdc2dgst.c in OpenSSL before 1.1.0 allows remote attackers to cause a denial of service (out-of-bounds write and application crash) or possibly have unspecified other impact via unknown vectors.,"[first_aid] Apply the vendor security patch for CVE-2016-6303; if unavailable, isolate the container and restrict egress. | [full_remediation] Upgrade package libssl1.0.0 from 1.0.1f-1ubuntu2.16 to 1.0.1f-1ubuntu2.20 (fixed version) in the image and rebuild/redep | [scanner_guidance] Upgrade libssl1.0.0 from 1.0.1f-1ubuntu2.16 to 1.0.1f-1ubuntu2.20"
320,30.3,P4,720,appsec-legacy,bwapp,trivy,openssl: Truncated packet could crash via OOB read,medium,CVE-2017-3731,CWE-125,raesene/bwapp:latest (ubuntu 14.04),,,,,False,,False,,0.0,libssl1.0.0,1.0.1f-1ubuntu2.22,"If an SSL/TLS server or client is running on a 32-bit host, and a specific cipher is being used, then a truncated packet can cause that server or client to perform an out-of-bounds read, usually resulting in a crash. For OpenSSL 1.1.0, the crash can be triggered when using CHACHA20/POLY1305; users should upgrade to 1.1.0d. For Openssl 1.0.2, the crash can be triggered when using RC4-MD5; users who have not disabled that algorithm should update to 1.0.2k.","[first_aid] Apply the vendor security patch for CVE-2017-3731; if unavailable, isolate the container and restrict egress. | [full_remediation] Upgrade package libssl1.0.0 from 1.0.1f-1ubuntu2.16 to 1.0.1f-1ubuntu2.22 (fixed version) in the image and rebuild/redep | [scanner_guidance] Upgrade libssl1.0.0 from 1.0.1f-1ubuntu2.16 to 1.0.1f-1ubuntu2.22"
321,30.3,P4,720,appsec-legacy,bwapp,trivy,openssl: EVP_EncodeUpdate overflow,low,CVE-2016-2105,CWE-190,raesene/bwapp:latest (ubuntu 14.04),,,,,False,,False,,0.0,libssl1.0.0,1.0.1f-1ubuntu2.19,Integer overflow in the EVP_EncodeUpdate function in crypto/evp/encode.c in OpenSSL before 1.0.1t and 1.0.2 before 1.0.2h allows remote attackers to cause a denial of service (heap memory corruption) via a large amount of binary data.,"[first_aid] Apply the vendor security patch for CVE-2016-2105; if unavailable, isolate the container and restrict egress. | [full_remediation] Upgrade package libssl1.0.0 from 1.0.1f-1ubuntu2.16 to 1.0.1f-1ubuntu2.19 (fixed version) in the image and rebuild/redep | [scanner_guidance] Upgrade libssl1.0.0 from 1.0.1f-1ubuntu2.16 to 1.0.1f-1ubuntu2.19"
322,30.3,P4,720,appsec-legacy,bwapp,trivy,openssl: EVP_EncryptUpdate overflow,low,CVE-2016-2106,CWE-189,raesene/bwapp:latest (ubuntu 14.04),,,,,False,,False,,0.0,libssl1.0.0,1.0.1f-1ubuntu2.19,Integer overflow in the EVP_EncryptUpdate function in crypto/evp/evp_enc.c in OpenSSL before 1.0.1t and 1.0.2 before 1.0.2h allows remote attackers to cause a denial of service (heap memory corruption) via a large amount of data.,"[first_aid] Apply the vendor security patch for CVE-2016-2106; if unavailable, isolate the container and restrict egress. | [full_remediation] Upgrade package libssl1.0.0 from 1.0.1f-1ubuntu2.16 to 1.0.1f-1ubuntu2.19 (fixed version) in the image and rebuild/redep | [scanner_guidance] Upgrade libssl1.0.0 from 1.0.1f-1ubuntu2.16 to 1.0.1f-1ubuntu2.19"
323,30.3,P4,720,appsec-legacy,bwapp,trivy,openssl: DTLS replay protection bypass allows DoS against DTLS connection,low,CVE-2016-2181,CWE-189,raesene/bwapp:latest (ubuntu 14.04),,,,,False,,False,,0.0,libssl1.0.0,1.0.1f-1ubuntu2.20,"The Anti-Replay feature in the DTLS implementation in OpenSSL before 1.1.0 mishandles early use of a new epoch number in conjunction with a large sequence number, which allows remote attackers to cause a denial of service (false-positive packet drops) via spoofed DTLS records, related to rec_layer_d1.c and ssl3_record.c.","[first_aid] Apply the vendor security patch for CVE-2016-2181; if unavailable, isolate the container and restrict egress. | [full_remediation] Upgrade package libssl1.0.0 from 1.0.1f-1ubuntu2.16 to 1.0.1f-1ubuntu2.20 (fixed version) in the image and rebuild/redep | [scanner_guidance] Upgrade libssl1.0.0 from 1.0.1f-1ubuntu2.16 to 1.0.1f-1ubuntu2.20"
324,30.3,P4,720,appsec-legacy,bwapp,trivy,libX11: Crash on invalid reply in XListExtensions in ListExt.c,medium,CVE-2018-14598,CWE-20,raesene/bwapp:latest (ubuntu 14.04),,,,,False,,False,,0.0,libx11-6,2:1.6.2-1ubuntu2.1,"An issue was discovered in XListExtensions in ListExt.c in libX11 through 1.6.5. A malicious server can send a reply in which the first string overflows, causing a variable to be set to NULL that will be freed later on, leading to DoS (segmentation fault).","[first_aid] Apply the vendor security patch for CVE-2018-14598; if unavailable, isolate the container and restrict egress. | [full_remediation] Upgrade package libx11-6 from 2:1.6.2-1ubuntu2 to 2:1.6.2-1ubuntu2.1 (fixed version) in the image and rebuild/redeploy. | [scanner_guidance] Upgrade libx11-6 from 2:1.6.2-1ubuntu2 to 2:1.6.2-1ubuntu2.1"
325,30.3,P4,720,appsec-legacy,bwapp,trivy,libX11: Off-by-one error in XListExtensions in ListExt.c,medium,CVE-2018-14599,CWE-193,raesene/bwapp:latest (ubuntu 14.04),,,,,False,,False,,0.0,libx11-6,2:1.6.2-1ubuntu2.1,"An issue was discovered in libX11 through 1.6.5. The function XListExtensions in ListExt.c is vulnerable to an off-by-one error caused by malicious server responses, leading to DoS or possibly unspecified other impact.","[first_aid] Apply the vendor security patch for CVE-2018-14599; if unavailable, isolate the container and restrict egress. | [full_remediation] Upgrade package libx11-6 from 2:1.6.2-1ubuntu2 to 2:1.6.2-1ubuntu2.1 (fixed version) in the image and rebuild/redeploy. | [scanner_guidance] Upgrade libx11-6 from 2:1.6.2-1ubuntu2 to 2:1.6.2-1ubuntu2.1"
326,30.3,P4,720,appsec-legacy,bwapp,trivy,libX11: Out of Bounds write in XListExtensions in ListExt.c,medium,CVE-2018-14600,CWE-787,raesene/bwapp:latest (ubuntu 14.04),,,,,False,,False,,0.0,libx11-6,2:1.6.2-1ubuntu2.1,"An issue was discovered in libX11 through 1.6.5. The function XListExtensions in ListExt.c interprets a variable as signed instead of unsigned, resulting in an out-of-bounds write (of up to 128 bytes), leading to DoS or remote code execution.","[first_aid] Apply the vendor security patch for CVE-2018-14600; if unavailable, isolate the container and restrict egress. | [full_remediation] Upgrade package libx11-6 from 2:1.6.2-1ubuntu2 to 2:1.6.2-1ubuntu2.1 (fixed version) in the image and rebuild/redeploy. | [scanner_guidance] Upgrade libx11-6 from 2:1.6.2-1ubuntu2 to 2:1.6.2-1ubuntu2.1"
327,30.3,P4,720,appsec-legacy,bwapp,trivy,libX11: Insufficient validation of server responses in XGetImage(),low,CVE-2016-7942,CWE-264,raesene/bwapp:latest (ubuntu 14.04),,,,,False,,False,,0.0,libx11-6,2:1.6.2-1ubuntu2.1,"The XGetImage function in X.org libX11 before 1.6.4 might allow remote X servers to gain privileges via vectors involving image type and geometry, which triggers out-of-bounds read operations.","[first_aid] Apply the vendor security patch for CVE-2016-7942; if unavailable, isolate the container and restrict egress. | [full_remediation] Upgrade package libx11-6 from 2:1.6.2-1ubuntu2 to 2:1.6.2-1ubuntu2.1 (fixed version) in the image and rebuild/redeploy. | [scanner_guidance] Upgrade libx11-6 from 2:1.6.2-1ubuntu2 to 2:1.6.2-1ubuntu2.1"
328,30.3,P4,720,appsec-legacy,bwapp,trivy,libxml2: Missing validation for external entities in xmlParsePEReference,medium,CVE-2017-7375,CWE-611,raesene/bwapp:latest (ubuntu 14.04),,,,,False,,False,,0.798,libxml2,2.9.1+dfsg1-3ubuntu4.10,"A flaw in libxml2 allows remote XML entity inclusion with default parser flags (i.e., when the caller did not request entity substitution, DTD validation, external DTD subset loading, or default DTD attributes). Depending on the context, this may expose a higher-risk attack surface in libxml2 not usually reachable with default parser flags, and expose content from local files, HTTP, or FTP servers (which might be otherwise unreachable).","[first_aid] Apply the vendor security patch for CVE-2017-7375; if unavailable, isolate the container and restrict egress. | [full_remediation] Upgrade package libxml2 from 2.9.1+dfsg1-3ubuntu4.7 to 2.9.1+dfsg1-3ubuntu4.10 (fixed version) in the image and rebuild/ | [scanner_guidance] Upgrade libxml2 from 2.9.1+dfsg1-3ubuntu4.7 to 2.9.1+dfsg1-3ubuntu4.10"
329,30.3,P4,720,appsec-legacy,bwapp,trivy,libxml2: Heap-based buffer over-read in function xmlDictAddString,medium,CVE-2017-9050,CWE-125,raesene/bwapp:latest (ubuntu 14.04),,,,,False,,False,,0.0,libxml2,2.9.1+dfsg1-3ubuntu4.10,"libxml2 20904-GITv2.9.4-16-g0741801 is vulnerable to a heap-based buffer over-read in the xmlDictAddString function in dict.c. This vulnerability causes programs that use libxml2, such as PHP, to crash. This vulnerability exists because of an incomplete fix for CVE-2016-1839.","[first_aid] Apply the vendor security patch for CVE-2017-9050; if unavailable, isolate the container and restrict egress. | [full_remediation] Upgrade package libxml2 from 2.9.1+dfsg1-3ubuntu4.7 to 2.9.1+dfsg1-3ubuntu4.10 (fixed version) in the image and rebuild/ | [scanner_guidance] Upgrade libxml2 from 2.9.1+dfsg1-3ubuntu4.7 to 2.9.1+dfsg1-3ubuntu4.10"
330,30.3,P4,720,appsec-legacy,bwapp,trivy,libxml2: stack exhaustion while parsing xml files in recovery mode,low,CVE-2016-3627,CWE-674,raesene/bwapp:latest (ubuntu 14.04),,,,,False,,False,,0.0,libxml2,2.9.1+dfsg1-3ubuntu4.8,"The xmlStringGetNodeList function in tree.c in libxml2 2.9.3 and earlier, when used in recovery mode, allows context-dependent attackers to cause a denial of service (infinite recursion, stack consumption, and application crash) via a crafted XML document.","[first_aid] Apply the vendor security patch for CVE-2016-3627; if unavailable, isolate the container and restrict egress. | [full_remediation] Upgrade package libxml2 from 2.9.1+dfsg1-3ubuntu4.7 to 2.9.1+dfsg1-3ubuntu4.8 (fixed version) in the image and rebuild/r | [scanner_guidance] Upgrade libxml2 from 2.9.1+dfsg1-3ubuntu4.7 to 2.9.1+dfsg1-3ubuntu4.8"
331,30.3,P4,720,appsec-legacy,bwapp,trivy,libxml2: Heap-based buffer underreads due to xmlParseName,low,CVE-2016-4447,CWE-119,raesene/bwapp:latest (ubuntu 14.04),,,,,False,,False,,0.0,libxml2,2.9.1+dfsg1-3ubuntu4.8,"The xmlParseElementDecl function in parser.c in libxml2 before 2.9.4 allows context-dependent attackers to cause a denial of service (heap-based buffer underread and application crash) via a crafted file, involving xmlParseName.","[first_aid] Apply the vendor security patch for CVE-2016-4447; if unavailable, isolate the container and restrict egress. | [full_remediation] Upgrade package libxml2 from 2.9.1+dfsg1-3ubuntu4.7 to 2.9.1+dfsg1-3ubuntu4.8 (fixed version) in the image and rebuild/r | [scanner_guidance] Upgrade libxml2 from 2.9.1+dfsg1-3ubuntu4.7 to 2.9.1+dfsg1-3ubuntu4.8"
332,30.3,P4,720,appsec-legacy,bwapp,trivy,ntp: decodearr() can write beyond its buffer limit,medium,CVE-2018-7183,CWE-787,raesene/bwapp:latest (ubuntu 14.04),,,,,False,,False,,0.0,ntpdate,1:4.2.6.p5+dfsg-3ubuntu2.14.04.13,Buffer overflow in the decodearr function in ntpq in ntp 4.2.8p6 through 4.2.8p10 allows remote attackers to execute arbitrary code by leveraging an ntpq query and sending a response with a crafted array.,"[first_aid] Apply the vendor security patch for CVE-2018-7183; if unavailable, isolate the container and restrict egress. | [full_remediation] Upgrade package ntpdate from 1:4.2.6.p5+dfsg-3ubuntu2.14.04.6 to 1:4.2.6.p5+dfsg-3ubuntu2.14.04.13 (fixed version) in th | [scanner_guidance] Upgrade ntpdate from 1:4.2.6.p5+dfsg-3ubuntu2.14.04.6 to 1:4.2.6.p5+dfsg-3ubuntu2.14.04.13"
333,30.3,P4,720,appsec-legacy,bwapp,trivy,openssh: loading of untrusted PKCS#11 modules in ssh-agent,low,CVE-2016-10009,CWE-426,raesene/bwapp:latest (ubuntu 14.04),,,,,False,,False,,0.0,openssh-client,1:6.6p1-2ubuntu2.10,Untrusted search path vulnerability in ssh-agent.c in ssh-agent in OpenSSH before 7.4 allows remote attackers to execute arbitrary local PKCS#11 modules by leveraging control over a forwarded agent-socket.,"[first_aid] Apply the vendor security patch for CVE-2016-10009; if unavailable, isolate the container and restrict egress. | [full_remediation] Upgrade package openssh-client from 1:6.6p1-2ubuntu2.6 to 1:6.6p1-2ubuntu2.10 (fixed version) in the image and rebuild/r | [scanner_guidance] Upgrade openssh-client from 1:6.6p1-2ubuntu2.6 to 1:6.6p1-2ubuntu2.10"
334,30.3,P4,720,appsec-legacy,bwapp,trivy,openssh: Out of sequence NEWKEYS message can allow remote attacker to cause denial of service,low,CVE-2016-10708,CWE-476,raesene/bwapp:latest (ubuntu 14.04),,,,,False,,False,,0.0,openssh-client,1:6.6p1-2ubuntu2.11,"sshd in OpenSSH before 7.4 allows remote attackers to cause a denial of service (NULL pointer dereference and daemon crash) via an out-of-sequence NEWKEYS message, as demonstrated by Honggfuzz, related to kex.c and packet.c.","[first_aid] Apply the vendor security patch for CVE-2016-10708; if unavailable, isolate the container and restrict egress. | [full_remediation] Upgrade package openssh-client from 1:6.6p1-2ubuntu2.6 to 1:6.6p1-2ubuntu2.11 (fixed version) in the image and rebuild/r | [scanner_guidance] Upgrade openssh-client from 1:6.6p1-2ubuntu2.6 to 1:6.6p1-2ubuntu2.11"
335,30.3,P4,720,appsec-legacy,bwapp,trivy,perl: Directory traversal in Archive::Tar,medium,CVE-2018-12015,CWE-59,raesene/bwapp:latest (ubuntu 14.04),,,,,False,,False,,0.0,perl,5.18.2-2ubuntu1.6,"In Perl through 5.26.2, the Archive::Tar module allows remote attackers to bypass a directory-traversal protection mechanism, and overwrite arbitrary files, via an archive file containing a symlink and a regular file with the same name.","[first_aid] Apply the vendor security patch for CVE-2018-12015; if unavailable, isolate the container and restrict egress. | [full_remediation] Upgrade package perl from 5.18.2-2ubuntu1 to 5.18.2-2ubuntu1.6 (fixed version) in the image and rebuild/redeploy. | [scanner_guidance] Upgrade perl from 5.18.2-2ubuntu1 to 5.18.2-2ubuntu1.6"
336,30.3,P4,720,appsec-legacy,bwapp,trivy,perl: segmentation fault in S_regmatch on negative backreference,low,CVE-2013-7422,CWE-189,raesene/bwapp:latest (ubuntu 14.04),,,,,False,,False,,0.0,perl,5.18.2-2ubuntu1.1,"Integer underflow in regcomp.c in Perl before 5.20, as used in Apple OS X before 10.10.5 and other products, allows context-dependent attackers to execute arbitrary code or cause a denial of service (application crash) via a long digit string associated with an invalid backreference within a regular expression.","[first_aid] Apply the vendor security patch for CVE-2013-7422; if unavailable, isolate the container and restrict egress. | [full_remediation] Upgrade package perl from 5.18.2-2ubuntu1 to 5.18.2-2ubuntu1.1 (fixed version) in the image and rebuild/redeploy. | [scanner_guidance] Upgrade perl from 5.18.2-2ubuntu1 to 5.18.2-2ubuntu1.1"
337,30.3,P4,720,appsec-legacy,bwapp,trivy,rsync: daemon does not check for fnamecmp filenames allowing for access restriction bypass,medium,CVE-2017-17434,,raesene/bwapp:latest (ubuntu 14.04),,,,,False,,False,,,rsync,3.1.0-2ubuntu0.3,"The daemon in rsync 3.1.2, and 3.1.3-development before 2017-12-03, does not check for fnamecmp filenames in the daemon_filter_list data structure (in the recv_files function in receiver.c) and also does not apply the sanitize_paths protection mechanism to pathnames found in ""xname follows"" strings (in the read_ndx_and_attrs function in rsync.c), which allows remote attackers to bypass intended access restrictions.","[first_aid] Apply the vendor security patch for CVE-2017-17434; if unavailable, isolate the container and restrict egress. | [full_remediation] Upgrade package rsync from 3.1.0-2ubuntu0.2 to 3.1.0-2ubuntu0.3 (fixed version) in the image and rebuild/redeploy. | [scanner_guidance] Upgrade rsync from 3.1.0-2ubuntu0.2 to 3.1.0-2ubuntu0.3"
338,30.3,P4,720,appsec-legacy,bwapp,trivy,rsync: Heap-based buffer over-read in receive_xattr function,low,CVE-2017-16548,CWE-125,raesene/bwapp:latest (ubuntu 14.04),,,,,False,,False,,0.0,rsync,3.1.0-2ubuntu0.4,"The receive_xattr function in xattrs.c in rsync 3.1.2 and 3.1.3-development does not check for a trailing '\0' character in an xattr name, which allows remote attackers to cause a denial of service (heap-based buffer over-read and application crash) or possibly have unspecified other impact by sending crafted data to the daemon.","[first_aid] Apply the vendor security patch for CVE-2017-16548; if unavailable, isolate the container and restrict egress. | [full_remediation] Upgrade package rsync from 3.1.0-2ubuntu0.2 to 3.1.0-2ubuntu0.4 (fixed version) in the image and rebuild/redeploy. | [scanner_guidance] Upgrade rsync from 3.1.0-2ubuntu0.2 to 3.1.0-2ubuntu0.4"
339,30.3,P4,720,appsec-web,juice_shop,trivy,XSS - Sanitization not applied recursively,medium,CVE-2016-1000237,CWE-79,Node.js,,,,,False,,False,,0.456,sanitize-html,>=1.4.3,sanitize-html before 1.4.3 has XSS.,"[first_aid] Apply the vendor security patch for CVE-2016-1000237; if unavailable, isolate the container and restrict egress. | [full_remediation] Upgrade package sanitize-html from 1.4.2 to >=1.4.3 (fixed version) in the image and rebuild/redeploy. | [scanner_guidance] Upgrade sanitize-html from 1.4.2 to >=1.4.3"
340,30.3,P4,720,appsec-node,nodegoat,trivy,node-tar: hardlink path traversal via drive-relative linkpath,high,CVE-2026-29786,CWE-22,Node.js,,,,,False,,False,,0.798,tar,7.5.10,"node-tar is a full-featured Tar for Node.js. Prior to version 7.5.10, tar can be tricked into creating a hardlink that points outside the extraction directory by using a drive-relative link target such as C:../target.txt, which enables file overwrite outside cwd during normal tar.x() extraction. This issue has been patched in version 7.5.10.","[first_aid] Apply the vendor security patch for CVE-2026-29786; if unavailable, isolate the container and restrict egress. | [full_remediation] Upgrade package tar from 4.4.19 to 7.5.10 (fixed version) in the image and rebuild/redeploy. | [scanner_guidance] Upgrade tar from 4.4.19 to 7.5.10"
341,30.0,P4,720,appsec-web,juice_shop,trivy,undici: undici: HTTP header injection via unvalidated blob-like body type property,medium,CVE-2026-15157,CWE-93,Node.js,,,,,False,,False,,0.0,undici,"6.28.0, 7.29.0, 8.9.0","undici does not validate the type property of a duck-typed blob-like request body before using it as the Content-Type header on the HTTP/1.1 dispatcher. In undici before 6.28.0, from 7.0.0 up to before 7.29.0, and from 8.0.0 up to before 8.9.0, an application that passes a hand-rolled blob-like body (via request, stream, pipeline, or dispatch) whose type is derived from untrusted input allows an attacker to inject CRLF sequences and append arbitrary HTTP headers, potentially smuggling a second request past the upstream. Native Blob objects are safe because their constructor strips CRLF from the type, and fetch is unaffected because it validates headers, but ecosystem libraries that build duck-typed blob shapes from user input can reach the vulnerable path. This is the same defect class as CVE-2022-35948 and CVE-2026-1527, on a header sink that the earlier fixes did not cover. The issue is fixed in undici 6.28.0, 7.29.0, and 8.9.0.","[first_aid] Apply the vendor security patch for CVE-2026-15157; if unavailable, isolate the container and restrict egress. | [full_remediation] Upgrade package undici from 5.29.0 to 6.28.0, 7.29.0, 8.9.0 (fixed version) in the image and rebuild/redeploy. | [scanner_guidance] Upgrade undici from 5.29.0 to 6.28.0, 7.29.0, 8.9.0"
342,29.7,P4,720,appsec-legacy,bwapp,trivy,procps: Local privilege escalation in top,medium,CVE-2018-1122,CWE-829,raesene/bwapp:latest (ubuntu 14.04),,,,,False,,False,,0.0,libprocps3,1:3.3.9-1ubuntu2.3,"procps-ng before version 3.3.15 is vulnerable to a local privilege escalation in top. If a user runs top with HOME unset in an attacker-controlled directory, the attacker could achieve privilege escalation by exploiting one of several vulnerabilities in the config_file() function.","[first_aid] Apply the vendor security patch for CVE-2018-1122; if unavailable, isolate the container and restrict egress. | [full_remediation] Upgrade package libprocps3 from 1:3.3.9-1ubuntu2.2 to 1:3.3.9-1ubuntu2.3 (fixed version) in the image and rebuild/redepl | [scanner_guidance] Upgrade libprocps3 from 1:3.3.9-1ubuntu2.2 to 1:3.3.9-1ubuntu2.3"
343,29.7,P4,720,appsec-node,nodegoat,trivy,express: cause malformed URLs to be evaluated,medium,CVE-2024-29041,CWE-601,Node.js,,,,,False,,False,,0.0,express,"4.19.2, 5.0.0-beta.3","Express.js minimalist web framework for node. Versions of Express.js prior to 4.19.0 and all pre-release alpha and beta versions of 5.0 are affected by an open redirect vulnerability using malformed URLs. When a user of Express performs a redirect using a user-provided URL Express performs an encode [using `encodeurl`](https://github.com/pillarjs/encodeurl) on the contents before passing it to the `location` header. This can cause malformed URLs to be evaluated in unexpected ways by common redirect allow list implementations in Express applications, leading to an Open Redirect via bypass of a properly implemented allow list. The main method impacted is `res.location()` but this is also called from within `res.redirect()`. The vulnerability is fixed in 4.19.2 and 5.0.0-beta.3.","[first_aid] Apply the vendor security patch for CVE-2024-29041; if unavailable, isolate the container and restrict egress. | [full_remediation] Upgrade package express from 4.16.4 to 4.19.2, 5.0.0-beta.3 (fixed version) in the image and rebuild/redeploy. | [scanner_guidance] Upgrade express from 4.16.4 to 4.19.2, 5.0.0-beta.3"
344,29.7,P4,720,appsec-node,nodegoat,trivy,request: bypass of SSRF mitigations when following a cross-protocol redirect,medium,CVE-2023-28155,CWE-918,Node.js,,,,,False,,False,,0.0,request,,"The Request package through 2.88.1 for Node.js allows a bypass of SSRF mitigations via an attacker-controller server that does a cross-protocol redirect (HTTP to HTTPS, or HTTPS to HTTP). NOTE: This vulnerability only affects products that are no longer supported by the maintainer.",[first_aid] Block outbound traffic to internal/metadata ranges at the firewall; disable the vulnerable fetcher. | [full_remediation] Validate and allow-list server-side request targets; use an outbound proxy with deny rules for RFC1918/metadata. | [scanner_guidance] request: bypass of SSRF mitigations when following a cross-protocol redirect
345,29.7,P4,720,appsec-node,nodegoat,trivy,node-tar: tar: node-tar: Arbitrary file overwrite and symlink poisoning via unsanitized linkpaths in archives,high,CVE-2026-23745,CWE-22,Node.js,,,,,False,,False,,0.798,tar,7.5.3,"node-tar is a Tar for Node.js. The node-tar library (<= 7.5.2) fails to sanitize the linkpath of Link (hardlink) and SymbolicLink entries when preservePaths is false (the default secure behavior). This allows malicious archives to bypass the extraction root restriction, leading to Arbitrary File Overwrite via hardlinks and Symlink Poisoning via absolute symlink targets. This vulnerability is fixed in 7.5.3.","[first_aid] Apply the vendor security patch for CVE-2026-23745; if unavailable, isolate the container and restrict egress. | [full_remediation] Upgrade package tar from 4.4.19 to 7.5.3 (fixed version) in the image and rebuild/redeploy. | [scanner_guidance] Upgrade tar from 4.4.19 to 7.5.3"
346,29.5,P4,720,appsec-legacy,bwapp,trivy,bash: Specially crafted SHELLOPTS+PS4 variables allows command substitution,medium,CVE-2016-7543,CWE-20,raesene/bwapp:latest (ubuntu 14.04),,,,,False,,False,,0.0,bash,4.3-7ubuntu1.7,Bash before 4.4 allows local users to execute arbitrary commands with root privileges via crafted SHELLOPTS and PS4 environment variables.,"[first_aid] Apply the vendor security patch for CVE-2016-7543; if unavailable, isolate the container and restrict egress. | [full_remediation] Upgrade package bash from 4.3-7ubuntu1.5 to 4.3-7ubuntu1.7 (fixed version) in the image and rebuild/redeploy. | [scanner_guidance] Upgrade bash from 4.3-7ubuntu1.5 to 4.3-7ubuntu1.7"
347,29.5,P4,720,appsec-legacy,bwapp,trivy,glibc: realpath() buffer underflow when getcwd() returns relative path allows privilege escalation,high,CVE-2018-1000001,CWE-787,raesene/bwapp:latest (ubuntu 14.04),,,,,False,,False,,0.0,libc-bin,2.19-0ubuntu6.14,In glibc 2.26 and earlier there is confusion in the usage of getcwd() by realpath() which can be used to write before the destination buffer leading to a buffer underflow and potential code execution.,"[first_aid] Apply the vendor security patch for CVE-2018-1000001; if unavailable, isolate the container and restrict egress. | [full_remediation] Upgrade package libc-bin from 2.19-0ubuntu6.6 to 2.19-0ubuntu6.14 (fixed version) in the image and rebuild/redeploy. | [scanner_guidance] Upgrade libc-bin from 2.19-0ubuntu6.6 to 2.19-0ubuntu6.14"
348,29.5,P4,720,appsec-legacy,bwapp,trivy,glibc: data corruption while reading the NSS files database,medium,CVE-2015-5277,CWE-119,raesene/bwapp:latest (ubuntu 14.04),,,,,False,,False,,0.0,libc-bin,2.19-0ubuntu6.8,The get_contents function in nss_files/files-XXX.c in the Name Service Switch (NSS) in GNU C Library (aka glibc or libc6) before 2.20 might allow local users to cause a denial of service (heap corruption) or gain privileges via a long line in the NSS files database.,"[first_aid] Apply the vendor security patch for CVE-2015-5277; if unavailable, isolate the container and restrict egress. | [full_remediation] Upgrade package libc-bin from 2.19-0ubuntu6.6 to 2.19-0ubuntu6.8 (fixed version) in the image and rebuild/redeploy. | [scanner_guidance] Upgrade libc-bin from 2.19-0ubuntu6.6 to 2.19-0ubuntu6.8"
349,29.5,P4,720,appsec-legacy,bwapp,trivy,pt_chown in the glibc package before 2.19-18+deb8u4 on Debian jessie;  ...,medium,CVE-2016-2856,CWE-264,raesene/bwapp:latest (ubuntu 14.04),,,,,False,,False,,0.0,libc-bin,2.19-0ubuntu6.8,"pt_chown in the glibc package before 2.19-18+deb8u4 on Debian jessie; the elibc package before 2.15-0ubuntu10.14 on Ubuntu 12.04 LTS and before 2.19-0ubuntu6.8 on Ubuntu 14.04 LTS; and the glibc package before 2.21-0ubuntu4.2 on Ubuntu 15.10 and before 2.23-0ubuntu1 on Ubuntu 16.04 LTS and 16.10 lacks a namespace check associated with file-descriptor passing, which allows local users to capture keystrokes and spoof data, and possibly gain privileges, via pts read and write operations, related to debian/sysdeps/linux.mk.  NOTE: this is not considered a vulnerability in the upstream GNU C Library because the upstream documentation has a clear security recommendation against the --enable-pt_chown option.","[first_aid] Apply the vendor security patch for CVE-2016-2856; if unavailable, isolate the container and restrict egress. | [full_remediation] Upgrade package libc-bin from 2.19-0ubuntu6.6 to 2.19-0ubuntu6.8 (fixed version) in the image and rebuild/redeploy. | [scanner_guidance] Upgrade libc-bin from 2.19-0ubuntu6.6 to 2.19-0ubuntu6.8"
350,29.5,P4,720,appsec-legacy,bwapp,trivy,ntp: ntpd switching to interleaved mode with spoofed packets,medium,CVE-2016-1548,CWE-19,raesene/bwapp:latest (ubuntu 14.04),,,,,False,,False,,0.0,ntpdate,1:4.2.6.p5+dfsg-3ubuntu2.14.04.10,"An attacker can spoof a packet from a legitimate ntpd server with an origin timestamp that matches the peer->dst timestamp recorded for that server. After making this switch, the client in NTP 4.2.8p4 and earlier and NTPSec aa48d001683e5b791a743ec9c575aaf7d867a2b0c will reject all future legitimate server responses. It is possible to force the victim client to move time after the mode has been changed. ntpq gives no indication that the mode has been switched.","[first_aid] Apply the vendor security patch for CVE-2016-1548; if unavailable, isolate the container and restrict egress. | [full_remediation] Upgrade package ntpdate from 1:4.2.6.p5+dfsg-3ubuntu2.14.04.6 to 1:4.2.6.p5+dfsg-3ubuntu2.14.04.10 (fixed version) in th | [scanner_guidance] Upgrade ntpdate from 1:4.2.6.p5+dfsg-3ubuntu2.14.04.6 to 1:4.2.6.p5+dfsg-3ubuntu2.14.04.10"
351,29.5,P4,720,appsec-legacy,bwapp,trivy,ntp: Privilege escalation via cronjob,low,CVE-2016-0727,CWE-264,raesene/bwapp:latest (ubuntu 14.04),,,,,False,,False,,0.0,ntpdate,1:4.2.6.p5+dfsg-3ubuntu2.14.04.10,"The crontab script in the ntp package before 1:4.2.6.p3+dfsg-1ubuntu3.11 on Ubuntu 12.04 LTS, before 1:4.2.6.p5+dfsg-3ubuntu2.14.04.10 on Ubuntu 14.04 LTS, on Ubuntu Wily, and before 1:4.2.8p4+dfsg-3ubuntu5.3 on Ubuntu 16.04 LTS allows local users with access to the ntp account to write to arbitrary files and consequently gain privileges via vectors involving statistics directory cleanup.","[first_aid] Apply the vendor security patch for CVE-2016-0727; if unavailable, isolate the container and restrict egress. | [full_remediation] Upgrade package ntpdate from 1:4.2.6.p5+dfsg-3ubuntu2.14.04.6 to 1:4.2.6.p5+dfsg-3ubuntu2.14.04.10 (fixed version) in th | [scanner_guidance] Upgrade ntpdate from 1:4.2.6.p5+dfsg-3ubuntu2.14.04.6 to 1:4.2.6.p5+dfsg-3ubuntu2.14.04.10"
352,29.5,P4,720,appsec-legacy,bwapp,trivy,openssh: privilege escalation via user's PAM environment and UseLogin=yes,low,CVE-2015-8325,CWE-264,raesene/bwapp:latest (ubuntu 14.04),,,,,False,,False,,0.0,openssh-client,1:6.6p1-2ubuntu2.7,"The do_setup_env function in session.c in sshd in OpenSSH through 7.2p2, when the UseLogin feature is enabled and PAM is configured to read .pam_environment files in user home directories, allows local users to gain privileges by triggering a crafted environment for the /bin/login program, as demonstrated by an LD_PRELOAD environment variable.","[first_aid] Apply the vendor security patch for CVE-2015-8325; if unavailable, isolate the container and restrict egress. | [full_remediation] Upgrade package openssh-client from 1:6.6p1-2ubuntu2.6 to 1:6.6p1-2ubuntu2.7 (fixed version) in the image and rebuild/re | [scanner_guidance] Upgrade openssh-client from 1:6.6p1-2ubuntu2.6 to 1:6.6p1-2ubuntu2.7"
353,29.5,P4,720,appsec-web,juice_shop,trivy,glibc: glob implementation can cause excessive CPU and memory consumption due to crafted glob expressions,low,CVE-2010-4756,CWE-399,bkimminich/juice-shop:latest (debian 13.6),,,,,False,,False,,0.0,libc6,,"The glob implementation in the GNU C Library (aka glibc or libc6) allows remote authenticated users to cause a denial of service (CPU and memory consumption) via crafted glob expressions that do not match any pathnames, as demonstrated by glob expressions in STAT commands to an FTP daemon, a different vulnerability than CVE-2010-2632.","[first_aid] Disable or restrict the affected functionality/endpoint at the perimeter (WAF rule, network ACL, feature flag) while the | [full_remediation] Patch or upgrade the affected component to the latest fixed version and re-run the scan to confirm the finding is gone. | [scanner_guidance] glibc: glob implementation can cause excessive CPU and memory consumption due to crafted glob expressions"
354,29.5,P4,720,appsec-web,juice_shop,trivy,lodash: Prototype pollution in utilities function,low,CVE-2018-3721,CWE-471,Node.js,,,,,False,,False,,0.0,lodash,>=4.17.5,"lodash node module before 4.17.5 suffers from a Modification of Assumed-Immutable Data (MAID) vulnerability via defaultsDeep, merge, and mergeWith functions, which allows a malicious user to modify the prototype of ""Object"" via __proto__, causing the addition or modification of an existing property that will exist on all objects.","[first_aid] Apply the vendor security patch for CVE-2018-3721; if unavailable, isolate the container and restrict egress. | [full_remediation] Upgrade package lodash from 2.4.2 to >=4.17.5 (fixed version) in the image and rebuild/redeploy. | [scanner_guidance] Upgrade lodash from 2.4.2 to >=4.17.5"
355,29.5,P4,720,appsec-node,nodegoat,trivy,Sanitization bypass using HTML Entities,medium,NSWG-ECO-101,,Node.js,,,,,False,,False,,,marked,>=0.3.6,"marked is an application that is meant to parse and compile markdown.

Due to the way that marked parses input, specifically HTML entities, it's possible to bypass marked's content injection protection (`sanitize: true`) to inject a `javascript:` URL.

This flaw exists because `&#xNNanything;` gets parsed to what it could and leaves the rest behind, resulting in just `anything;` being left. 

For example:

If a malicious user could provide this input to the application `javascript&#x58document;alert&#40;1&#41;` resulting in a valid link, that when a user clicked it would execute `alert(1)`.","[first_aid] Apply the vendor security patch for NSWG-ECO-101; if unavailable, isolate the container and restrict egress. | [full_remediation] Upgrade package marked from 0.3.5 to >=0.3.6 (fixed version) in the image and rebuild/redeploy. | [scanner_guidance] Upgrade marked from 0.3.5 to >=0.3.6"
356,29.5,P4,720,appsec-node,nodegoat,wapiti,Unencrypted Channels: Sensitive data (POST data) was sent over an unencrypted HTTP connection to http://nodegoat:4000/login. The server did no,medium,,,/login,,,,,False,,False,,,,,Sensitive data must be protected when it is transmitted through the network.,"[first_aid] Disable or restrict the affected functionality/endpoint at the perimeter (WAF rule, network ACL, feature flag) while the | [full_remediation] Patch or upgrade the affected component to the latest fixed version and re-run the scan to confirm the finding is gone. | [scanner_guidance] Use HTTPS for the whole web site and redirect any HTTP requests to HTTPS."
357,29.5,P4,720,appsec-node,nodegoat,wapiti,Reflected Cross Site Scripting: Reflected Cross Site Scripting vulnerability found via injection in the parameter userName,medium,,CWE-79,/login,userName,,,,False,,False,,0.456,,,Cross-site scripting (XSS) is a type of computer security vulnerability typically found in web applications which allow code injection by malicious web users into the web pages viewed by other users. Examples of such code include HTML code and client-side scripts.,"[first_aid] Add a CSP and encode output; disable the affected input path temporarily. | [full_remediation] Encode all output contextually (HTML, attribute, JS) and sanitize rich input server-side. | [scanner_guidance] The best way to protect a web application from XSS attacks is ensure that the application performs validation of all hea"
358,29.5,P4,720,appsec-node,nodegoat,zap,Source Code Disclosure - SQL,medium,,CWE-540,http://nodegoat:4000,,,,,False,,False,,0.0,,,<p>Application Source Code was disclosed by the web server. - SQL</p>,"[first_aid] Disable or restrict the affected functionality/endpoint at the perimeter (WAF rule, network ACL, feature flag) while the | [full_remediation] Patch or upgrade the affected component to the latest fixed version and re-run the scan to confirm the finding is gone. | [scanner_guidance] <p>Ensure that application Source Code is not available with alternative extensions, and ensure that source code is not "
359,29.5,P4,720,appsec-node,nodegoat,zap,Vulnerable JS Library,medium,,CWE-1395,http://nodegoat:4000,,,,,False,,False,,0.0,,,<p>The identified library appears to be vulnerable.</p>,"[first_aid] Disable or restrict the affected functionality/endpoint at the perimeter (WAF rule, network ACL, feature flag) while the | [full_remediation] Patch or upgrade the affected component to the latest fixed version and re-run the scan to confirm the finding is gone. | [scanner_guidance] <p>Upgrade to the latest version of the affected library.</p>"
360,29.3,P4,720,appsec-legacy,bwapp,trivy,dhcp: unclosed TCP connections to OMAPI or failover ports can cause DoS,low,CVE-2016-2774,CWE-20,raesene/bwapp:latest (ubuntu 14.04),,,,,False,,False,,0.0,isc-dhcp-client,4.2.4-7ubuntu12.12,"ISC DHCP 4.1.x before 4.1-ESV-R13 and 4.2.x and 4.3.x before 4.3.4 does not restrict the number of concurrent TCP sessions, which allows remote attackers to cause a denial of service (INSIST assertion failure or request-processing outage) by establishing many sessions.","[first_aid] Apply the vendor security patch for CVE-2016-2774; if unavailable, isolate the container and restrict egress. | [full_remediation] Upgrade package isc-dhcp-client from 4.2.4-7ubuntu12.4 to 4.2.4-7ubuntu12.12 (fixed version) in the image and rebuild/re | [scanner_guidance] Upgrade isc-dhcp-client from 4.2.4-7ubuntu12.4 to 4.2.4-7ubuntu12.12"
361,29.3,P4,720,appsec-legacy,bwapp,trivy,mysql: Server: Partition unspecified vulnerability (CPU Jan 2018),medium,CVE-2018-2562,,raesene/bwapp:latest (ubuntu 14.04),,,,,False,,False,,,libmysqlclient18,5.5.59-0ubuntu0.14.04.1,"Vulnerability in the MySQL Server component of Oracle MySQL (subcomponent: Server : Partition). Supported versions that are affected are 5.5.58 and prior, 5.6.38 and prior and 5.7.19 and prior. Easily exploitable vulnerability allows low privileged attacker with network access via multiple protocols to compromise MySQL Server. Successful attacks of this vulnerability can result in unauthorized ability to cause a hang or frequently repeatable crash (complete DOS) of MySQL Server as well as unauthorized update, insert or delete access to some of MySQL Server accessible data. CVSS 3.0 Base Score 7.1 (Integrity and Availability impacts). CVSS Vector: (CVSS:3.0/AV:N/AC:L/PR:L/UI:N/S:U/C:N/I:L/A:H).","[first_aid] Apply the vendor security patch for CVE-2018-2562; if unavailable, isolate the container and restrict egress. | [full_remediation] Upgrade package libmysqlclient18 from 5.5.47-0ubuntu0.14.04.1 to 5.5.59-0ubuntu0.14.04.1 (fixed version) in the image an | [scanner_guidance] Upgrade libmysqlclient18 from 5.5.47-0ubuntu0.14.04.1 to 5.5.59-0ubuntu0.14.04.1"
362,29.3,P4,720,appsec-legacy,bwapp,trivy,ntp: assertion failure in ntpd on duplicate IPs on unconfig directives,medium,CVE-2016-2516,CWE-20,raesene/bwapp:latest (ubuntu 14.04),,,,,False,,False,,0.0,ntpdate,1:4.2.6.p5+dfsg-3ubuntu2.14.04.10,"NTP before 4.2.8p7 and 4.3.x before 4.3.92, when mode7 is enabled, allows remote attackers to cause a denial of service (ntpd abort) by using the same IP address multiple times in an unconfig directive.","[first_aid] Apply the vendor security patch for CVE-2016-2516; if unavailable, isolate the container and restrict egress. | [full_remediation] Upgrade package ntpdate from 1:4.2.6.p5+dfsg-3ubuntu2.14.04.6 to 1:4.2.6.p5+dfsg-3ubuntu2.14.04.10 (fixed version) in th | [scanner_guidance] Upgrade ntpdate from 1:4.2.6.p5+dfsg-3ubuntu2.14.04.6 to 1:4.2.6.p5+dfsg-3ubuntu2.14.04.10"
363,29.3,P4,720,appsec-node,nodegoat,trivy,openssl: timing attack in RSA Decryption implementation,medium,CVE-2022-4304,CWE-203,nodegoat-web:latest (alpine 3.15.4),,,,,False,,False,,0.0,libcrypto1.1,1.1.1t-r0,"A timing based side channel exists in the OpenSSL RSA Decryption implementation
which could be sufficient to recover a plaintext across a network in a
Bleichenbacher style attack. To achieve a successful decryption an attacker
would have to be able to send a very large number of trial messages for
decryption. The vulnerability affects all RSA padding modes: PKCS#1 v1.5,
RSA-OEAP and RSASVE.

For example, in a TLS connection, RSA is commonly used by a client to send an
encrypted pre-master secret to the server. An attacker that had observed a
genuine connection between a client and a server could use this flaw to send
trial messages to the server and record the time taken to process them. After a
sufficiently large number of messages the attacker could recover the pre-master
secret used for the original connection and thus be able to decrypt the
application data sent over that connection.","[first_aid] Apply the vendor security patch for CVE-2022-4304; if unavailable, isolate the container and restrict egress. | [full_remediation] Upgrade package libcrypto1.1 from 1.1.1n-r0 to 1.1.1t-r0 (fixed version) in the image and rebuild/redeploy. | [scanner_guidance] Upgrade libcrypto1.1 from 1.1.1n-r0 to 1.1.1t-r0"
364,29.3,P4,720,appsec-node,nodegoat,trivy,body-parser: body-parser: Denial of Service via invalid limit option,low,CVE-2026-12590,CWE-770,Node.js,,,,,False,,False,,0.0,body-parser,"1.20.6, 2.3.0","Impact: In body-parser versions prior to 1.20.6 (1.x line) and 2.3.0 (2.x line), when the parser is configured with an invalid limit option value such as an unparseable string or NaN, bytes.parse returns null and the request body size check is silently skipped. Applications that rely on limit as their primary safeguard against oversized request bodies will accept arbitrarily large payloads, leading to excessive memory and CPU usage and denial of service. Patches: This issue is fixed in body-parser 1.20.6 and 2.3.0. After the fix, invalid limit values throw a clear error at parser construction time instead of silently disabling enforcement, while null and undefined continue to fall back to the default limit of 100kb. Workarounds: Validate the limit value before passing it to body-parser. For example, parse the value at startup and reject any configuration where the result is null or a non-finite number.","[first_aid] Apply the vendor security patch for CVE-2026-12590; if unavailable, isolate the container and restrict egress. | [full_remediation] Upgrade package body-parser from 1.18.3 to 1.20.6, 2.3.0 (fixed version) in the image and rebuild/redeploy. | [scanner_guidance] Upgrade body-parser from 1.18.3 to 1.20.6, 2.3.0"
365,29.3,P4,720,appsec-node,nodegoat,trivy,minimatch: minimatch: Denial of Service due to unbounded recursive backtracking via crafted glob patterns,high,CVE-2026-27903,CWE-407,Node.js,,,,,False,,False,,0.0,minimatch,"10.2.3, 9.0.7, 8.0.6, 7.4.8, 6.2.2, 5.1.8, 4.2.5, 3.1.3","minimatch is a minimal matching utility for converting glob expressions into JavaScript RegExp objects. Prior to version 10.2.3, 9.0.7, 8.0.6, 7.4.8, 6.2.2, 5.1.8, 4.2.5, and 3.1.3, `matchOne()` performs unbounded recursive backtracking when a glob pattern contains multiple non-adjacent `**` (GLOBSTAR) segments and the input path does not match. The time complexity is O(C(n, k)) -- binomial -- where `n` is the number of path segments and `k` is the number of globstars. With k=11 and n=30, a call to the default `minimatch()` API stalls for roughly 5 seconds. With k=13, it exceeds 15 seconds. No memoization or call budget exists to bound this behavior. Any application where an attacker can influence the glob pattern passed to `minimatch()` is vulnerable. The realistic attack surface includes build tools and task runners that accept user-supplied glob arguments (ESLint, Webpack, Rollup config), multi-tenant systems where one tenant configures glob-based rules that run in a shared process, admin or developer interfaces that accept ignore-rule or filter configuration as globs, and CI/CD pipelines that evaluate user-submitted config files containing glob patterns. An attacker who can place a crafted pattern into any of these paths can stall the Node.js event loop for tens of seconds per invocation. The pattern is 56 bytes for a 5-second stall and does not require authentication in contexts where pattern input is part of the feature. Versions 10.2.3, 9.0.7, 8.0.6, 7.4.8, 6.2.2, 5.1.8, 4.2.5, and 3.1.3 fix the issue.","[first_aid] Apply the vendor security patch for CVE-2026-27903; if unavailable, isolate the container and restrict egress. | [full_remediation] Upgrade package minimatch from 3.0.4 to 10.2.3, 9.0.7, 8.0.6, 7.4.8, 6.2.2, 5.1.8, 4.2.5, 3.1.3 (fixed version) in the i | [scanner_guidance] Upgrade minimatch from 3.0.4 to 10.2.3, 9.0.7, 8.0.6, 7.4.8, 6.2.2, 5.1.8, 4.2.5, 3.1.3"
366,29.3,P4,720,appsec-node,nodegoat,trivy,node-tar: tar: node-tar: Arbitrary file overwrite via Unicode path collision race condition,high,CVE-2026-23950,CWE-176,Node.js,,,,,False,,False,,0.0,tar,7.5.4,"node-tar,a Tar for Node.js, has a race condition vulnerability in versions up to and including 7.5.3. This is due to an incomplete handling of Unicode path collisions in the `path-reservations` system. On case-insensitive or normalization-insensitive filesystems (such as macOS APFS, In which it has been tested), the library fails to lock colliding paths (e.g., `ß` and `ss`), allowing them to be processed in parallel. This bypasses the library's internal concurrency safeguards and permits Symlink Poisoning attacks via race conditions. The library uses a `PathReservations` system to ensure that metadata checks and file operations for the same path are serialized. This prevents race conditions where one entry might clobber another concurrently. This is a Race Condition which enables Arbitrary File Overwrite. This vulnerability affects users and systems using node-tar on macOS (APFS/HFS+). Because of using `NFD` Unicode normalization (in which `ß` and `ss` are different), conflicting paths do not have their order properly preserved under filesystems that ignore Unicode normalization (e.g., APFS (in which `ß` causes an inode collision with `ss`)). This enables an attacker to circumvent internal parallelization locks (`PathReservations`) using conflicting filenames within a malicious tar archive. The patch in version 7.5.4 updates `path-reservations.js` to use a normalization form that matches the target filesystem's behavior (e.g., `NFKD`), followed by first `toLocaleLowerCase('en')` and then `toLocaleUpperCase('en')`. As a workaround, users who cannot upgrade promptly, and who are programmatically using `node-tar` to extract arbitrary tarball data should filter out all `SymbolicLink` entries (as npm does) to defend against arbitrary file writes via this file system entry name collision issue.","[first_aid] Apply the vendor security patch for CVE-2026-23950; if unavailable, isolate the container and restrict egress. | [full_remediation] Upgrade package tar from 4.4.19 to 7.5.4 (fixed version) in the image and rebuild/redeploy. | [scanner_guidance] Upgrade tar from 4.4.19 to 7.5.4"
367,29.3,P4,720,appsec-node,nodegoat,trivy,Underscore.js: Underscore.js: Denial of Service via recursive data structures in flatten and isEqual functions,high,CVE-2026-27601,CWE-770,Node.js,,,,,False,,False,,0.0,underscore,1.13.8,"Underscore.js is a utility-belt library for JavaScript. Prior to 1.13.8, the _.flatten and _.isEqual functions use recursion without a depth limit. Under very specific conditions, detailed below, an attacker could exploit this in a Denial of Service (DoS) attack by triggering a stack overflow. Untrusted input must be used to create a recursive datastructure, for example using JSON.parse, with no enforced depth limit. The datastructure thus created must be passed to _.flatten or _.isEqual. In the case of _.flatten, the vulnerability can only be exploited if it is possible for a remote client to prepare a datastructure that consists of arrays at all levels AND if no finite depth limit is passed as the second argument to _.flatten. In the case of _.isEqual, the vulnerability can only be exploited if there exists a code path in which two distinct datastructures that were submitted by the same remote client are compared using _.isEqual. For example, if a client submits data that are stored in a database, and the same client can later submit another datastructure that is then compared to the data that were saved in the database previously, OR if a client submits a single request, but its data are parsed twice, creating two non-identical but equivalent datastructures that are then compared. Exceptions originating from the call to _.flatten or _.isEqual, as a result of a stack overflow, are not being caught. This vulnerability is fixed in 1.13.8.","[first_aid] Apply the vendor security patch for CVE-2026-27601; if unavailable, isolate the container and restrict egress. | [full_remediation] Upgrade package underscore from 1.9.1 to 1.13.8 (fixed version) in the image and rebuild/redeploy. | [scanner_guidance] Upgrade underscore from 1.9.1 to 1.13.8"
368,29.0,P4,720,appsec-legacy,bwapp,trivy,mysql: race condition while setting stats during MyISAM table repair (CPU Oct 2016),medium,CVE-2016-6663,CWE-362,raesene/bwapp:latest (ubuntu 14.04),,,,,False,,False,,0.0,libmysqlclient18,5.5.52-0ubuntu0.14.04.1,"Race condition in Oracle MySQL before 5.5.52, 5.6.x before 5.6.33, 5.7.x before 5.7.15, and 8.x before 8.0.1; MariaDB before 5.5.52, 10.0.x before 10.0.28, and 10.1.x before 10.1.18; Percona Server before 5.5.51-38.2, 5.6.x before 5.6.32-78-1, and 5.7.x before 5.7.14-8; and Percona XtraDB Cluster before 5.5.41-37.0, 5.6.x before 5.6.32-25.17, and 5.7.x before 5.7.14-26.17 allows local users with certain permissions to gain privileges by leveraging use of my_copystat by REPAIR TABLE to repair a MyISAM table.","[first_aid] Apply the vendor security patch for CVE-2016-6663; if unavailable, isolate the container and restrict egress. | [full_remediation] Upgrade package libmysqlclient18 from 5.5.47-0ubuntu0.14.04.1 to 5.5.52-0ubuntu0.14.04.1 (fixed version) in the image an | [scanner_guidance] Upgrade libmysqlclient18 from 5.5.47-0ubuntu0.14.04.1 to 5.5.52-0ubuntu0.14.04.1"
369,29.0,P4,720,appsec-legacy,bwapp,trivy,mysql: insecure error log file handling in mysqld_safe (CPU Oct 2016),medium,CVE-2016-6664,CWE-59,raesene/bwapp:latest (ubuntu 14.04),,,,,False,,False,,0.0,libmysqlclient18,5.5.52-0ubuntu0.14.04.1,"mysqld_safe in Oracle MySQL through 5.5.51, 5.6.x through 5.6.32, and 5.7.x through 5.7.14; MariaDB; Percona Server before 5.5.51-38.2, 5.6.x before 5.6.32-78-1, and 5.7.x before 5.7.14-8; and Percona XtraDB Cluster before 5.5.41-37.0, 5.6.x before 5.6.32-25.17, and 5.7.x before 5.7.14-26.17, when using file-based logging, allows local users with access to the mysql account to gain root privileges via a symlink attack on error logs and possibly other files.","[first_aid] Apply the vendor security patch for CVE-2016-6664; if unavailable, isolate the container and restrict egress. | [full_remediation] Upgrade package libmysqlclient18 from 5.5.47-0ubuntu0.14.04.1 to 5.5.52-0ubuntu0.14.04.1 (fixed version) in the image an | [scanner_guidance] Upgrade libmysqlclient18 from 5.5.47-0ubuntu0.14.04.1 to 5.5.52-0ubuntu0.14.04.1"
370,29.0,P4,720,appsec-legacy,bwapp,trivy,"systemd: Spoofing of XDG_SEAT allows for actions to be checked against ""allow_active"" instead of ""allow_any""",medium,CVE-2019-3842,CWE-285,raesene/bwapp:latest (ubuntu 14.04),,,,,False,,False,,0.0,libudev1,204-5ubuntu20.31,"In systemd before v242-rc4, it was discovered that pam_systemd does not properly sanitize the environment before using the XDG_SEAT variable. It is possible for an attacker, in some particular configurations, to set a XDG_SEAT environment variable which allows for commands to be checked against polkit policies using the ""allow_active"" element rather than ""allow_any"".","[first_aid] Apply the vendor security patch for CVE-2019-3842; if unavailable, isolate the container and restrict egress. | [full_remediation] Upgrade package libudev1 from 204-5ubuntu20.15 to 204-5ubuntu20.31 (fixed version) in the image and rebuild/redeploy. | [scanner_guidance] Upgrade libudev1 from 204-5ubuntu20.15 to 204-5ubuntu20.31"
371,28.7,P4,720,appsec-legacy,bwapp,trivy,glibc: Buffer overflow triggerable via LD_LIBRARY_PATH,low,CVE-2017-1000409,CWE-119,raesene/bwapp:latest (ubuntu 14.04),,,,,False,,False,,0.0,libc-bin,2.19-0ubuntu6.14,"A buffer overflow in glibc 2.5 (released on September 29, 2006) and can be triggered through the LD_LIBRARY_PATH environment variable. Please note that many versions of glibc are not vulnerable to this issue if patched for CVE-2017-1000366.","[first_aid] Apply the vendor security patch for CVE-2017-1000409; if unavailable, isolate the container and restrict egress. | [full_remediation] Upgrade package libc-bin from 2.19-0ubuntu6.6 to 2.19-0ubuntu6.14 (fixed version) in the image and rebuild/redeploy. | [scanner_guidance] Upgrade libc-bin from 2.19-0ubuntu6.6 to 2.19-0ubuntu6.14"
372,28.7,P4,720,appsec-legacy,bwapp,trivy,libffi: Requests an executable stack,medium,CVE-2017-1000376,CWE-119,raesene/bwapp:latest (ubuntu 14.04),,,,,False,,False,,0.0,libffi6,3.1~rc1+r3.0.13-12ubuntu0.2,"libffi requests an executable stack allowing attackers to more easily trigger arbitrary code execution by overwriting the stack. Please note that libffi is used by a number of other libraries. It was previously stated that this affects libffi version 3.2.1 but this appears to be incorrect. libffi prior to version 3.1 on 32 bit x86 systems was vulnerable, and upstream is believed to have fixed this issue in version 3.1.","[first_aid] Apply the vendor security patch for CVE-2017-1000376; if unavailable, isolate the container and restrict egress. | [full_remediation] Upgrade package libffi6 from 3.1~rc1+r3.0.13-12ubuntu0.1 to 3.1~rc1+r3.0.13-12ubuntu0.2 (fixed version) in the image and | [scanner_guidance] Upgrade libffi6 from 3.1~rc1+r3.0.13-12ubuntu0.1 to 3.1~rc1+r3.0.13-12ubuntu0.2"
373,28.7,P4,720,appsec-legacy,bwapp,trivy,sudo: Privilege escalation in via improper get_process_ttyname() parsing,high,CVE-2017-1000367,CWE-362,raesene/bwapp:latest (ubuntu 14.04),,,,,False,,False,,0.0,sudo,1.8.9p5-1ubuntu1.4,Todd Miller's sudo version 1.8.20 and earlier is vulnerable to an input validation (embedded spaces) in the get_process_ttyname() function resulting in information disclosure and command execution.,"[first_aid] Apply the vendor security patch for CVE-2017-1000367; if unavailable, isolate the container and restrict egress. | [full_remediation] Upgrade package sudo from 1.8.9p5-1ubuntu1.2 to 1.8.9p5-1ubuntu1.4 (fixed version) in the image and rebuild/redeploy. | [scanner_guidance] Upgrade sudo from 1.8.9p5-1ubuntu1.2 to 1.8.9p5-1ubuntu1.4"
374,28.7,P4,720,appsec-web,juice_shop,trivy,"cookie: cookie accepts cookie name, path, and domain with out of bounds characters",low,CVE-2024-47764,CWE-74,Node.js,,,,,False,,False,,0.0,cookie,0.7.0,"cookie is a basic HTTP cookie parser and serializer for HTTP servers. The cookie name could be used to set other fields of the cookie, resulting in an unexpected cookie value. A similar escape can be used for path and domain, which could be abused to alter other fields of the cookie. Upgrade to 0.7.0, which updates the validation for name, path, and domain.","[first_aid] Apply the vendor security patch for CVE-2024-47764; if unavailable, isolate the container and restrict egress. | [full_remediation] Upgrade package cookie from 0.4.2 to 0.7.0 (fixed version) in the image and rebuild/redeploy. | [scanner_guidance] Upgrade cookie from 0.4.2 to 0.7.0"
375,28.7,P4,720,appsec-web,juice_shop,trivy,undici: undici: Weakening of cookie SameSite policy due to incorrect parsing of Set-Cookie header,low,CVE-2026-11525,CWE-183,Node.js,,,,,False,,False,,0.0,undici,"6.27.0, 7.28.0, 8.5.0","Impact:
When undici parses a Set-Cookie header, it accepts any SameSite attribute value that contains Strict, Lax, or None as a substring, rather than the case-insensitive exact match specified by RFC 6265. Non-spec values are silently mapped to one of the three standard tokens. For example, SameSite=NoneOfYourBusiness is parsed as None (the most permissive setting), and SameSite=StrictLax is parsed as Lax (a downgrade from Strict).

Affected applications are those that consume Set-Cookie headers from server responses (for example via undici's fetch or proxy code paths) and then forward or rely on the parsed sameSite attribute. A malicious or non-compliant server can coerce the consumer's view of a cookie's SameSite policy to a weaker value, silently degrading the SameSite enforcement the cookie is supposed to provide.

This was introduced in undici 5.15.0 when the cookies feature was added.

Patches:
Upgrade to undici v6.26.0, v7.28.0 or v8.5.0.

Workarounds:
After parsing a Set-Cookie header, validate that the resulting sameSite attribute is one of 'Strict', 'Lax', or 'None' (exact, case-insensitive) before forwarding or relying on it.","[first_aid] Apply the vendor security patch for CVE-2026-11525; if unavailable, isolate the container and restrict egress. | [full_remediation] Upgrade package undici from 5.29.0 to 6.27.0, 7.28.0, 8.5.0 (fixed version) in the image and rebuild/redeploy. | [scanner_guidance] Upgrade undici from 5.29.0 to 6.27.0, 7.28.0, 8.5.0"
376,28.7,P4,720,appsec-web,juice_shop,trivy,undici: Undici: Response queue poisoning on reused keep-alive sockets can lead to incorrect response delivery.,low,CVE-2026-6733,CWE-367,Node.js,,,,,False,,False,,0.0,undici,"6.27.0, 7.28.0, 8.5.0","Impact:
Undici's HTTP/1.1 client is vulnerable to response queue poisoning on reused keep-alive sockets. An attacker-controlled upstream server can inject an unsolicited HTTP/1.1 response onto an idle socket after a request completes. When the client dispatches the next request on that socket, it associates the injected response with the new request, causing responses to be delivered to the wrong requests.

This requires an attacker-controlled or compromised upstream HTTP/1.1 server and keep-alive connection reuse.

Patches:
Upgrade to undici v6.26.0, v7.28.0 or v8.5.0.

Workarounds:
Disable keep-alive connection reuse by setting keepAliveTimeout: 0 on the Client or Pool.","[first_aid] Apply the vendor security patch for CVE-2026-6733; if unavailable, isolate the container and restrict egress. | [full_remediation] Upgrade package undici from 5.29.0 to 6.27.0, 7.28.0, 8.5.0 (fixed version) in the image and rebuild/redeploy. | [scanner_guidance] Upgrade undici from 5.29.0 to 6.27.0, 7.28.0, 8.5.0"
377,28.5,P4,720,appsec-legacy,bwapp,trivy,HTTPD: sets environmental variable based on user supplied Proxy request header,medium,CVE-2016-5387,,raesene/bwapp:latest (ubuntu 14.04),,,,,False,,False,,,apache2,2.4.7-1ubuntu4.13,"The Apache HTTP Server through 2.4.23 follows RFC 3875 section 4.1.18 and therefore does not protect applications from the presence of untrusted client data in the HTTP_PROXY environment variable, which might allow remote attackers to redirect an application's outbound HTTP traffic to an arbitrary proxy server via a crafted Proxy header in an HTTP request, aka an ""httpoxy"" issue.  NOTE: the vendor states ""This mitigation has been assigned the identifier CVE-2016-5387""; in other words, this is not a CVE ID for a vulnerability.","[first_aid] Apply the vendor security patch for CVE-2016-5387; if unavailable, isolate the container and restrict egress. | [full_remediation] Upgrade package apache2 from 2.4.7-1ubuntu4.9 to 2.4.7-1ubuntu4.13 (fixed version) in the image and rebuild/redeploy. | [scanner_guidance] Upgrade apache2 from 2.4.7-1ubuntu4.9 to 2.4.7-1ubuntu4.13"
378,28.5,P4,720,appsec-legacy,bwapp,trivy,httpd: Weak Digest auth nonce generation in mod_auth_digest,low,CVE-2018-1312,CWE-287,raesene/bwapp:latest (ubuntu 14.04),,,,,False,,False,,0.798,apache2,2.4.7-1ubuntu4.20,"In Apache httpd 2.2.0 to 2.4.29, when generating an HTTP Digest authentication challenge, the nonce sent to prevent reply attacks was not correctly generated using a pseudo-random seed. In a cluster of servers using a common Digest authentication configuration, HTTP requests could be replayed across servers by an attacker without detection.","[first_aid] Apply the vendor security patch for CVE-2018-1312; if unavailable, isolate the container and restrict egress. | [full_remediation] Upgrade package apache2 from 2.4.7-1ubuntu4.9 to 2.4.7-1ubuntu4.20 (fixed version) in the image and rebuild/redeploy. | [scanner_guidance] Upgrade apache2 from 2.4.7-1ubuntu4.9 to 2.4.7-1ubuntu4.20"
379,28.5,P4,720,appsec-legacy,bwapp,trivy,git: git-prompt.sh does not sanitize branch names in $PS1,medium,CVE-2014-9938,CWE-116,raesene/bwapp:latest (ubuntu 14.04),,,,,False,,False,,0.0,git,1:1.9.1-1ubuntu0.4,"contrib/completion/git-prompt.sh in Git before 1.9.3 does not sanitize branch names in the PS1 variable, allowing a malicious repository to cause code execution.","[first_aid] Apply the vendor security patch for CVE-2014-9938; if unavailable, isolate the container and restrict egress. | [full_remediation] Upgrade package git from 1:1.9.1-1ubuntu0.2 to 1:1.9.1-1ubuntu0.4 (fixed version) in the image and rebuild/redeploy. | [scanner_guidance] Upgrade git from 1:1.9.1-1ubuntu0.2 to 1:1.9.1-1ubuntu0.4"
380,28.5,P4,720,appsec-legacy,bwapp,trivy,git: Command injection via malicious ssh URLs,medium,CVE-2017-1000117,CWE-601,raesene/bwapp:latest (ubuntu 14.04),,,,,False,,False,,0.0,git,1:1.9.1-1ubuntu0.6,"A malicious third-party can give a crafted ""ssh://..."" URL to an unsuspecting victim, and an attempt to visit the URL can result in any program that exists on the victim's machine being executed. Such a URL could be placed in the .gitmodules file of a malicious project, and an unsuspecting victim could be tricked into running ""git clone --recurse-submodules"" to trigger the vulnerability.","[first_aid] Apply the vendor security patch for CVE-2017-1000117; if unavailable, isolate the container and restrict egress. | [full_remediation] Upgrade package git from 1:1.9.1-1ubuntu0.2 to 1:1.9.1-1ubuntu0.6 (fixed version) in the image and rebuild/redeploy. | [scanner_guidance] Upgrade git from 1:1.9.1-1ubuntu0.2 to 1:1.9.1-1ubuntu0.6"
381,28.5,P4,720,appsec-legacy,bwapp,trivy,php: Uninitialized pointer in phar_make_dirstream(),medium,CVE-2016-4343,CWE-824,raesene/bwapp:latest (ubuntu 14.04),,,,,False,,False,,0.0,libapache2-mod-php5,5.5.9+dfsg-1ubuntu4.17,"The phar_make_dirstream function in ext/phar/dirstream.c in PHP before 5.6.18 and 7.x before 7.0.3 mishandles zero-size ././@LongLink files, which allows remote attackers to cause a denial of service (uninitialized pointer dereference) or possibly have unspecified other impact via a crafted TAR archive.","[first_aid] Apply the vendor security patch for CVE-2016-4343; if unavailable, isolate the container and restrict egress. | [full_remediation] Upgrade package libapache2-mod-php5 from 5.5.9+dfsg-1ubuntu4.14 to 5.5.9+dfsg-1ubuntu4.17 (fixed version) in the image a | [scanner_guidance] Upgrade libapache2-mod-php5 from 5.5.9+dfsg-1ubuntu4.14 to 5.5.9+dfsg-1ubuntu4.17"
382,28.5,P4,720,appsec-legacy,bwapp,trivy,php: Improper error handling in bzread(),medium,CVE-2016-5399,CWE-787,raesene/bwapp:latest (ubuntu 14.04),,,,,False,,False,,0.0,libapache2-mod-php5,5.5.9+dfsg-1ubuntu4.19,"The bzread function in ext/bz2/bz2.c in PHP before 5.5.38, 5.6.x before 5.6.24, and 7.x before 7.0.9 allows remote attackers to cause a denial of service (out-of-bounds write) or execute arbitrary code via a crafted bz2 archive.","[first_aid] Apply the vendor security patch for CVE-2016-5399; if unavailable, isolate the container and restrict egress. | [full_remediation] Upgrade package libapache2-mod-php5 from 5.5.9+dfsg-1ubuntu4.14 to 5.5.9+dfsg-1ubuntu4.19 (fixed version) in the image a | [scanner_guidance] Upgrade libapache2-mod-php5 from 5.5.9+dfsg-1ubuntu4.14 to 5.5.9+dfsg-1ubuntu4.19"
383,28.5,P4,720,appsec-legacy,bwapp,trivy,php: Integer overflow leads to buffer overflow in virtual_file_ex,medium,CVE-2016-6289,CWE-190,raesene/bwapp:latest (ubuntu 14.04),,,,,False,,False,,0.0,libapache2-mod-php5,5.5.9+dfsg-1ubuntu4.19,"Integer overflow in the virtual_file_ex function in TSRM/tsrm_virtual_cwd.c in PHP before 5.5.38, 5.6.x before 5.6.24, and 7.x before 7.0.9 allows remote attackers to cause a denial of service (stack-based buffer overflow) or possibly have unspecified other impact via a crafted extract operation on a ZIP archive.","[first_aid] Apply the vendor security patch for CVE-2016-6289; if unavailable, isolate the container and restrict egress. | [full_remediation] Upgrade package libapache2-mod-php5 from 5.5.9+dfsg-1ubuntu4.14 to 5.5.9+dfsg-1ubuntu4.19 (fixed version) in the image a | [scanner_guidance] Upgrade libapache2-mod-php5 from 5.5.9+dfsg-1ubuntu4.14 to 5.5.9+dfsg-1ubuntu4.19"
384,28.5,P4,720,appsec-legacy,bwapp,trivy,php: Stack-based buffer overflow vulnerability in php_stream_zip_opener,medium,CVE-2016-6297,CWE-119,raesene/bwapp:latest (ubuntu 14.04),,,,,False,,False,,0.0,libapache2-mod-php5,5.5.9+dfsg-1ubuntu4.19,"Integer overflow in the php_stream_zip_opener function in ext/zip/zip_stream.c in PHP before 5.5.38, 5.6.x before 5.6.24, and 7.x before 7.0.9 allows remote attackers to cause a denial of service (stack-based buffer overflow) or possibly have unspecified other impact via a crafted zip:// URL.","[first_aid] Apply the vendor security patch for CVE-2016-6297; if unavailable, isolate the container and restrict egress. | [full_remediation] Upgrade package libapache2-mod-php5 from 5.5.9+dfsg-1ubuntu4.14 to 5.5.9+dfsg-1ubuntu4.19 (fixed version) in the image a | [scanner_guidance] Upgrade libapache2-mod-php5 from 5.5.9+dfsg-1ubuntu4.14 to 5.5.9+dfsg-1ubuntu4.19"
385,28.5,P4,720,appsec-legacy,bwapp,trivy,php: Heap overflow in mysqlnd when not receiving UNSIGNED_FLAG in BIT field,medium,CVE-2016-7412,CWE-119,raesene/bwapp:latest (ubuntu 14.04),,,,,False,,False,,0.0,libapache2-mod-php5,5.5.9+dfsg-1ubuntu4.20,"ext/mysqlnd/mysqlnd_wireprotocol.c in PHP before 5.6.26 and 7.x before 7.0.11 does not verify that a BIT field has the UNSIGNED_FLAG flag, which allows remote MySQL servers to cause a denial of service (heap-based buffer overflow) or possibly have unspecified other impact via crafted field metadata.","[first_aid] Apply the vendor security patch for CVE-2016-7412; if unavailable, isolate the container and restrict egress. | [full_remediation] Upgrade package libapache2-mod-php5 from 5.5.9+dfsg-1ubuntu4.14 to 5.5.9+dfsg-1ubuntu4.20 (fixed version) in the image a | [scanner_guidance] Upgrade libapache2-mod-php5 from 5.5.9+dfsg-1ubuntu4.14 to 5.5.9+dfsg-1ubuntu4.20"
386,28.5,P4,720,appsec-legacy,bwapp,trivy,php: Stack based 1-byte buffer over-write in zend_ini_do_op() function Zend/zend_ini_parser.c,medium,CVE-2017-11628,CWE-119,raesene/bwapp:latest (ubuntu 14.04),,,,,False,,False,,0.0,libapache2-mod-php5,5.5.9+dfsg-1ubuntu4.22,"In PHP before 5.6.31, 7.x before 7.0.21, and 7.1.x before 7.1.7, a stack-based buffer overflow in the zend_ini_do_op() function in Zend/zend_ini_parser.c could cause a denial of service or potentially allow executing code. NOTE: this is only relevant for PHP applications that accept untrusted input (instead of the system's php.ini file) for the parse_ini_string or parse_ini_file function, e.g., a web application for syntax validation of php.ini directives.","[first_aid] Apply the vendor security patch for CVE-2017-11628; if unavailable, isolate the container and restrict egress. | [full_remediation] Upgrade package libapache2-mod-php5 from 5.5.9+dfsg-1ubuntu4.14 to 5.5.9+dfsg-1ubuntu4.22 (fixed version) in the image a | [scanner_guidance] Upgrade libapache2-mod-php5 from 5.5.9+dfsg-1ubuntu4.14 to 5.5.9+dfsg-1ubuntu4.22"
387,28.5,P4,720,appsec-legacy,bwapp,trivy,php: Zend OPCache code permission/sensitive data protection issues,low,CVE-2015-8994,CWE-264,raesene/bwapp:latest (ubuntu 14.04),,,,,False,,False,,0.0,libapache2-mod-php5,5.5.9+dfsg-1ubuntu4.22,"An issue was discovered in PHP 5.x and 7.x, when the configuration uses apache2handler/mod_php or php-fpm with OpCache enabled. With 5.x after 5.6.28 or 7.x after 7.0.13, the issue is resolved in a non-default configuration with the opcache.validate_permission=1 setting. The vulnerability details are as follows. In PHP SAPIs where PHP interpreters share a common parent process, Zend OpCache creates a shared memory object owned by the common parent during initialization. Child PHP processes inherit the SHM descriptor, using it to cache and retrieve compiled script bytecode (""opcode"" in PHP jargon). Cache keys vary depending on configuration, but filename is a central key component, and compiled opcode can generally be run if a script's filename is known or can be guessed. Many common shared-hosting configurations change EUID in child processes to enforce privilege separation among hosted users (for example using mod_ruid2 for the Apache HTTP Server, or php-fpm user settings). In these scenarios, the default Zend OpCache behavior defeats script file permissions by sharing a single SHM cache among all child PHP processes. PHP scripts often contain sensitive information: Think of CMS configurations where reading or running another user's script usually means gaining privileges to the CMS database.","[first_aid] Apply the vendor security patch for CVE-2015-8994; if unavailable, isolate the container and restrict egress. | [full_remediation] Upgrade package libapache2-mod-php5 from 5.5.9+dfsg-1ubuntu4.14 to 5.5.9+dfsg-1ubuntu4.22 (fixed version) in the image a | [scanner_guidance] Upgrade libapache2-mod-php5 from 5.5.9+dfsg-1ubuntu4.14 to 5.5.9+dfsg-1ubuntu4.22"
388,28.5,P4,720,appsec-legacy,bwapp,trivy,krb5: Metadata taken from the unauthenticated plaintext,medium,CVE-2017-11103,CWE-345,raesene/bwapp:latest (ubuntu 14.04),,,,,False,,False,,0.0,libasn1-8-heimdal,1.6~git20131207+dfsg-1ubuntu1.2,Heimdal before 7.4 allows remote attackers to impersonate services with Orpheus' Lyre attacks because it obtains service-principal names in a way that violates the Kerberos 5 protocol specification. In _krb5_extract_ticket() the KDC-REP service name must be obtained from the encrypted version stored in 'enc_part' instead of the unencrypted version stored in 'ticket'. Use of the unencrypted version provides an opportunity for successful server impersonation and other attacks. NOTE: this CVE is only for Heimdal and other products that embed Heimdal code; it does not apply to other instances in which this part of the Kerberos 5 protocol specification is violated.,"[first_aid] Apply the vendor security patch for CVE-2017-11103; if unavailable, isolate the container and restrict egress. | [full_remediation] Upgrade package libasn1-8-heimdal from 1.6~git20131207+dfsg-1ubuntu1.1 to 1.6~git20131207+dfsg-1ubuntu1.2 (fixed version | [scanner_guidance] Upgrade libasn1-8-heimdal from 1.6~git20131207+dfsg-1ubuntu1.1 to 1.6~git20131207+dfsg-1ubuntu1.2"
389,28.5,P4,720,appsec-legacy,bwapp,trivy,glibc: getaddrinfo stack-based buffer overflow,high,CVE-2015-7547,CWE-119,raesene/bwapp:latest (ubuntu 14.04),,,,,False,,False,,0.0,libc-bin,2.19-0ubuntu6.7,"Multiple stack-based buffer overflows in the (1) send_dg and (2) send_vc functions in the libresolv library in the GNU C Library (aka glibc or libc6) before 2.23 allow remote attackers to cause a denial of service (crash) or possibly execute arbitrary code via a crafted DNS response that triggers a call to the getaddrinfo function with the AF_UNSPEC or AF_INET6 address family, related to performing ""dual A/AAAA DNS queries"" and the libnss_dns.so.2 NSS module.","[first_aid] Apply the vendor security patch for CVE-2015-7547; if unavailable, isolate the container and restrict egress. | [full_remediation] Upgrade package libc-bin from 2.19-0ubuntu6.6 to 2.19-0ubuntu6.7 (fixed version) in the image and rebuild/redeploy. | [scanner_guidance] Upgrade libc-bin from 2.19-0ubuntu6.6 to 2.19-0ubuntu6.7"
390,28.5,P4,720,appsec-legacy,bwapp,trivy,glibc: _IO_wstr_overflow integer overflow,medium,CVE-2015-8983,CWE-190,raesene/bwapp:latest (ubuntu 14.04),,,,,False,,False,,0.0,libc-bin,2.19-0ubuntu6.10,"Integer overflow in the _IO_wstr_overflow function in libio/wstrops.c in the GNU C Library (aka glibc or libc6) before 2.22 allows context-dependent attackers to cause a denial of service (application crash) or possibly execute arbitrary code via vectors related to computing a size in bytes, which triggers a heap-based buffer overflow.","[first_aid] Apply the vendor security patch for CVE-2015-8983; if unavailable, isolate the container and restrict egress. | [full_remediation] Upgrade package libc-bin from 2.19-0ubuntu6.6 to 2.19-0ubuntu6.10 (fixed version) in the image and rebuild/redeploy. | [scanner_guidance] Upgrade libc-bin from 2.19-0ubuntu6.6 to 2.19-0ubuntu6.10"
391,28.5,P4,720,appsec-legacy,bwapp,trivy,glibc: buffer overflow in gethostbyname_r() and related functions with misaligned buffer,low,CVE-2015-1781,CWE-119,raesene/bwapp:latest (ubuntu 14.04),,,,,False,,False,,0.0,libc-bin,2.19-0ubuntu6.8,"Buffer overflow in the gethostbyname_r and other unspecified NSS functions in the GNU C Library (aka glibc or libc6) before 2.22 allows context-dependent attackers to cause a denial of service (crash) or execute arbitrary code via a crafted DNS response, which triggers a call with a misaligned buffer.","[first_aid] Apply the vendor security patch for CVE-2015-1781; if unavailable, isolate the container and restrict egress. | [full_remediation] Upgrade package libc-bin from 2.19-0ubuntu6.6 to 2.19-0ubuntu6.8 (fixed version) in the image and rebuild/redeploy. | [scanner_guidance] Upgrade libc-bin from 2.19-0ubuntu6.6 to 2.19-0ubuntu6.8"
392,28.5,P4,720,appsec-legacy,bwapp,trivy,curl: printf floating point buffer overflow,low,CVE-2016-9586,CWE-122,raesene/bwapp:latest (ubuntu 14.04),,,,,False,,False,,0.0,libcurl3-gnutls,7.35.0-1ubuntu2.11,"curl before version 7.52.0 is vulnerable to a buffer overflow when doing a large floating point output in libcurl's implementation of the printf() functions. If there are any application that accepts a format string from the outside without necessary input filtering, it could allow remote attacks.","[first_aid] Apply the vendor security patch for CVE-2016-9586; if unavailable, isolate the container and restrict egress. | [full_remediation] Upgrade package libcurl3-gnutls from 7.35.0-1ubuntu2.6 to 7.35.0-1ubuntu2.11 (fixed version) in the image and rebuild/re | [scanner_guidance] Upgrade libcurl3-gnutls from 7.35.0-1ubuntu2.6 to 7.35.0-1ubuntu2.11"
393,28.5,P4,720,appsec-legacy,bwapp,trivy,mysql: unspecified vulnerability in subcomponent: Server: Types (CPU July 2016),medium,CVE-2016-3521,,raesene/bwapp:latest (ubuntu 14.04),,,,,False,,False,,,libmysqlclient18,5.5.50-0ubuntu0.14.04.1,"Unspecified vulnerability in Oracle MySQL 5.5.49 and earlier, 5.6.30 and earlier, and 5.7.12 and earlier and MariaDB before 5.5.50, 10.0.x before 10.0.26, and 10.1.x before 10.1.15 allows remote authenticated users to affect availability via vectors related to Server: Types.","[first_aid] Apply the vendor security patch for CVE-2016-3521; if unavailable, isolate the container and restrict egress. | [full_remediation] Upgrade package libmysqlclient18 from 5.5.47-0ubuntu0.14.04.1 to 5.5.50-0ubuntu0.14.04.1 (fixed version) in the image an | [scanner_guidance] Upgrade libmysqlclient18 from 5.5.47-0ubuntu0.14.04.1 to 5.5.50-0ubuntu0.14.04.1"
394,28.5,P4,720,appsec-legacy,bwapp,trivy,mysql: Server: DDL unspecified vulnerability (CPU Jan 2018),medium,CVE-2018-2622,,raesene/bwapp:latest (ubuntu 14.04),,,,,False,,False,,,libmysqlclient18,5.5.59-0ubuntu0.14.04.1,"Vulnerability in the MySQL Server component of Oracle MySQL (subcomponent: Server: DDL). Supported versions that are affected are 5.5.58 and prior, 5.6.38 and prior and 5.7.20 and prior. Easily exploitable vulnerability allows low privileged attacker with network access via multiple protocols to compromise MySQL Server. Successful attacks of this vulnerability can result in unauthorized ability to cause a hang or frequently repeatable crash (complete DOS) of MySQL Server. CVSS 3.0 Base Score 6.5 (Availability impacts). CVSS Vector: (CVSS:3.0/AV:N/AC:L/PR:L/UI:N/S:U/C:N/I:N/A:H).","[first_aid] Apply the vendor security patch for CVE-2018-2622; if unavailable, isolate the container and restrict egress. | [full_remediation] Upgrade package libmysqlclient18 from 5.5.47-0ubuntu0.14.04.1 to 5.5.59-0ubuntu0.14.04.1 (fixed version) in the image an | [scanner_guidance] Upgrade libmysqlclient18 from 5.5.47-0ubuntu0.14.04.1 to 5.5.59-0ubuntu0.14.04.1"
395,28.5,P4,720,appsec-legacy,bwapp,trivy,mysql: Server: Optimizer unspecified vulnerability (CPU Jan 2018),medium,CVE-2018-2640,,raesene/bwapp:latest (ubuntu 14.04),,,,,False,,False,,,libmysqlclient18,5.5.59-0ubuntu0.14.04.1,"Vulnerability in the MySQL Server component of Oracle MySQL (subcomponent: Server: Optimizer). Supported versions that are affected are 5.5.58 and prior, 5.6.38 and prior and 5.7.20 and prior. Easily exploitable vulnerability allows low privileged attacker with network access via multiple protocols to compromise MySQL Server. Successful attacks of this vulnerability can result in unauthorized ability to cause a hang or frequently repeatable crash (complete DOS) of MySQL Server. CVSS 3.0 Base Score 6.5 (Availability impacts). CVSS Vector: (CVSS:3.0/AV:N/AC:L/PR:L/UI:N/S:U/C:N/I:N/A:H).","[first_aid] Apply the vendor security patch for CVE-2018-2640; if unavailable, isolate the container and restrict egress. | [full_remediation] Upgrade package libmysqlclient18 from 5.5.47-0ubuntu0.14.04.1 to 5.5.59-0ubuntu0.14.04.1 (fixed version) in the image an | [scanner_guidance] Upgrade libmysqlclient18 from 5.5.47-0ubuntu0.14.04.1 to 5.5.59-0ubuntu0.14.04.1"
396,28.5,P4,720,appsec-legacy,bwapp,trivy,libtasn1: Stack-based buffer overflow in asn1_find_node(),medium,CVE-2017-6891,CWE-787,raesene/bwapp:latest (ubuntu 14.04),,,,,False,,False,,0.0,libtasn1-6,3.4-3ubuntu0.5,"Two errors in the ""asn1_find_node()"" function (lib/parser_aux.c) within GnuTLS libtasn1 version 4.10 can be exploited to cause a stacked-based buffer overflow by tricking a user into processing a specially crafted assignments file via the e.g. asn1Coding utility.","[first_aid] Apply the vendor security patch for CVE-2017-6891; if unavailable, isolate the container and restrict egress. | [full_remediation] Upgrade package libtasn1-6 from 3.4-3ubuntu0.3 to 3.4-3ubuntu0.5 (fixed version) in the image and rebuild/redeploy. | [scanner_guidance] Upgrade libtasn1-6 from 3.4-3ubuntu0.3 to 3.4-3ubuntu0.5"
397,28.5,P4,720,appsec-legacy,bwapp,trivy,libxml2: Heap use-after-free in xmlSAX2AttributeNs,medium,CVE-2016-1835,CWE-119,raesene/bwapp:latest (ubuntu 14.04),,,,,False,,False,,0.0,libxml2,2.9.1+dfsg1-3ubuntu4.8,"Use-after-free vulnerability in the xmlSAX2AttributeNs function in libxml2 before 2.9.4, as used in Apple iOS before 9.3.2 and OS X before 10.11.5, allows remote attackers to cause a denial of service via a crafted XML document.","[first_aid] Apply the vendor security patch for CVE-2016-1835; if unavailable, isolate the container and restrict egress. | [full_remediation] Upgrade package libxml2 from 2.9.1+dfsg1-3ubuntu4.7 to 2.9.1+dfsg1-3ubuntu4.8 (fixed version) in the image and rebuild/r | [scanner_guidance] Upgrade libxml2 from 2.9.1+dfsg1-3ubuntu4.7 to 2.9.1+dfsg1-3ubuntu4.8"
398,28.5,P4,720,appsec-legacy,bwapp,trivy,libxml2: Use after free triggered by XPointer paths beginning with range-to,medium,CVE-2016-5131,CWE-416,raesene/bwapp:latest (ubuntu 14.04),,,,,False,,False,,0.0,libxml2,2.9.1+dfsg1-3ubuntu4.9,"Use-after-free vulnerability in libxml2 through 2.9.4, as used in Google Chrome before 52.0.2743.82, allows remote attackers to cause a denial of service or possibly have unspecified other impact via vectors related to the XPointer range-to function.","[first_aid] Apply the vendor security patch for CVE-2016-5131; if unavailable, isolate the container and restrict egress. | [full_remediation] Upgrade package libxml2 from 2.9.1+dfsg1-3ubuntu4.7 to 2.9.1+dfsg1-3ubuntu4.9 (fixed version) in the image and rebuild/r | [scanner_guidance] Upgrade libxml2 from 2.9.1+dfsg1-3ubuntu4.7 to 2.9.1+dfsg1-3ubuntu4.9"
399,28.5,P4,720,appsec-legacy,bwapp,trivy,libxml2: Heap buffer overflow in xmlAddID,medium,CVE-2017-0663,CWE-787,raesene/bwapp:latest (ubuntu 14.04),,,,,False,,False,,0.0,libxml2,2.9.1+dfsg1-3ubuntu4.10,"A remote code execution vulnerability in libxml2 could enable an attacker using a specially crafted file to execute arbitrary code within the context of an unprivileged process. This issue is rated as High due to the possibility of remote code execution in an application that uses this library. Product: Android. Versions: 4.4.4, 5.0.2, 5.1.1, 6.0, 6.0.1, 7.0, 7.1.1, 7.1.2. Android ID: A-37104170.","[first_aid] Apply the vendor security patch for CVE-2017-0663; if unavailable, isolate the container and restrict egress. | [full_remediation] Upgrade package libxml2 from 2.9.1+dfsg1-3ubuntu4.7 to 2.9.1+dfsg1-3ubuntu4.10 (fixed version) in the image and rebuild/ | [scanner_guidance] Upgrade libxml2 from 2.9.1+dfsg1-3ubuntu4.7 to 2.9.1+dfsg1-3ubuntu4.10"
400,28.5,P4,720,appsec-legacy,bwapp,trivy,libxml2: Use after free in xmlXPathCompOpEvalPositionalPredicate() function in xpath.c,medium,CVE-2017-15412,CWE-416,raesene/bwapp:latest (ubuntu 14.04),,,,,False,,False,,0.0,libxml2,2.9.1+dfsg1-3ubuntu4.12,"Use after free in libxml2 before 2.9.5, as used in Google Chrome prior to 63.0.3239.84 and other products, allowed a remote attacker to potentially exploit heap corruption via a crafted HTML page.","[first_aid] Apply the vendor security patch for CVE-2017-15412; if unavailable, isolate the container and restrict egress. | [full_remediation] Upgrade package libxml2 from 2.9.1+dfsg1-3ubuntu4.7 to 2.9.1+dfsg1-3ubuntu4.12 (fixed version) in the image and rebuild/ | [scanner_guidance] Upgrade libxml2 from 2.9.1+dfsg1-3ubuntu4.7 to 2.9.1+dfsg1-3ubuntu4.12"
401,28.5,P4,720,appsec-legacy,bwapp,trivy,sensible-browser in sensible-utils before 0.0.11 does not validate str ...,medium,CVE-2017-17512,CWE-74,raesene/bwapp:latest (ubuntu 14.04),,,,,False,,False,,0.0,sensible-utils,0.0.9ubuntu0.14.04.1,"sensible-browser in sensible-utils before 0.0.11 does not validate strings before launching the program specified by the BROWSER environment variable, which allows remote attackers to conduct argument-injection attacks via a crafted URL, as demonstrated by a --proxy-pac-file argument.","[first_aid] Apply the vendor security patch for CVE-2017-17512; if unavailable, isolate the container and restrict egress. | [full_remediation] Upgrade package sensible-utils from 0.0.9 to 0.0.9ubuntu0.14.04.1 (fixed version) in the image and rebuild/redeploy. | [scanner_guidance] Upgrade sensible-utils from 0.0.9 to 0.0.9ubuntu0.14.04.1"
402,28.5,P4,720,appsec-node,nodegoat,trivy,nodejs-minimist: prototype pollution allows adding or modifying properties of Object.prototype using a constructor or __proto__ payload,medium,CVE-2020-7598,CWE-1321,Node.js,,,,,False,,False,,0.0,minimist,"0.2.1, 1.2.3","minimist before 1.2.2 could be tricked into adding or modifying properties of Object.prototype using a ""constructor"" or ""__proto__"" payload.","[first_aid] Apply the vendor security patch for CVE-2020-7598; if unavailable, isolate the container and restrict egress. | [full_remediation] Upgrade package minimist from 0.0.10 to 0.2.1, 1.2.3 (fixed version) in the image and rebuild/redeploy. | [scanner_guidance] Upgrade minimist from 0.0.10 to 0.2.1, 1.2.3"
403,28.3,P4,720,appsec-web,juice_shop,wapiti,Unencrypted Channels: No HTTPS redirection for this host. All HTTP requests are served in clear text.,low,,,/,,,,,False,,False,,,,,Sensitive data must be protected when it is transmitted through the network.,"[first_aid] Disable or restrict the affected functionality/endpoint at the perimeter (WAF rule, network ACL, feature flag) while the | [full_remediation] Patch or upgrade the affected component to the latest fixed version and re-run the scan to confirm the finding is gone. | [scanner_guidance] Use HTTPS for the whole web site and redirect any HTTP requests to HTTPS."
404,28.3,P4,720,appsec-web,juice_shop,zap,Dangerous JS Functions,low,,CWE-749,http://juice-shop:3000,,,,,False,,False,,0.0,,,<p>A dangerous JS function seems to be in use that would leave the site vulnerable.</p>,"[first_aid] Disable or restrict the affected functionality/endpoint at the perimeter (WAF rule, network ACL, feature flag) while the | [full_remediation] Patch or upgrade the affected component to the latest fixed version and re-run the scan to confirm the finding is gone. | [scanner_guidance] <p>See the references for security advice on the use of these functions.</p>"
405,28.3,P4,720,appsec-web,juice_shop,zap,Deprecated Feature Policy Header Set,low,,CWE-16,http://juice-shop:3000,,,,,False,,False,,0.0,,,<p>The header has now been renamed to Permissions-Policy.</p>,"[first_aid] Disable or restrict the affected functionality/endpoint at the perimeter (WAF rule, network ACL, feature flag) while the | [full_remediation] Patch or upgrade the affected component to the latest fixed version and re-run the scan to confirm the finding is gone. | [scanner_guidance] <p>Ensure that your web server, application server, load balancer, etc. is configured to set the Permissions-Policy head"
406,28.3,P4,720,appsec-web,juice_shop,zap,Timestamp Disclosure - Unix,low,,CWE-497,http://juice-shop:3000,,,,,False,,False,,0.0,,,<p>A timestamp was disclosed by the application/web server. - Unix</p>,"[first_aid] Disable or restrict the affected functionality/endpoint at the perimeter (WAF rule, network ACL, feature flag) while the | [full_remediation] Patch or upgrade the affected component to the latest fixed version and re-run the scan to confirm the finding is gone. | [scanner_guidance] <p>Manually confirm that the timestamp data is not sensitive, and that the data cannot be aggregated to disclose exploit"
407,28.3,P4,720,appsec-node,nodegoat,trivy,tar: tar: File overwrite via drive-relative symlink traversal,high,CVE-2026-31802,CWE-22,Node.js,,,,,False,,False,,0.798,tar,7.5.11,"node-tar is a full-featured Tar for Node.js. Prior to version 7.5.11, tar (npm) can be tricked into creating a symlink that points outside the extraction directory by using a drive-relative symlink target such as C:../../../target.txt, which enables file overwrite outside cwd during normal tar.x() extraction. This vulnerability is fixed in 7.5.11.","[first_aid] Apply the vendor security patch for CVE-2026-31802; if unavailable, isolate the container and restrict egress. | [full_remediation] Upgrade package tar from 4.4.19 to 7.5.11 (fixed version) in the image and rebuild/redeploy. | [scanner_guidance] Upgrade tar from 4.4.19 to 7.5.11"
408,28.3,P4,720,appsec-node,nodegoat,trivy,node-tar: node-tar: File smuggling due to inconsistent tar archive parsing,medium,CVE-2026-53655,CWE-436,Node.js,,,,,False,,False,,0.0,tar,7.5.16,"node-tar is a full-featured Tar for Node.js. Prior to 7.5.16, tar (node-tar) applies a PAX extended header's size= record (and other PAX overrides) to the next header entry of any type, including intermediary metadata headers such as a GNU long-name (L) or long-link (K) entry. Per POSIX pax, a PAX extended header (x) describes the next file entry, not the intermediary extension headers that may sit between the x header and the file it annotates. Because node-tar lets the PAX size override the byte length of an intervening L/K/x header, an attacker can desynchronize node-tar's stream cursor relative to every other mainstream tar implementation (GNU tar, libarchive/bsdtar, Python tarfile, and the now-fixed tar-rs / astral-tokio-tar). The result is a tar parser interpretation differential (CWE-436): a single crafted archive yields a different set of members under node-tar than under the reference tar tools. An attacker can use this to hide a member from one parser while it is visible to another, which defeats security tooling whose scanner and extractor disagree on archive contents (e.g. a malware/secret scanner that lists entries with one library while a downstream step extracts with another) This vulnerability is fixed in 7.5.16.","[first_aid] Apply the vendor security patch for CVE-2026-53655; if unavailable, isolate the container and restrict egress. | [full_remediation] Upgrade package tar from 4.4.19 to 7.5.16 (fixed version) in the image and rebuild/redeploy. | [scanner_guidance] Upgrade tar from 4.4.19 to 7.5.16"
409,28.0,P4,720,appsec-legacy,bwapp,trivy,mysql: Incorrect input validation allowing code execution via mysqldump,medium,CVE-2017-3600,,raesene/bwapp:latest (ubuntu 14.04),,,,,False,,False,,,libmysqlclient18,5.5.55-0ubuntu0.14.04.1,"Vulnerability in the MySQL Server component of Oracle MySQL (subcomponent: Client mysqldump). Supported versions that are affected are 5.5.54 and earlier, 5.6.35 and earlier and 5.7.17 and earlier. Difficult to exploit vulnerability allows high privileged attacker with network access via multiple protocols to compromise MySQL Server. Successful attacks of this vulnerability can result in takeover of MySQL Server. Note: CVE-2017-3600 is equivalent to CVE-2016-5483. CVSS 3.0 Base Score 6.6 (Confidentiality, Integrity and Availability impacts). CVSS Vector: (CVSS:3.0/AV:N/AC:H/PR:H/UI:N/S:U/C:H/I:H/A:H).","[first_aid] Apply the vendor security patch for CVE-2017-3600; if unavailable, isolate the container and restrict egress. | [full_remediation] Upgrade package libmysqlclient18 from 5.5.47-0ubuntu0.14.04.1 to 5.5.55-0ubuntu0.14.04.1 (fixed version) in the image an | [scanner_guidance] Upgrade libmysqlclient18 from 5.5.47-0ubuntu0.14.04.1 to 5.5.55-0ubuntu0.14.04.1"
410,28.0,P4,720,appsec-node,nodegoat,trivy,form-data: Unsafe random function in form-data,critical,CVE-2025-7783,CWE-330,Node.js,,,,,False,,False,,0.0,form-data,"2.5.4, 3.0.4, 4.0.4","Use of Insufficiently Random Values vulnerability in form-data allows HTTP Parameter Pollution (HPP). This vulnerability is associated with program files lib/form_data.Js.

This issue affects form-data: < 2.5.4, 3.0.0 - 3.0.3, 4.0.0 - 4.0.3.","[first_aid] Apply the vendor security patch for CVE-2025-7783; if unavailable, isolate the container and restrict egress. | [full_remediation] Upgrade package form-data from 2.3.2 to 2.5.4, 3.0.4, 4.0.4 (fixed version) in the image and rebuild/redeploy. | [scanner_guidance] Upgrade form-data from 2.3.2 to 2.5.4, 3.0.4, 4.0.4"
411,27.7,P4,720,appsec-legacy,bwapp,trivy,busybox: Insufficient sanitization of filenames when autocompleting,medium,CVE-2017-16544,CWE-94,raesene/bwapp:latest (ubuntu 14.04),,,,,False,,False,,0.0,busybox-initramfs,1:1.21.0-1ubuntu1.4,"In the add_match function in libbb/lineedit.c in BusyBox through 1.27.2, the tab autocomplete feature of the shell, used to get a list of filenames in a directory, does not sanitize filenames and results in executing any escape sequence in the terminal. This could potentially result in code execution, arbitrary file writes, or other attacks.","[first_aid] Apply the vendor security patch for CVE-2017-16544; if unavailable, isolate the container and restrict egress. | [full_remediation] Upgrade package busybox-initramfs from 1:1.21.0-1ubuntu1 to 1:1.21.0-1ubuntu1.4 (fixed version) in the image and rebuild | [scanner_guidance] Upgrade busybox-initramfs from 1:1.21.0-1ubuntu1 to 1:1.21.0-1ubuntu1.4"
412,27.7,P4,720,appsec-legacy,bwapp,trivy,git: Escape out of git-shell,medium,CVE-2017-8386,,raesene/bwapp:latest (ubuntu 14.04),,,,,False,,False,,,git,1:1.9.1-1ubuntu0.5,"git-shell in git before 2.4.12, 2.5.x before 2.5.6, 2.6.x before 2.6.7, 2.7.x before 2.7.5, 2.8.x before 2.8.5, 2.9.x before 2.9.4, 2.10.x before 2.10.3, 2.11.x before 2.11.2, and 2.12.x before 2.12.3 might allow remote authenticated users to gain privileges via a repository name that starts with a - (dash) character.","[first_aid] Apply the vendor security patch for CVE-2017-8386; if unavailable, isolate the container and restrict egress. | [full_remediation] Upgrade package git from 1:1.9.1-1ubuntu0.2 to 1:1.9.1-1ubuntu0.5 (fixed version) in the image and rebuild/redeploy. | [scanner_guidance] Upgrade git from 1:1.9.1-1ubuntu0.2 to 1:1.9.1-1ubuntu0.5"
413,27.7,P4,720,appsec-legacy,bwapp,trivy,krb5: null pointer deference in strlen function in plugins/kdb/ldap/libkdb_ldap/ldap_principal2.c,low,CVE-2018-5710,CWE-476,raesene/bwapp:latest (ubuntu 14.04),,,,,False,,False,,0.0,krb5-locales,1.12+dfsg-2ubuntu5.4,"An issue was discovered in MIT Kerberos 5 (aka krb5) through 1.16. The pre-defined function ""strlen"" is getting a ""NULL"" string as a parameter value in plugins/kdb/ldap/libkdb_ldap/ldap_principal2.c in the Key Distribution Center (KDC), which allows remote authenticated users to cause a denial of service (NULL pointer dereference) via a modified kadmin client.","[first_aid] Apply the vendor security patch for CVE-2018-5710; if unavailable, isolate the container and restrict egress. | [full_remediation] Upgrade package krb5-locales from 1.12+dfsg-2ubuntu5.2 to 1.12+dfsg-2ubuntu5.4 (fixed version) in the image and rebuild/ | [scanner_guidance] Upgrade krb5-locales from 1.12+dfsg-2ubuntu5.2 to 1.12+dfsg-2ubuntu5.4"
414,27.7,P4,720,appsec-legacy,bwapp,trivy,krb5: null dereference in kadmind or DN container check bypass by supplying special crafted data,low,CVE-2018-5729,CWE-476,raesene/bwapp:latest (ubuntu 14.04),,,,,False,,False,,0.0,krb5-locales,1.12+dfsg-2ubuntu5.4,MIT krb5 1.6 or later allows an authenticated kadmin with permission to add principals to an LDAP Kerberos database to cause a denial of service (NULL pointer dereference) or bypass a DN container check by supplying tagged data that is internal to the database module.,"[first_aid] Apply the vendor security patch for CVE-2018-5729; if unavailable, isolate the container and restrict egress. | [full_remediation] Upgrade package krb5-locales from 1.12+dfsg-2ubuntu5.2 to 1.12+dfsg-2ubuntu5.4 (fixed version) in the image and rebuild/ | [scanner_guidance] Upgrade krb5-locales from 1.12+dfsg-2ubuntu5.2 to 1.12+dfsg-2ubuntu5.4"
415,27.7,P4,720,appsec-legacy,bwapp,trivy,php: Null pointer dereference in exif_process_user_comment,medium,CVE-2016-6292,CWE-476,raesene/bwapp:latest (ubuntu 14.04),,,,,False,,False,,0.0,libapache2-mod-php5,5.5.9+dfsg-1ubuntu4.19,"The exif_process_user_comment function in ext/exif/exif.c in PHP before 5.5.38, 5.6.x before 5.6.24, and 7.x before 7.0.9 allows remote attackers to cause a denial of service (NULL pointer dereference and application crash) via a crafted JPEG image.","[first_aid] Apply the vendor security patch for CVE-2016-6292; if unavailable, isolate the container and restrict egress. | [full_remediation] Upgrade package libapache2-mod-php5 from 5.5.9+dfsg-1ubuntu4.14 to 5.5.9+dfsg-1ubuntu4.19 (fixed version) in the image a | [scanner_guidance] Upgrade libapache2-mod-php5 from 5.5.9+dfsg-1ubuntu4.14 to 5.5.9+dfsg-1ubuntu4.19"
416,27.7,P4,720,appsec-legacy,bwapp,trivy,curl: Glob parser write/read out of bounds,medium,CVE-2016-8620,CWE-120,raesene/bwapp:latest (ubuntu 14.04),,,,,False,,False,,0.0,libcurl3-gnutls,7.35.0-1ubuntu2.10,The 'globbing' feature in curl before version 7.51.0 has a flaw that leads to integer overflow and out-of-bounds read via user controlled input.,"[first_aid] Apply the vendor security patch for CVE-2016-8620; if unavailable, isolate the container and restrict egress. | [full_remediation] Upgrade package libcurl3-gnutls from 7.35.0-1ubuntu2.6 to 7.35.0-1ubuntu2.10 (fixed version) in the image and rebuild/re | [scanner_guidance] Upgrade libcurl3-gnutls from 7.35.0-1ubuntu2.6 to 7.35.0-1ubuntu2.10"
417,27.7,P4,720,appsec-legacy,bwapp,trivy,openldap: Double free vulnerability in servers/slapd/back-mdb/search.c,medium,CVE-2017-9287,CWE-415,raesene/bwapp:latest (ubuntu 14.04),,,,,False,,False,,0.0,libldap-2.4-2,2.4.31-1+nmu2ubuntu8.4,servers/slapd/back-mdb/search.c in OpenLDAP through 2.4.44 is prone to a double free vulnerability. A user with access to search the directory can crash slapd by issuing a search including the Paged Results control with a page size of 0.,"[first_aid] Apply the vendor security patch for CVE-2017-9287; if unavailable, isolate the container and restrict egress. | [full_remediation] Upgrade package libldap-2.4-2 from 2.4.31-1+nmu2ubuntu8.2 to 2.4.31-1+nmu2ubuntu8.4 (fixed version) in the image and reb | [scanner_guidance] Upgrade libldap-2.4-2 from 2.4.31-1+nmu2ubuntu8.2 to 2.4.31-1+nmu2ubuntu8.4"
418,27.7,P4,720,appsec-legacy,bwapp,trivy,mysql: unspecified vulnerability in subcomponent: Server: Optimizer (CPU October 2016),medium,CVE-2016-3492,,raesene/bwapp:latest (ubuntu 14.04),,,,,False,,False,,,libmysqlclient18,5.5.52-0ubuntu0.14.04.1,"Unspecified vulnerability in Oracle MySQL 5.5.51 and earlier, 5.6.32 and earlier, and 5.7.14 and earlier allows remote authenticated users to affect availability via vectors related to Server: Optimizer.","[first_aid] Apply the vendor security patch for CVE-2016-3492; if unavailable, isolate the container and restrict egress. | [full_remediation] Upgrade package libmysqlclient18 from 5.5.47-0ubuntu0.14.04.1 to 5.5.52-0ubuntu0.14.04.1 (fixed version) in the image an | [scanner_guidance] Upgrade libmysqlclient18 from 5.5.47-0ubuntu0.14.04.1 to 5.5.52-0ubuntu0.14.04.1"
419,27.7,P4,720,appsec-legacy,bwapp,trivy,mysql: unspecified vulnerability in subcomponent: Server: DML (CPU October 2016),medium,CVE-2016-5612,,raesene/bwapp:latest (ubuntu 14.04),,,,,False,,False,,,libmysqlclient18,5.5.52-0ubuntu0.14.04.1,"Unspecified vulnerability in Oracle MySQL 5.5.50 and earlier, 5.6.31 and earlier, and 5.7.13 and earlier allows remote authenticated users to affect availability via vectors related to DML.","[first_aid] Apply the vendor security patch for CVE-2016-5612; if unavailable, isolate the container and restrict egress. | [full_remediation] Upgrade package libmysqlclient18 from 5.5.47-0ubuntu0.14.04.1 to 5.5.52-0ubuntu0.14.04.1 (fixed version) in the image an | [scanner_guidance] Upgrade libmysqlclient18 from 5.5.47-0ubuntu0.14.04.1 to 5.5.52-0ubuntu0.14.04.1"
420,27.7,P4,720,appsec-legacy,bwapp,trivy,mysql: unspecified vulnerability in subcomponent: Server: GIS (CPU October 2016),medium,CVE-2016-5626,,raesene/bwapp:latest (ubuntu 14.04),,,,,False,,False,,,libmysqlclient18,5.5.52-0ubuntu0.14.04.1,"Unspecified vulnerability in Oracle MySQL 5.5.51 and earlier, 5.6.32 and earlier, and 5.7.14 and earlier allows remote authenticated users to affect availability via vectors related to GIS.","[first_aid] Apply the vendor security patch for CVE-2016-5626; if unavailable, isolate the container and restrict egress. | [full_remediation] Upgrade package libmysqlclient18 from 5.5.47-0ubuntu0.14.04.1 to 5.5.52-0ubuntu0.14.04.1 (fixed version) in the image an | [scanner_guidance] Upgrade libmysqlclient18 from 5.5.47-0ubuntu0.14.04.1 to 5.5.52-0ubuntu0.14.04.1"
421,27.7,P4,720,appsec-legacy,bwapp,trivy,mysql: Server: Optimizer unspecified vulnerability (CPU Jan 2017),medium,CVE-2017-3238,,raesene/bwapp:latest (ubuntu 14.04),,,,,False,,False,,,libmysqlclient18,5.5.54-0ubuntu0.14.04.1,"Vulnerability in the MySQL Server component of Oracle MySQL (subcomponent: Server: Optimizer). Supported versions that are affected are 5.5.53 and earlier, 5.6.34 and earlier and 5.7.16 and earlier. Easily exploitable vulnerability allows low privileged attacker with network access via multiple protocols to compromise MySQL Server. Successful attacks of this vulnerability can result in unauthorized ability to cause a hang or frequently repeatable crash (complete DOS) of MySQL Server. CVSS v3.0 Base Score 6.5 (Availability impacts).","[first_aid] Apply the vendor security patch for CVE-2017-3238; if unavailable, isolate the container and restrict egress. | [full_remediation] Upgrade package libmysqlclient18 from 5.5.47-0ubuntu0.14.04.1 to 5.5.54-0ubuntu0.14.04.1 (fixed version) in the image an | [scanner_guidance] Upgrade libmysqlclient18 from 5.5.47-0ubuntu0.14.04.1 to 5.5.54-0ubuntu0.14.04.1"
422,27.7,P4,720,appsec-legacy,bwapp,trivy,mysql: Server: Optimizer unspecified vulnerability (CPU Jan 2018),medium,CVE-2018-2665,,raesene/bwapp:latest (ubuntu 14.04),,,,,False,,False,,,libmysqlclient18,5.5.59-0ubuntu0.14.04.1,"Vulnerability in the MySQL Server component of Oracle MySQL (subcomponent: Server: Optimizer). Supported versions that are affected are 5.5.58 and prior, 5.6.38 and prior and 5.7.20 and prior. Easily exploitable vulnerability allows low privileged attacker with network access via multiple protocols to compromise MySQL Server. Successful attacks of this vulnerability can result in unauthorized ability to cause a hang or frequently repeatable crash (complete DOS) of MySQL Server. CVSS 3.0 Base Score 6.5 (Availability impacts). CVSS Vector: (CVSS:3.0/AV:N/AC:L/PR:L/UI:N/S:U/C:N/I:N/A:H).","[first_aid] Apply the vendor security patch for CVE-2018-2665; if unavailable, isolate the container and restrict egress. | [full_remediation] Upgrade package libmysqlclient18 from 5.5.47-0ubuntu0.14.04.1 to 5.5.59-0ubuntu0.14.04.1 (fixed version) in the image an | [scanner_guidance] Upgrade libmysqlclient18 from 5.5.47-0ubuntu0.14.04.1 to 5.5.59-0ubuntu0.14.04.1"
423,27.7,P4,720,appsec-legacy,bwapp,trivy,mysql: Server: Optimizer unspecified vulnerability (CPU Jan 2018),medium,CVE-2018-2668,,raesene/bwapp:latest (ubuntu 14.04),,,,,False,,False,,,libmysqlclient18,5.5.59-0ubuntu0.14.04.1,"Vulnerability in the MySQL Server component of Oracle MySQL (subcomponent: Server: Optimizer). Supported versions that are affected are 5.5.58 and prior, 5.6.38 and prior and 5.7.20 and prior. Easily exploitable vulnerability allows low privileged attacker with network access via multiple protocols to compromise MySQL Server. Successful attacks of this vulnerability can result in unauthorized ability to cause a hang or frequently repeatable crash (complete DOS) of MySQL Server. CVSS 3.0 Base Score 6.5 (Availability impacts). CVSS Vector: (CVSS:3.0/AV:N/AC:L/PR:L/UI:N/S:U/C:N/I:N/A:H).","[first_aid] Apply the vendor security patch for CVE-2018-2668; if unavailable, isolate the container and restrict egress. | [full_remediation] Upgrade package libmysqlclient18 from 5.5.47-0ubuntu0.14.04.1 to 5.5.59-0ubuntu0.14.04.1 (fixed version) in the image an | [scanner_guidance] Upgrade libmysqlclient18 from 5.5.47-0ubuntu0.14.04.1 to 5.5.59-0ubuntu0.14.04.1"
424,27.7,P4,720,appsec-legacy,bwapp,trivy,mysql: Server: DDL unspecified vulnerability (CPU Apr 2018),medium,CVE-2018-2817,,raesene/bwapp:latest (ubuntu 14.04),,,,,False,,False,,,libmysqlclient18,5.5.60-0ubuntu0.14.04.1,"Vulnerability in the MySQL Server component of Oracle MySQL (subcomponent: Server: DDL). Supported versions that are affected are 5.5.59 and prior, 5.6.39 and prior and 5.7.21 and prior. Easily exploitable vulnerability allows low privileged attacker with network access via multiple protocols to compromise MySQL Server. Successful attacks of this vulnerability can result in unauthorized ability to cause a hang or frequently repeatable crash (complete DOS) of MySQL Server. CVSS 3.0 Base Score 6.5 (Availability impacts). CVSS Vector: (CVSS:3.0/AV:N/AC:L/PR:L/UI:N/S:U/C:N/I:N/A:H).","[first_aid] Apply the vendor security patch for CVE-2018-2817; if unavailable, isolate the container and restrict egress. | [full_remediation] Upgrade package libmysqlclient18 from 5.5.47-0ubuntu0.14.04.1 to 5.5.60-0ubuntu0.14.04.1 (fixed version) in the image an | [scanner_guidance] Upgrade libmysqlclient18 from 5.5.47-0ubuntu0.14.04.1 to 5.5.60-0ubuntu0.14.04.1"
425,27.7,P4,720,appsec-legacy,bwapp,trivy,mysql: Server: Parser unspecified vulnerability (CPU Oct 2018),medium,CVE-2018-3133,,raesene/bwapp:latest (ubuntu 14.04),,,,,False,,False,,,libmysqlclient18,5.5.62-0ubuntu0.14.04.1,"Vulnerability in the MySQL Server component of Oracle MySQL (subcomponent: Server: Parser). Supported versions that are affected are 5.5.61 and prior, 5.6.41 and prior, 5.7.23 and prior and 8.0.12 and prior. Easily exploitable vulnerability allows low privileged attacker with network access via multiple protocols to compromise MySQL Server. Successful attacks of this vulnerability can result in unauthorized ability to cause a hang or frequently repeatable crash (complete DOS) of MySQL Server. CVSS 3.0 Base Score 6.5 (Availability impacts). CVSS Vector: (CVSS:3.0/AV:N/AC:L/PR:L/UI:N/S:U/C:N/I:N/A:H).","[first_aid] Apply the vendor security patch for CVE-2018-3133; if unavailable, isolate the container and restrict egress. | [full_remediation] Upgrade package libmysqlclient18 from 5.5.47-0ubuntu0.14.04.1 to 5.5.62-0ubuntu0.14.04.1 (fixed version) in the image an | [scanner_guidance] Upgrade libmysqlclient18 from 5.5.47-0ubuntu0.14.04.1 to 5.5.62-0ubuntu0.14.04.1"
426,27.7,P4,720,appsec-legacy,bwapp,trivy,pam: DoS/user enumeration due to blocking pipe in pam_unix module,low,CVE-2015-3238,CWE-200,raesene/bwapp:latest (ubuntu 14.04),,,,,False,,False,,0.513,libpam-modules,1.1.8-1ubuntu2.1,"The _unix_run_helper_binary function in the pam_unix module in Linux-PAM (aka pam) before 1.2.1, when unable to directly access passwords, allows local users to enumerate usernames or cause a denial of service (hang) via a large password.","[first_aid] Apply the vendor security patch for CVE-2015-3238; if unavailable, isolate the container and restrict egress. | [full_remediation] Upgrade package libpam-modules from 1.1.8-1ubuntu2 to 1.1.8-1ubuntu2.1 (fixed version) in the image and rebuild/redeploy | [scanner_guidance] Upgrade libpam-modules from 1.1.8-1ubuntu2 to 1.1.8-1ubuntu2.1"
427,27.7,P4,720,appsec-legacy,bwapp,trivy,python: DOS via regular expression backtracking in difflib.IS_LINE_JUNK method in difflib,low,CVE-2018-1061,CWE-20,raesene/bwapp:latest (ubuntu 14.04),,,,,False,,False,,0.0,libpython2.7-minimal,2.7.6-8ubuntu0.5,"python before versions 2.7.15, 3.4.9, 3.5.6rc1, 3.6.5rc1 and 3.7.0 is vulnerable to catastrophic backtracking in the difflib.IS_LINE_JUNK method.  An attacker could use this flaw to cause denial of service.","[first_aid] Apply the vendor security patch for CVE-2018-1061; if unavailable, isolate the container and restrict egress. | [full_remediation] Upgrade package libpython2.7-minimal from 2.7.6-8ubuntu0.2 to 2.7.6-8ubuntu0.5 (fixed version) in the image and rebuild/ | [scanner_guidance] Upgrade libpython2.7-minimal from 2.7.6-8ubuntu0.2 to 2.7.6-8ubuntu0.5"
428,27.7,P4,720,appsec-legacy,bwapp,trivy,libxml2: Infinite loop caused by incorrect error detection during LZMA decompression,medium,CVE-2018-14567,CWE-835,raesene/bwapp:latest (ubuntu 14.04),,,,,False,,False,,0.0,libxml2,2.9.1+dfsg1-3ubuntu4.13,"libxml2 2.9.8, if --with-lzma is used, allows remote attackers to cause a denial of service (infinite loop) via a crafted XML file that triggers LZMA_MEMLIMIT_ERROR, as demonstrated by xmllint, a different vulnerability than CVE-2015-8035 and CVE-2018-9251.","[first_aid] Apply the vendor security patch for CVE-2018-14567; if unavailable, isolate the container and restrict egress. | [full_remediation] Upgrade package libxml2 from 2.9.1+dfsg1-3ubuntu4.7 to 2.9.1+dfsg1-3ubuntu4.13 (fixed version) in the image and rebuild/ | [scanner_guidance] Upgrade libxml2 from 2.9.1+dfsg1-3ubuntu4.7 to 2.9.1+dfsg1-3ubuntu4.13"
429,27.7,P4,720,appsec-legacy,bwapp,trivy,libxml2: Unrestricted memory usage in xz_head() function in xzlib.c,low,CVE-2017-18258,CWE-770,raesene/bwapp:latest (ubuntu 14.04),,,,,False,,False,,0.0,libxml2,2.9.1+dfsg1-3ubuntu4.13,"The xz_head function in xzlib.c in libxml2 before 2.9.6 allows remote attackers to cause a denial of service (memory consumption) via a crafted LZMA file, because the decoder functionality does not restrict memory usage to what is required for a legitimate file.","[first_aid] Apply the vendor security patch for CVE-2017-18258; if unavailable, isolate the container and restrict egress. | [full_remediation] Upgrade package libxml2 from 2.9.1+dfsg1-3ubuntu4.7 to 2.9.1+dfsg1-3ubuntu4.13 (fixed version) in the image and rebuild/ | [scanner_guidance] Upgrade libxml2 from 2.9.1+dfsg1-3ubuntu4.7 to 2.9.1+dfsg1-3ubuntu4.13"
430,27.7,P4,720,appsec-legacy,bwapp,trivy,ntp: Denial of Service via Malformed Config,low,CVE-2017-6464,CWE-20,raesene/bwapp:latest (ubuntu 14.04),,,,,False,,False,,0.0,ntpdate,1:4.2.6.p5+dfsg-3ubuntu2.14.04.11,NTP before 4.2.8p10 and 4.3.x before 4.3.94 allows remote attackers to cause a denial of service (ntpd crash) via a malformed mode configuration directive.,"[first_aid] Apply the vendor security patch for CVE-2017-6464; if unavailable, isolate the container and restrict egress. | [full_remediation] Upgrade package ntpdate from 1:4.2.6.p5+dfsg-3ubuntu2.14.04.6 to 1:4.2.6.p5+dfsg-3ubuntu2.14.04.11 (fixed version) in th | [scanner_guidance] Upgrade ntpdate from 1:4.2.6.p5+dfsg-3ubuntu2.14.04.6 to 1:4.2.6.p5+dfsg-3ubuntu2.14.04.11"
431,27.7,P4,720,appsec-web,juice_shop,trivy,@tootallnate/once: @tootallnate/once: Denial of Service due to incorrect control flow scoping with AbortSignal,low,CVE-2026-3449,CWE-705,Node.js,,,,,False,,False,,0.0,@tootallnate/once,"3.0.1, 2.0.1","Versions of the package @tootallnate/once before 3.0.1 are vulnerable to Incorrect Control Flow Scoping in promise resolving when AbortSignal option is used. The Promise remains in a permanently pending state after the signal is aborted, causing any await or .then() usage to hang indefinitely. This can cause a control-flow leak that can lead to stalled requests, blocked workers, or degraded application availability.","[first_aid] Apply the vendor security patch for CVE-2026-3449; if unavailable, isolate the container and restrict egress. | [full_remediation] Upgrade package @tootallnate/once from 1.1.2 to 3.0.1, 2.0.1 (fixed version) in the image and rebuild/redeploy. | [scanner_guidance] Upgrade @tootallnate/once from 1.1.2 to 3.0.1, 2.0.1"
432,27.7,P4,720,appsec-node,nodegoat,trivy,openssl: AES OCB fails to encrypt some bytes,medium,CVE-2022-2097,CWE-327,nodegoat-web:latest (alpine 3.15.4),,,,,False,,False,,0.0,libcrypto1.1,1.1.1q-r0,"AES OCB mode for 32-bit x86 platforms using the AES-NI assembly optimised implementation will not encrypt the entirety of the data under some circumstances. This could reveal sixteen bytes of data that was preexisting in the memory that wasn't written. In the special case of ""in place"" encryption, sixteen bytes of the plaintext would be revealed. Since OpenSSL does not support OCB based cipher suites for TLS and DTLS, they are both unaffected. Fixed in OpenSSL 3.0.5 (Affected 3.0.0-3.0.4). Fixed in OpenSSL 1.1.1q (Affected 1.1.1-1.1.1p).","[first_aid] Apply the vendor security patch for CVE-2022-2097; if unavailable, isolate the container and restrict egress. | [full_remediation] Upgrade package libcrypto1.1 from 1.1.1n-r0 to 1.1.1q-r0 (fixed version) in the image and rebuild/redeploy. | [scanner_guidance] Upgrade libcrypto1.1 from 1.1.1n-r0 to 1.1.1q-r0"
433,27.7,P4,720,appsec-node,nodegoat,trivy,openssl: Invalid certificate policies in leaf certificates are silently ignored,medium,CVE-2023-0465,CWE-295,nodegoat-web:latest (alpine 3.15.4),,,,,False,,False,,0.0,libcrypto1.1,1.1.1t-r2,"Applications that use a non-default option when verifying certificates may be
vulnerable to an attack from a malicious CA to circumvent certain checks.

Invalid certificate policies in leaf certificates are silently ignored by
OpenSSL and other certificate policy checks are skipped for that certificate.
A malicious CA could use this to deliberately assert invalid certificate policies
in order to circumvent policy checking on the certificate altogether.

Policy processing is disabled by default but can be enabled by passing
the `-policy' argument to the command line utilities or by calling the
`X509_VERIFY_PARAM_set1_policies()' function.","[first_aid] Apply the vendor security patch for CVE-2023-0465; if unavailable, isolate the container and restrict egress. | [full_remediation] Upgrade package libcrypto1.1 from 1.1.1n-r0 to 1.1.1t-r2 (fixed version) in the image and rebuild/redeploy. | [scanner_guidance] Upgrade libcrypto1.1 from 1.1.1n-r0 to 1.1.1t-r2"
434,27.7,P4,720,appsec-node,nodegoat,trivy,openssl: Excessive time spent checking DH keys and parameters,medium,CVE-2023-3446,CWE-606,nodegoat-web:latest (alpine 3.15.4),,,,,False,,False,,0.0,libcrypto1.1,1.1.1u-r2,"Issue summary: Checking excessively long DH keys or parameters may be very slow.

Impact summary: Applications that use the functions DH_check(), DH_check_ex()
or EVP_PKEY_param_check() to check a DH key or DH parameters may experience long
delays. Where the key or parameters that are being checked have been obtained
from an untrusted source this may lead to a Denial of Service.

The function DH_check() performs various checks on DH parameters. One of those
checks confirms that the modulus ('p' parameter) is not too large. Trying to use
a very large modulus is slow and OpenSSL will not normally use a modulus which
is over 10,000 bits in length.

However the DH_check() function checks numerous aspects of the key or parameters
that have been supplied. Some of those checks use the supplied modulus value
even if it has already been found to be too large.

An application that calls DH_check() and supplies a key or parameters obtained
from an untrusted source could be vulernable to a Denial of Service attack.

The function DH_check() is itself called by a number of other OpenSSL functions.
An application calling any of those other functions may similarly be affected.
The other functions affected by this are DH_check_ex() and
EVP_PKEY_param_check().

Also vulnerable are the OpenSSL dhparam and pkeyparam command line applications
when using the '-check' option.

The OpenSSL SSL/TLS implementation is not affected by this issue.
The OpenSSL 3.0 and 3.1 FIPS providers are not affected by this issue.","[first_aid] Apply the vendor security patch for CVE-2023-3446; if unavailable, isolate the container and restrict egress. | [full_remediation] Upgrade package libcrypto1.1 from 1.1.1n-r0 to 1.1.1u-r2 (fixed version) in the image and rebuild/redeploy. | [scanner_guidance] Upgrade libcrypto1.1 from 1.1.1n-r0 to 1.1.1u-r2"
435,27.7,P4,720,appsec-node,nodegoat,trivy,OpenSSL: Excessive time spent checking DH q parameter value,medium,CVE-2023-3817,CWE-606,nodegoat-web:latest (alpine 3.15.4),,,,,False,,False,,0.0,libcrypto1.1,1.1.1v-r0,"Issue summary: Checking excessively long DH keys or parameters may be very slow.

Impact summary: Applications that use the functions DH_check(), DH_check_ex()
or EVP_PKEY_param_check() to check a DH key or DH parameters may experience long
delays. Where the key or parameters that are being checked have been obtained
from an untrusted source this may lead to a Denial of Service.

The function DH_check() performs various checks on DH parameters. After fixing
CVE-2023-3446 it was discovered that a large q parameter value can also trigger
an overly long computation during some of these checks. A correct q value,
if present, cannot be larger than the modulus p parameter, thus it is
unnecessary to perform these checks if q is larger than p.

An application that calls DH_check() and supplies a key or parameters obtained
from an untrusted source could be vulnerable to a Denial of Service attack.

The function DH_check() is itself called by a number of other OpenSSL functions.
An application calling any of those other functions may similarly be affected.
The other functions affected by this are DH_check_ex() and
EVP_PKEY_param_check().

Also vulnerable are the OpenSSL dhparam and pkeyparam command line applications
when using the ""-check"" option.

The OpenSSL SSL/TLS implementation is not affected by this issue.

The OpenSSL 3.0 and 3.1 FIPS providers are not affected by this issue.","[first_aid] Apply the vendor security patch for CVE-2023-3817; if unavailable, isolate the container and restrict egress. | [full_remediation] Upgrade package libcrypto1.1 from 1.1.1n-r0 to 1.1.1v-r0 (fixed version) in the image and rebuild/redeploy. | [scanner_guidance] Upgrade libcrypto1.1 from 1.1.1n-r0 to 1.1.1v-r0"
436,27.7,P4,720,appsec-node,nodegoat,trivy,openssl: Generating excessively long X9.42 DH keys or checking excessively long X9.42 DH keys or parameters may be very slow,medium,CVE-2023-5678,CWE-606,nodegoat-web:latest (alpine 3.15.4),,,,,False,,False,,0.0,libcrypto1.1,1.1.1w-r1,"Issue summary: Generating excessively long X9.42 DH keys or checking
excessively long X9.42 DH keys or parameters may be very slow.

Impact summary: Applications that use the functions DH_generate_key() to
generate an X9.42 DH key may experience long delays.  Likewise, applications
that use DH_check_pub_key(), DH_check_pub_key_ex() or EVP_PKEY_public_check()
to check an X9.42 DH key or X9.42 DH parameters may experience long delays.
Where the key or parameters that are being checked have been obtained from
an untrusted source this may lead to a Denial of Service.

While DH_check() performs all the necessary checks (as of CVE-2023-3817),
DH_check_pub_key() doesn't make any of these checks, and is therefore
vulnerable for excessively large P and Q parameters.

Likewise, while DH_generate_key() performs a check for an excessively large
P, it doesn't check for an excessively large Q.

An application that calls DH_generate_key() or DH_check_pub_key() and
supplies a key or parameters obtained from an untrusted source could be
vulnerable to a Denial of Service attack.

DH_generate_key() and DH_check_pub_key() are also called by a number of
other OpenSSL functions.  An application calling any of those other
functions may similarly be affected.  The other functions affected by this
are DH_check_pub_key_ex(), EVP_PKEY_public_check(), and EVP_PKEY_generate().

Also vulnerable are the OpenSSL pkey command line application when using the
""-pubcheck"" option, as well as the OpenSSL genpkey command line application.

The OpenSSL SSL/TLS implementation is not affected by this issue.

The OpenSSL 3.0 and 3.1 FIPS providers are not affected by this issue.","[first_aid] Apply the vendor security patch for CVE-2023-5678; if unavailable, isolate the container and restrict egress. | [full_remediation] Upgrade package libcrypto1.1 from 1.1.1n-r0 to 1.1.1w-r1 (fixed version) in the image and rebuild/redeploy. | [scanner_guidance] Upgrade libcrypto1.1 from 1.1.1n-r0 to 1.1.1w-r1"
437,27.7,P4,720,appsec-node,nodegoat,trivy,micromatch: vulnerable to Regular Expression Denial of Service,medium,CVE-2024-4067,CWE-1333,Node.js,,,,,False,,False,,0.0,micromatch,4.0.8,"The NPM package `micromatch` prior to 4.0.8 is vulnerable to Regular Expression Denial of Service (ReDoS). The vulnerability occurs in `micromatch.braces()` in `index.js` because the pattern `.*` will greedily match anything. By passing a malicious payload, the pattern matching will keep backtracking to the input while it doesn't find the closing bracket. As the input size increases, the consumption time will also increase until it causes the application to hang or slow down. There was a merged fix but further testing shows the issue persists. This issue should be mitigated by using a safe pattern that won't start backtracking the regular expression due to greedy matching. This issue was fixed in version 4.0.8.","[first_aid] Apply the vendor security patch for CVE-2024-4067; if unavailable, isolate the container and restrict egress. | [full_remediation] Upgrade package micromatch from 3.1.10 to 4.0.8 (fixed version) in the image and rebuild/redeploy. | [scanner_guidance] Upgrade micromatch from 3.1.10 to 4.0.8"
438,27.7,P4,720,appsec-node,nodegoat,trivy,path-to-regexp: Backtracking regular expressions cause ReDoS,high,CVE-2024-45296,CWE-1333,Node.js,,,,,False,,False,,0.0,path-to-regexp,"1.9.0, 0.1.10, 8.0.0, 3.3.0, 6.3.0","path-to-regexp turns path strings into a regular expressions. In certain cases, path-to-regexp will output a regular expression that can be exploited to cause poor performance. Because JavaScript is single threaded and regex matching runs on the main thread, poor performance will block the event loop and lead to a DoS. The bad regular expression is generated any time you have two parameters within a single segment, separated by something that is not a period (.). For users of 0.1, upgrade to 0.1.10. All other users should upgrade to 8.0.0.","[first_aid] Apply the vendor security patch for CVE-2024-45296; if unavailable, isolate the container and restrict egress. | [full_remediation] Upgrade package path-to-regexp from 0.1.7 to 1.9.0, 0.1.10, 8.0.0, 3.3.0, 6.3.0 (fixed version) in the image and rebuild | [scanner_guidance] Upgrade path-to-regexp from 0.1.7 to 1.9.0, 0.1.10, 8.0.0, 3.3.0, 6.3.0"
439,27.7,P4,720,appsec-node,nodegoat,trivy,path-to-regexp: path-to-regexp Unpatched `path-to-regexp` ReDoS in 0.1.x,high,CVE-2024-52798,CWE-1333,Node.js,,,,,False,,False,,0.0,path-to-regexp,0.1.12,"path-to-regexp turns path strings into a regular expressions. In certain cases, path-to-regexp will output a regular expression that can be exploited to cause poor performance. The regular expression that is vulnerable to backtracking can be generated in the 0.1.x release of path-to-regexp. Upgrade to 0.1.12. This vulnerability exists because of an incomplete fix for CVE-2024-45296.","[first_aid] Apply the vendor security patch for CVE-2024-52798; if unavailable, isolate the container and restrict egress. | [full_remediation] Upgrade package path-to-regexp from 0.1.7 to 0.1.12 (fixed version) in the image and rebuild/redeploy. | [scanner_guidance] Upgrade path-to-regexp from 0.1.7 to 0.1.12"
440,27.7,P4,720,appsec-node,nodegoat,trivy,path-to-regexp: path-to-regexp: Denial of Service via catastrophic backtracking from malformed URL parameters,high,CVE-2026-4867,CWE-1333,Node.js,,,,,False,,False,,0.0,path-to-regexp,0.1.13,"Impact:

A bad regular expression is generated any time you have three or more parameters within a single segment, separated by something that is not a period (.). For example, /:a-:b-:c or /:a-:b-:c-:d. The backtrack protection added in path-to-regexp@0.1.12 only prevents ambiguity for two parameters. With three or more, the generated lookahead does not block single separator characters, so capture groups overlap and cause catastrophic backtracking.

Patches:

Upgrade to path-to-regexp@0.1.13

Custom regex patterns in route definitions (e.g., /:a-:b([^-/]+)-:c([^-/]+)) are not affected because they override the default capture group.

Workarounds:

All versions can be patched by providing a custom regular expression for parameters after the first in a single segment. As long as the custom regular expression does not match the text before the parameter, you will be safe. For example, change /:a-:b-:c to /:a-:b([^-/]+)-:c([^-/]+).

If paths cannot be rewritten and versions cannot be upgraded, another alternative is to limit the URL length.","[first_aid] Apply the vendor security patch for CVE-2026-4867; if unavailable, isolate the container and restrict egress. | [full_remediation] Upgrade package path-to-regexp from 0.1.7 to 0.1.13 (fixed version) in the image and rebuild/redeploy. | [scanner_guidance] Upgrade path-to-regexp from 0.1.7 to 0.1.13"
441,27.7,P4,720,appsec-node,nodegoat,trivy,nodejs-semver: Regular expression denial of service,high,CVE-2022-25883,CWE-1333,Node.js,,,,,False,,False,,0.0,semver,"7.5.2, 6.3.1, 5.7.2","Versions of the package semver before 7.5.2 are vulnerable to Regular Expression Denial of Service (ReDoS) via the function new Range, when untrusted user data is provided as a range.","[first_aid] Apply the vendor security patch for CVE-2022-25883; if unavailable, isolate the container and restrict egress. | [full_remediation] Upgrade package semver from 5.6.0 to 7.5.2, 6.3.1, 5.7.2 (fixed version) in the image and rebuild/redeploy. | [scanner_guidance] Upgrade semver from 5.6.0 to 7.5.2, 6.3.1, 5.7.2"
442,27.7,P4,720,appsec-node,nodegoat,trivy,node-tar: node-tar: Denial of Service via crafted archive with NUL bytes in metadata,medium,CVE-2026-59875,CWE-248,Node.js,,,,,False,,False,,0.0,tar,7.5.17,"node-tar is a tar archive manipulation library for Node.js. Prior to 7.5.17, node-tar does not strip NUL bytes from PAX path and linkpath records in src/pax.ts, allowing a crafted archive with values to reach fs.lstat or fs.open and terminate the process with an uncaught exception. This issue is fixed in version 7.5.17.","[first_aid] Apply the vendor security patch for CVE-2026-59875; if unavailable, isolate the container and restrict egress. | [full_remediation] Upgrade package tar from 4.4.19 to 7.5.17 (fixed version) in the image and rebuild/redeploy. | [scanner_guidance] Upgrade tar from 4.4.19 to 7.5.17"
443,27.7,P4,720,appsec-node,nodegoat,trivy,node-tar: Uncontrolled recursion in mapHas/filesFilter allows uncatchable stack-overflow DoS via crafted long-path tar with member selection,medium,GHSA-r292-9mhp-454m,,Node.js,,,,,False,,False,,,tar,7.5.21,"## Summary
`node-tar` (npm `tar`) contains an uncontrolled-recursion stack-exhaustion DoS in the internal `mapHas` helper used by `filesFilter`. When a consumer calls `tar.t(...)` or `tar.x(...)` with a non-empty member-selection list, node-tar installs a filter that closes over the recursive `mapHas` (`src/list.ts:33-44`). `mapHas` walks an entry path upward one `path.dirname()` call per recursion **with no segment cap**. A single crafted tar with a GNU-`L` (or PAX-`x`) long-path header can deliver a path of tens of thousands of `/`-separated segments (up to `maxMetaEntrySize` = 1 MiB). The recursion overflows the call stack, throwing an uncatchable `RangeError` that terminates the Node process on async/streaming consumers.

## Root Cause
`filesFilter` (`src/list.ts:27-51`) is installed whenever a caller passes a member-selection list (`src/list.ts:119-122`, `src/extract.ts:55-57`). Its filter is invoked at `src/parse.ts:253` (`entry.ignore = entry.ignore || !this.filter(entry.path, entry)`) inside `Parser[CONSUMEHEADER]` — and crucially **outside** the only try/catch in that method (which wraps `new Header` at `src/parse.ts:179-183`). `mapHas` recurses once per path segment with no depth limit. The `Unpack` `maxDepth` guard (`src/unpack.ts:342`, in `[CHECKPATH]`) only runs on the `'entry'` event, which fires *after* `CONSUMEHEADER` has already invoked the filter — so the stack overflows before any depth guard executes. `tar.t` (list) has no `maxDepth` at all.

## Impact
Unauthenticated, remotely-triggerable denial of service: a ~188-byte gzip (≈26 KB tar) crashes any service that lists or extracts *selected members* from an untrusted archive (package registries, CI artifact/cache restore, upload processors). On async (`await tar.t(...)`/`tar.x(...)`) and streaming/`pipe` consumers the `RangeError` escapes the promise as an `uncaughtException` and terminates the process — standard defensive `try/catch` around the async call does NOT prevent it. (The synchronous API is catchable; the async/stream paths — the dominant server pattern — are not.)

## Proof of Concept
```js
// Build a tar whose single entry has a GNU-L long path of ~12,000 ""a/"" segments (~26 KB),
// gzip it (≈188 bytes), then have a consumer list/extract with member selection:
const tar = require('tar');
await tar.t({ file: 'evil.tar.gz', gzip: true }, ['some-member']); // -> RangeError, process exit
```
Empirically reproduced on Node v24.18.0 against built `dist/commonjs` of node-tar 7.5.20: 188-byte gzip → 26,112-byte tar (12,000 segments) → uncaught `RangeError: Maximum call stack size exceeded` → process exit. A control run with no member-selection list (filter not installed) parses cleanly (exit 0), isolating `mapHas` as the sole cause.

## Attack Chain
1. **Entry.** Attacker crafts a tar with a GNU `L` (or PAX `x`) long-path header whose body is `""a/""`×~12000 (~26 KB), followed by a normal file entry.
   - **Guard:** `maxMetaEntrySize` caps the meta body at 1 MiB (`src/parse.ts:241`).
   - **Bypass proof:** 26 KB ≪ 1 MiB → accepted (verified: 26 KB archive parsed up to the filter).
2. **Trigger.** Victim service calls `tar.t({file},[sel])` or `tar.x({file,cwd},[sel])` (member selection — a documented, common API).
   - **Guard:** `Unpack.maxDepth` (default 1024) at `src/unpack.ts:342`; decompression-ratio guard.
   - **Bypass proof:** `maxDepth` lives in `[CHECKPATH]` on the `'entry'` event, which fires *after* `CONSUMEHEADER`'s filter call — the crash occurs before it (extract exits 1 with default maxDepth). `tar.t` has no maxDepth. Ratio is ~139× (trivial); no total-bytes cap applies to the uncompressed meta body.
3. **Sink.** `this.filter(entry.path)` → `mapHas` recurses once per `/` segment (`src/list.ts:39`).
   - **Guard:** try/catch in `CONSUMEHEADER`.
   - **Bypass proof:** the only try/catch wraps `new Header` (`src/parse.ts:179-183`); the `this.filter(...)` call at `src/parse.ts:253` is outside it. The `RangeError` propagates out of the stream write/`'data'` path → uncaught exception (verified: `process.on('uncaughtException')` fires; async `await`+`try/catch` does NOT intercept).
4. **Impact.** Node process termination; a 188-byte gzip crashes any consumer that lists/extracts selected members from untrusted archives.

## Bypass Evidence
- `mapHas` recursion is member-name-independent: the crash fires even when the requested members do not match the malicious entry path — the attacker only needs the consumer to *use* member selection.
- Standalone `mapHas` overflows at 20k–30k segments; on the real streaming path (atop `write → CONSUMECHUNK → CONSUMEHEADER → filter`) it crashes at ≤8k segments (finder's ~12k estimate is accurate for the reachable path).
- Control (no member list → no filter) parses cleanly (exit 0), isolating `mapHas`.

## Affected Versions
`<= 7.5.20` (npm `tar`). `mapHas` present verbatim on tag `v7.5.20` (latest GitHub release and npm `dist-tag latest`); no segment/depth cap in `src/list.ts` or the `CONSUMEHEADER` filter path; HEAD == 7.5.20, no unreleased fix.

## Suggested Fix
Rewrite `mapHas` iteratively (walk `dirname` in a `while` loop with a segment/visited cap), or enforce a hard path-segment limit in `Header`/`Parser` independent of `maxMetaEntrySize`, applied before any per-entry filter runs.

## Dedup Note
Distinct from CVE-2024-28863 / GHSA-f5x3-32g6-qm9j ""lack of folders depth validation"" (that bounds `mkdir` recursion during *extraction* via `maxDepth` in `Unpack[CHECKPATH]` on the `'entry'` event — a different sink, code path, and fix; runs after the filter and does not apply to `tar.t`). Also distinct from the PAX NUL/numeric-path crash advisories (improper-input-to-fs / type confusion, not recursion) and the gzip-bomb advisory (resource exhaustion on disk writes). None touch `list.ts`/`filesFilter`/`mapHas` or require member selection.

---
Reported by **zx (Jace)** — GitHub: @manus-use","[first_aid] Apply the vendor security patch for GHSA-r292-9mhp-454m; if unavailable, isolate the container and restrict egress. | [full_remediation] Upgrade package tar from 4.4.19 to 7.5.21 (fixed version) in the image and rebuild/redeploy. | [scanner_guidance] Upgrade tar from 4.4.19 to 7.5.21"
444,27.5,P4,720,appsec-legacy,bwapp,trivy,php: Type confusion vulnerability in make_http_soap_request(),medium,CVE-2016-3185,CWE-20,raesene/bwapp:latest (ubuntu 14.04),,,,,False,,False,,0.0,libapache2-mod-php5,5.5.9+dfsg-1ubuntu4.16,"The make_http_soap_request function in ext/soap/php_http.c in PHP before 5.4.44, 5.5.x before 5.5.28, 5.6.x before 5.6.12, and 7.x before 7.0.4 allows remote attackers to obtain sensitive information from process memory or cause a denial of service (type confusion and application crash) via crafted serialized _cookies data, related to the SoapClient::__call method in ext/soap/soap.c.","[first_aid] Apply the vendor security patch for CVE-2016-3185; if unavailable, isolate the container and restrict egress. | [full_remediation] Upgrade package libapache2-mod-php5 from 5.5.9+dfsg-1ubuntu4.14 to 5.5.9+dfsg-1ubuntu4.16 (fixed version) in the image a | [scanner_guidance] Upgrade libapache2-mod-php5 from 5.5.9+dfsg-1ubuntu4.14 to 5.5.9+dfsg-1ubuntu4.16"
445,27.5,P4,720,appsec-legacy,bwapp,trivy,php: Out-of-bounds read in phar_parse_pharfile,medium,CVE-2017-11147,CWE-125,raesene/bwapp:latest (ubuntu 14.04),,,,,False,,False,,0.0,libapache2-mod-php5,5.5.9+dfsg-1ubuntu4.22,"In PHP before 5.6.30 and 7.x before 7.0.15, the PHAR archive handler could be used by attackers supplying malicious archive files to crash the PHP interpreter or potentially disclose information due to a buffer over-read in the phar_parse_pharfile function in ext/phar/phar.c.","[first_aid] Apply the vendor security patch for CVE-2017-11147; if unavailable, isolate the container and restrict egress. | [full_remediation] Upgrade package libapache2-mod-php5 from 5.5.9+dfsg-1ubuntu4.14 to 5.5.9+dfsg-1ubuntu4.22 (fixed version) in the image a | [scanner_guidance] Upgrade libapache2-mod-php5 from 5.5.9+dfsg-1ubuntu4.14 to 5.5.9+dfsg-1ubuntu4.22"
446,27.5,P4,720,appsec-legacy,bwapp,trivy,php: Out-of-bounds memory read via gdImageRotateInterpolated,low,CVE-2016-1903,CWE-119,raesene/bwapp:latest (ubuntu 14.04),,,,,False,,False,,0.0,libapache2-mod-php5,5.5.9+dfsg-1ubuntu4.16,"The gdImageRotateInterpolated function in ext/gd/libgd/gd_interpolation.c in PHP before 5.5.31, 5.6.x before 5.6.17, and 7.x before 7.0.2 allows remote attackers to obtain sensitive information or cause a denial of service (out-of-bounds read and application crash) via a large bgd_color argument to the imagerotate function.","[first_aid] Apply the vendor security patch for CVE-2016-1903; if unavailable, isolate the container and restrict egress. | [full_remediation] Upgrade package libapache2-mod-php5 from 5.5.9+dfsg-1ubuntu4.14 to 5.5.9+dfsg-1ubuntu4.16 (fixed version) in the image a | [scanner_guidance] Upgrade libapache2-mod-php5 from 5.5.9+dfsg-1ubuntu4.14 to 5.5.9+dfsg-1ubuntu4.16"
447,27.5,P4,720,appsec-legacy,bwapp,trivy,php: Out-of-bounds read in phar_parse_zipfile(),low,CVE-2016-3142,CWE-119,raesene/bwapp:latest (ubuntu 14.04),,,,,False,,False,,0.0,libapache2-mod-php5,5.5.9+dfsg-1ubuntu4.16,The phar_parse_zipfile function in zip.c in the PHAR extension in PHP before 5.5.33 and 5.6.x before 5.6.19 allows remote attackers to obtain sensitive information from process memory or cause a denial of service (out-of-bounds read and application crash) by placing a PK\x05\x06 signature at an invalid location.,"[first_aid] Apply the vendor security patch for CVE-2016-3142; if unavailable, isolate the container and restrict egress. | [full_remediation] Upgrade package libapache2-mod-php5 from 5.5.9+dfsg-1ubuntu4.14 to 5.5.9+dfsg-1ubuntu4.16 (fixed version) in the image a | [scanner_guidance] Upgrade libapache2-mod-php5 from 5.5.9+dfsg-1ubuntu4.14 to 5.5.9+dfsg-1ubuntu4.16"
448,27.5,P4,720,appsec-legacy,bwapp,trivy,glibc: Segmentation fault caused by passing out-of-range data to strftime(),low,CVE-2015-8776,CWE-189,raesene/bwapp:latest (ubuntu 14.04),,,,,False,,False,,0.0,libc-bin,2.19-0ubuntu6.8,The strftime function in the GNU C Library (aka glibc or libc6) before 2.23 allows context-dependent attackers to cause a denial of service (application crash) or possibly obtain sensitive information via an out-of-range time value.,"[first_aid] Apply the vendor security patch for CVE-2015-8776; if unavailable, isolate the container and restrict egress. | [full_remediation] Upgrade package libc-bin from 2.19-0ubuntu6.6 to 2.19-0ubuntu6.8 (fixed version) in the image and rebuild/redeploy. | [scanner_guidance] Upgrade libc-bin from 2.19-0ubuntu6.6 to 2.19-0ubuntu6.8"
449,27.5,P4,720,appsec-legacy,bwapp,trivy,curl: Out-of-bounds heap read when missing RTSP headers allows information leak or denial of service,medium,CVE-2018-1000301,CWE-125,raesene/bwapp:latest (ubuntu 14.04),,,,,False,,False,,0.0,libcurl3-gnutls,7.35.0-1ubuntu2.16,curl version curl 7.20.0 to and including curl 7.59.0 contains a CWE-126: Buffer Over-read vulnerability in denial of service that can result in curl can be tricked into reading data beyond the end of a heap based buffer used to store downloaded RTSP content.. This vulnerability appears to have been fixed in curl < 7.20.0 and curl >= 7.60.0.,"[first_aid] Apply the vendor security patch for CVE-2018-1000301; if unavailable, isolate the container and restrict egress. | [full_remediation] Upgrade package libcurl3-gnutls from 7.35.0-1ubuntu2.6 to 7.35.0-1ubuntu2.16 (fixed version) in the image and rebuild/re | [scanner_guidance] Upgrade libcurl3-gnutls from 7.35.0-1ubuntu2.6 to 7.35.0-1ubuntu2.16"
450,27.5,P4,720,appsec-legacy,bwapp,trivy,curl: Heap-based buffer over-read in the curl tool warning formatting,medium,CVE-2018-16842,CWE-125,raesene/bwapp:latest (ubuntu 14.04),,,,,False,,False,,0.0,libcurl3-gnutls,7.35.0-1ubuntu2.19,Curl versions 7.14.1 through 7.61.1 are vulnerable to a heap-based buffer over-read in the tool_msgs.c:voutf() function that may result in information exposure and denial of service.,"[first_aid] Apply the vendor security patch for CVE-2018-16842; if unavailable, isolate the container and restrict egress. | [full_remediation] Upgrade package libcurl3-gnutls from 7.35.0-1ubuntu2.6 to 7.35.0-1ubuntu2.19 (fixed version) in the image and rebuild/re | [scanner_guidance] Upgrade libcurl3-gnutls from 7.35.0-1ubuntu2.6 to 7.35.0-1ubuntu2.19"
451,27.5,P4,720,appsec-legacy,bwapp,trivy,php: Regular Expression Uninitialized Pointer Information Disclosure Vulnerability (ZDI-CAN-2547),low,CVE-2015-8382,CWE-119,raesene/bwapp:latest (ubuntu 14.04),,,,,False,,False,,0.0,libpcre3,1:8.31-2ubuntu2.2,"The match function in pcre_exec.c in PCRE before 8.37 mishandles the /(?:((abcd))|(((?:(?:(?:(?:abc|(?:abcdef))))b)abcdefghi)abc)|((*ACCEPT)))/ pattern and related patterns involving (*ACCEPT), which allows remote attackers to obtain sensitive information from process memory or cause a denial of service (partially initialized memory and application crash) via a crafted regular expression, as demonstrated by a JavaScript RegExp object encountered by Konqueror, aka ZDI-CAN-2547.","[first_aid] Apply the vendor security patch for CVE-2015-8382; if unavailable, isolate the container and restrict egress. | [full_remediation] Upgrade package libpcre3 from 1:8.31-2ubuntu2.1 to 1:8.31-2ubuntu2.2 (fixed version) in the image and rebuild/redeploy. | [scanner_guidance] Upgrade libpcre3 from 1:8.31-2ubuntu2.1 to 1:8.31-2ubuntu2.2"
452,27.5,P4,720,appsec-legacy,bwapp,trivy,ntp: Mode 6 unauthenticated trap information disclosure and DDoS vector,low,CVE-2016-9310,CWE-400,raesene/bwapp:latest (ubuntu 14.04),,,,,False,,False,,0.0,ntpdate,1:4.2.6.p5+dfsg-3ubuntu2.14.04.11,The control mode (mode 6) functionality in ntpd in NTP before 4.2.8p9 allows remote attackers to set or unset traps via a crafted control mode packet.,"[first_aid] Apply the vendor security patch for CVE-2016-9310; if unavailable, isolate the container and restrict egress. | [full_remediation] Upgrade package ntpdate from 1:4.2.6.p5+dfsg-3ubuntu2.14.04.6 to 1:4.2.6.p5+dfsg-3ubuntu2.14.04.11 (fixed version) in th | [scanner_guidance] Upgrade ntpdate from 1:4.2.6.p5+dfsg-3ubuntu2.14.04.6 to 1:4.2.6.p5+dfsg-3ubuntu2.14.04.11"
453,27.5,P4,720,appsec-legacy,bwapp,trivy,perl: Heap-based buffer read overflow in S_grok_bslash_N(),medium,CVE-2018-18313,CWE-125,raesene/bwapp:latest (ubuntu 14.04),,,,,False,,False,,0.0,perl,5.18.2-2ubuntu1.7,Perl before 5.26.3 has a buffer over-read via a crafted regular expression that triggers disclosure of sensitive information from process memory.,"[first_aid] Apply the vendor security patch for CVE-2018-18313; if unavailable, isolate the container and restrict egress. | [full_remediation] Upgrade package perl from 5.18.2-2ubuntu1 to 5.18.2-2ubuntu1.7 (fixed version) in the image and rebuild/redeploy. | [scanner_guidance] Upgrade perl from 5.18.2-2ubuntu1 to 5.18.2-2ubuntu1.7"
454,27.0,P4,720,appsec-node,nodegoat,trivy,nodejs-debug: Regular expression Denial of Service,low,CVE-2017-16137,CWE-400,Node.js,,,,,False,,False,,0.0,debug,"2.6.9, 3.1.0, 3.2.7, 4.3.1",The debug module is vulnerable to regular expression denial of service when untrusted user input is passed into the o formatter. It takes around 50k characters to block for 2 seconds making this a low severity issue.,"[first_aid] Apply the vendor security patch for CVE-2017-16137; if unavailable, isolate the container and restrict egress. | [full_remediation] Upgrade package debug from 2.2.0 to 2.6.9, 3.1.0, 3.2.7, 4.3.1 (fixed version) in the image and rebuild/redeploy. | [scanner_guidance] Upgrade debug from 2.2.0 to 2.6.9, 3.1.0, 3.2.7, 4.3.1"
455,27.0,P4,720,appsec-node,nodegoat,trivy,express: Improper Input Handling in Express Redirects,low,CVE-2024-43796,CWE-79,Node.js,,,,,False,,False,,0.456,express,"4.20.0, 5.0.0","Express.js minimalist web framework for node. In express < 4.20.0, passing untrusted user input - even after sanitizing it - to response.redirect() may execute untrusted code. This issue is patched in express 4.20.0.","[first_aid] Apply the vendor security patch for CVE-2024-43796; if unavailable, isolate the container and restrict egress. | [full_remediation] Upgrade package express from 4.16.4 to 4.20.0, 5.0.0 (fixed version) in the image and rebuild/redeploy. | [scanner_guidance] Upgrade express from 4.16.4 to 4.20.0, 5.0.0"
456,27.0,P4,720,appsec-node,nodegoat,trivy,nodejs-got: missing verification of requested URLs allows redirects to UNIX sockets,medium,CVE-2022-33987,,Node.js,,,,,False,,False,,,got,"12.1.0, 11.8.5",The got package before 12.1.0 (also fixed in 11.8.5) for Node.js allows a redirect to a UNIX socket.,"[first_aid] Apply the vendor security patch for CVE-2022-33987; if unavailable, isolate the container and restrict egress. | [full_remediation] Upgrade package got from 6.7.1 to 12.1.0, 11.8.5 (fixed version) in the image and rebuild/redeploy. | [scanner_guidance] Upgrade got from 6.7.1 to 12.1.0, 11.8.5"
457,27.0,P4,720,appsec-node,nodegoat,trivy,inflect vulnerable to Inefficient Regular Expression Complexity,high,CVE-2021-3820,CWE-1333,Node.js,,,,,False,,False,,0.0,i,0.3.7,inflect is vulnerable to Inefficient Regular Expression Complexity,"[first_aid] Apply the vendor security patch for CVE-2021-3820; if unavailable, isolate the container and restrict egress. | [full_remediation] Upgrade package i from 0.3.6 to 0.3.7 (fixed version) in the image and rebuild/redeploy. | [scanner_guidance] Upgrade i from 0.3.6 to 0.3.7"
458,27.0,P4,720,appsec-node,nodegoat,trivy,nodejs-kind-of: ctorName in index.js allows external user input to overwrite certain internal attributes,high,CVE-2019-20149,CWE-668,Node.js,,,,,False,,False,,0.0,kind-of,6.0.3,"ctorName in index.js in kind-of v6.0.2 allows external user input to overwrite certain internal attributes via a conflicting name, as demonstrated by 'constructor': {'name':'Symbol'}. Hence, a crafted payload can overwrite this builtin attribute to manipulate the type detection result.","[first_aid] Apply the vendor security patch for CVE-2019-20149; if unavailable, isolate the container and restrict egress. | [full_remediation] Upgrade package kind-of from 6.0.2 to 6.0.3 (fixed version) in the image and rebuild/redeploy. | [scanner_guidance] Upgrade kind-of from 6.0.2 to 6.0.3"
459,27.0,P4,720,appsec-node,nodegoat,trivy,The marked module is vulnerable to a regular expression denial of serv ...,high,CVE-2017-16114,CWE-400,Node.js,,,,,False,,False,,0.0,marked,0.3.9,"The marked module is vulnerable to a regular expression denial of service. Based on the information published in the public issue, 1k characters can block for around 6 seconds.","[first_aid] Apply the vendor security patch for CVE-2017-16114; if unavailable, isolate the container and restrict egress. | [full_remediation] Upgrade package marked from 0.3.5 to 0.3.9 (fixed version) in the image and rebuild/redeploy. | [scanner_guidance] Upgrade marked from 0.3.5 to 0.3.9"
460,27.0,P4,720,appsec-node,nodegoat,trivy,marked: regular expression block.def may lead Denial of Service,high,CVE-2022-21680,CWE-400,Node.js,,,,,False,,False,,0.0,marked,4.0.10,"Marked is a markdown parser and compiler. Prior to version 4.0.10, the regular expression `block.def` may cause catastrophic backtracking against some strings and lead to a regular expression denial of service (ReDoS). Anyone who runs untrusted markdown through a vulnerable version of marked and does not use a worker with a time limit may be affected. This issue is patched in version 4.0.10. As a workaround, avoid running untrusted markdown through marked or run marked on a worker thread and set a reasonable time limit to prevent draining resources.","[first_aid] Apply the vendor security patch for CVE-2022-21680; if unavailable, isolate the container and restrict egress. | [full_remediation] Upgrade package marked from 0.3.5 to 4.0.10 (fixed version) in the image and rebuild/redeploy. | [scanner_guidance] Upgrade marked from 0.3.5 to 4.0.10"
461,27.0,P4,720,appsec-node,nodegoat,trivy,nconf: Prototype pollution in memory store,high,CVE-2022-21803,CWE-1321,Node.js,,,,,False,,False,,0.0,nconf,0.11.4,"This affects the package nconf before 0.11.4. When using the memory engine, it is possible to store a nested JSON representation of the configuration. The .set() function, that is responsible for setting the configuration properties, is vulnerable to Prototype Pollution. By providing a crafted property, it is possible to modify the properties on the Object.prototype.","[first_aid] Apply the vendor security patch for CVE-2022-21803; if unavailable, isolate the container and restrict egress. | [full_remediation] Upgrade package nconf from 0.10.0 to 0.11.4 (fixed version) in the image and rebuild/redeploy. | [scanner_guidance] Upgrade nconf from 0.10.0 to 0.11.4"
462,26.7,P4,720,appsec-legacy,bwapp,trivy,httpd: CRLF injection allowing HTTP response splitting attacks for sites which use mod_userdir,low,CVE-2016-4975,CWE-93,raesene/bwapp:latest (ubuntu 14.04),,,,,False,,False,,0.0,apache2,2.4.7-1ubuntu4.15,"Possible CRLF injection allowing HTTP response splitting attacks for sites which use mod_userdir. This issue was mitigated by changes made in 2.4.25 and 2.2.32 which prohibit CR or LF injection into the ""Location"" or other outbound header key or value. Fixed in Apache HTTP Server 2.4.25 (Affected 2.4.1-2.4.23). Fixed in Apache HTTP Server 2.2.32 (Affected 2.2.0-2.2.31).","[first_aid] Apply the vendor security patch for CVE-2016-4975; if unavailable, isolate the container and restrict egress. | [full_remediation] Upgrade package apache2 from 2.4.7-1ubuntu4.9 to 2.4.7-1ubuntu4.15 (fixed version) in the image and rebuild/redeploy. | [scanner_guidance] Upgrade apache2 from 2.4.7-1ubuntu4.9 to 2.4.7-1ubuntu4.15"
463,26.5,P4,720,appsec-legacy,bwapp,trivy,httpd: mod_auth_digest: access control bypass due to race condition,medium,CVE-2019-0217,CWE-362,raesene/bwapp:latest (ubuntu 14.04),,,,,False,,False,,0.0,apache2,2.4.7-1ubuntu4.22,"In Apache HTTP Server 2.4 release 2.4.38 and prior, a race condition in mod_auth_digest when running in a threaded server could allow a user with valid credentials to authenticate using another username, bypassing configured access control restrictions.","[first_aid] Apply the vendor security patch for CVE-2019-0217; if unavailable, isolate the container and restrict egress. | [full_remediation] Upgrade package apache2 from 2.4.7-1ubuntu4.9 to 2.4.7-1ubuntu4.22 (fixed version) in the image and rebuild/redeploy. | [scanner_guidance] Upgrade apache2 from 2.4.7-1ubuntu4.9 to 2.4.7-1ubuntu4.22"
464,26.5,P4,720,appsec-legacy,bwapp,zap,Application Error Disclosure,medium,,CWE-550,http://bwapp,,,,,False,,False,,0.0,,,<p>This page contains an error/warning message that may disclose sensitive information like the location of the file that produced the unhandled exception. This information can be used to launch further attacks against the web application. The alert could be a false positive if the error message is found inside a documentation page.</p>,"[first_aid] Disable or restrict the affected functionality/endpoint at the perimeter (WAF rule, network ACL, feature flag) while the | [full_remediation] Patch or upgrade the affected component to the latest fixed version and re-run the scan to confirm the finding is gone. | [scanner_guidance] <p>Review the source code of this page. Implement custom error pages. Consider implementing a mechanism to provide a uni"
465,26.3,P4,720,appsec-legacy,bwapp,trivy,expat: Using XML_Parse before rand() results into non-random output,medium,CVE-2012-6702,CWE-310,raesene/bwapp:latest (ubuntu 14.04),,,,,False,,False,,0.0,libexpat1,2.1.0-4ubuntu1.3,"Expat, when used in a parser that has not called XML_SetHashSalt or passed it a seed of 0, makes it easier for context-dependent attackers to defeat cryptographic protection mechanisms via vectors involving use of the srand function.","[first_aid] Apply the vendor security patch for CVE-2012-6702; if unavailable, isolate the container and restrict egress. | [full_remediation] Upgrade package libexpat1 from 2.1.0-4ubuntu1.1 to 2.1.0-4ubuntu1.3 (fixed version) in the image and rebuild/redeploy. | [scanner_guidance] Upgrade libexpat1 from 2.1.0-4ubuntu1.1 to 2.1.0-4ubuntu1.3"
466,26.3,P4,720,appsec-legacy,bwapp,trivy,openssl: certificate message OOB reads,medium,CVE-2016-6306,CWE-125,raesene/bwapp:latest (ubuntu 14.04),,,,,False,,False,,0.0,libssl1.0.0,1.0.1f-1ubuntu2.20,"The certificate parser in OpenSSL before 1.0.1u and 1.0.2 before 1.0.2i might allow remote attackers to cause a denial of service (out-of-bounds read) via crafted certificate operations, related to s3_clnt.c and s3_srvr.c.","[first_aid] Apply the vendor security patch for CVE-2016-6306; if unavailable, isolate the container and restrict egress. | [full_remediation] Upgrade package libssl1.0.0 from 1.0.1f-1ubuntu2.16 to 1.0.1f-1ubuntu2.20 (fixed version) in the image and rebuild/redep | [scanner_guidance] Upgrade libssl1.0.0 from 1.0.1f-1ubuntu2.16 to 1.0.1f-1ubuntu2.20"
467,26.3,P4,720,appsec-legacy,bwapp,trivy,openssl: timing side channel attack in the DSA signature algorithm,low,CVE-2018-0734,CWE-327,raesene/bwapp:latest (ubuntu 14.04),,,,,False,,False,,0.0,libssl1.0.0,1.0.1f-1ubuntu2.27,The OpenSSL DSA signature algorithm has been shown to be vulnerable to a timing side channel attack. An attacker could use variations in the signing algorithm to recover the private key. Fixed in OpenSSL 1.1.1a (Affected 1.1.1). Fixed in OpenSSL 1.1.0j (Affected 1.1.0-1.1.0i). Fixed in OpenSSL 1.0.2q (Affected 1.0.2-1.0.2p).,"[first_aid] Apply the vendor security patch for CVE-2018-0734; if unavailable, isolate the container and restrict egress. | [full_remediation] Upgrade package libssl1.0.0 from 1.0.1f-1ubuntu2.16 to 1.0.1f-1ubuntu2.27 (fixed version) in the image and rebuild/redep | [scanner_guidance] Upgrade libssl1.0.0 from 1.0.1f-1ubuntu2.16 to 1.0.1f-1ubuntu2.27"
468,26.3,P4,720,appsec-legacy,bwapp,trivy,openssl: RSA key generation cache timing vulnerability in crypto/rsa/rsa_gen.c allows attackers to recover private keys,low,CVE-2018-0737,CWE-327,raesene/bwapp:latest (ubuntu 14.04),,,,,False,,False,,0.0,libssl1.0.0,1.0.1f-1ubuntu2.26,The OpenSSL RSA Key generation algorithm has been shown to be vulnerable to a cache timing side channel attack. An attacker with sufficient access to mount cache timing attacks during the RSA key generation process could recover the private key. Fixed in OpenSSL 1.1.0i-dev (Affected 1.1.0-1.1.0h). Fixed in OpenSSL 1.0.2p-dev (Affected 1.0.2b-1.0.2o).,"[first_aid] Apply the vendor security patch for CVE-2018-0737; if unavailable, isolate the container and restrict egress. | [full_remediation] Upgrade package libssl1.0.0 from 1.0.1f-1ubuntu2.16 to 1.0.1f-1ubuntu2.26 (fixed version) in the image and rebuild/redep | [scanner_guidance] Upgrade libssl1.0.0 from 1.0.1f-1ubuntu2.16 to 1.0.1f-1ubuntu2.26"
469,26.3,P4,720,appsec-legacy,bwapp,trivy,ntp: potential infinite loop in ntpq,low,CVE-2015-8158,,raesene/bwapp:latest (ubuntu 14.04),,,,,False,,False,,,ntpdate,1:4.2.6.p5+dfsg-3ubuntu2.14.04.10,The getresponse function in ntpq in NTP versions before 4.2.8p9 and 4.3.x before 4.3.90 allows remote attackers to cause a denial of service (infinite loop) via crafted packets with incorrect values.,"[first_aid] Apply the vendor security patch for CVE-2015-8158; if unavailable, isolate the container and restrict egress. | [full_remediation] Upgrade package ntpdate from 1:4.2.6.p5+dfsg-3ubuntu2.14.04.6 to 1:4.2.6.p5+dfsg-3ubuntu2.14.04.10 (fixed version) in th | [scanner_guidance] Upgrade ntpdate from 1:4.2.6.p5+dfsg-3ubuntu2.14.04.6 to 1:4.2.6.p5+dfsg-3ubuntu2.14.04.10"
470,26.3,P4,720,appsec-legacy,bwapp,trivy,ntp: autokey association reset,low,CVE-2016-4955,CWE-362,raesene/bwapp:latest (ubuntu 14.04),,,,,False,,False,,0.0,ntpdate,1:4.2.6.p5+dfsg-3ubuntu2.14.04.10,"ntpd in NTP 4.x before 4.2.8p8, when autokey is enabled, allows remote attackers to cause a denial of service (peer-variable clearing and association outage) by sending (1) a spoofed crypto-NAK packet or (2) a packet with an incorrect MAC value at a certain time.","[first_aid] Apply the vendor security patch for CVE-2016-4955; if unavailable, isolate the container and restrict egress. | [full_remediation] Upgrade package ntpdate from 1:4.2.6.p5+dfsg-3ubuntu2.14.04.6 to 1:4.2.6.p5+dfsg-3ubuntu2.14.04.10 (fixed version) in th | [scanner_guidance] Upgrade ntpdate from 1:4.2.6.p5+dfsg-3ubuntu2.14.04.6 to 1:4.2.6.p5+dfsg-3ubuntu2.14.04.10"
471,26.3,P4,720,appsec-legacy,bwapp,trivy,ntp: Null pointer dereference when trap service is enabled,low,CVE-2016-9311,CWE-476,raesene/bwapp:latest (ubuntu 14.04),,,,,False,,False,,0.0,ntpdate,1:4.2.6.p5+dfsg-3ubuntu2.14.04.11,"ntpd in NTP before 4.2.8p9, when the trap service is enabled, allows remote attackers to cause a denial of service (NULL pointer dereference and crash) via a crafted packet.","[first_aid] Apply the vendor security patch for CVE-2016-9311; if unavailable, isolate the container and restrict egress. | [full_remediation] Upgrade package ntpdate from 1:4.2.6.p5+dfsg-3ubuntu2.14.04.6 to 1:4.2.6.p5+dfsg-3ubuntu2.14.04.11 (fixed version) in th | [scanner_guidance] Upgrade ntpdate from 1:4.2.6.p5+dfsg-3ubuntu2.14.04.6 to 1:4.2.6.p5+dfsg-3ubuntu2.14.04.11"
472,26.3,P4,720,appsec-legacy,bwapp,trivy,openssh: User enumeration via covert timing channel,low,CVE-2016-6210,CWE-200,raesene/bwapp:latest (ubuntu 14.04),,,,,False,,False,,0.513,openssh-client,1:6.6p1-2ubuntu2.8,"sshd in OpenSSH before 7.3, when SHA256 or SHA512 are used for user password hashing, uses BLOWFISH hashing on a static password when the username does not exist, which allows remote attackers to enumerate users by leveraging the timing difference between responses when a large password is provided.","[first_aid] Apply the vendor security patch for CVE-2016-6210; if unavailable, isolate the container and restrict egress. | [full_remediation] Upgrade package openssh-client from 1:6.6p1-2ubuntu2.6 to 1:6.6p1-2ubuntu2.8 (fixed version) in the image and rebuild/re | [scanner_guidance] Upgrade openssh-client from 1:6.6p1-2ubuntu2.6 to 1:6.6p1-2ubuntu2.8"
473,26.3,P4,720,appsec-node,nodegoat,trivy,send: Code Execution Vulnerability in Send Library,low,CVE-2024-43799,CWE-79,Node.js,,,,,False,,False,,0.456,send,0.19.0,Send is a library for streaming files from the file system as a http response. Send passes untrusted user input to SendStream.redirect() which executes untrusted code. This issue is patched in send 0.19.0.,"[first_aid] Apply the vendor security patch for CVE-2024-43799; if unavailable, isolate the container and restrict egress. | [full_remediation] Upgrade package send from 0.16.2 to 0.19.0 (fixed version) in the image and rebuild/redeploy. | [scanner_guidance] Upgrade send from 0.16.2 to 0.19.0"
474,26.3,P4,720,appsec-node,nodegoat,trivy,serve-static: Improper Sanitization in serve-static,low,CVE-2024-43800,CWE-79,Node.js,,,,,False,,False,,0.456,serve-static,"1.16.0, 2.1.0",serve-static serves static files. serve-static passes untrusted user input - even after sanitizing it - to redirect() may execute untrusted code. This issue is patched in serve-static 1.16.0.,"[first_aid] Apply the vendor security patch for CVE-2024-43800; if unavailable, isolate the container and restrict egress. | [full_remediation] Upgrade package serve-static from 1.13.2 to 1.16.0, 2.1.0 (fixed version) in the image and rebuild/redeploy. | [scanner_guidance] Upgrade serve-static from 1.13.2 to 1.16.0, 2.1.0"
475,26.0,P4,720,appsec-legacy,bwapp,trivy,pam: path traversal issue in pam_timestamp's format_timestamp_name(),low,CVE-2014-2583,CWE-22,raesene/bwapp:latest (ubuntu 14.04),,,,,False,,False,,0.798,libpam-modules,1.1.8-1ubuntu2.1,"Multiple directory traversal vulnerabilities in pam_timestamp.c in the pam_timestamp module for Linux-PAM (aka pam) 1.1.8 allow local users to create arbitrary files or possibly bypass authentication via a .. (dot dot) in the (1) PAM_RUSER value to the get_ruser function or (2) PAM_TTY value to the check_tty function, which is used by the format_timestamp_name function.","[first_aid] Apply the vendor security patch for CVE-2014-2583; if unavailable, isolate the container and restrict egress. | [full_remediation] Upgrade package libpam-modules from 1.1.8-1ubuntu2 to 1.1.8-1ubuntu2.1 (fixed version) in the image and rebuild/redeploy | [scanner_guidance] Upgrade libpam-modules from 1.1.8-1ubuntu2 to 1.1.8-1ubuntu2.1"
476,26.0,P4,720,appsec-legacy,bwapp,trivy,python: smtplib StartTLS stripping attack,medium,CVE-2016-0772,CWE-693,raesene/bwapp:latest (ubuntu 14.04),,,,,False,,False,,0.0,libpython2.7-minimal,2.7.6-8ubuntu0.3,"The smtplib library in CPython (aka Python) before 2.7.12, 3.x before 3.4.5, and 3.5.x before 3.5.2 does not return an error when StartTLS fails, which might allow man-in-the-middle attackers to bypass the TLS protections by leveraging a network position between the client and the registry to block the StartTLS command, aka a ""StartTLS stripping attack.""","[first_aid] Apply the vendor security patch for CVE-2016-0772; if unavailable, isolate the container and restrict egress. | [full_remediation] Upgrade package libpython2.7-minimal from 2.7.6-8ubuntu0.2 to 2.7.6-8ubuntu0.3 (fixed version) in the image and rebuild/ | [scanner_guidance] Upgrade libpython2.7-minimal from 2.7.6-8ubuntu0.2 to 2.7.6-8ubuntu0.3"
477,26.0,P4,720,appsec-legacy,bwapp,trivy,CGIHandler: sets environmental variable based on user supplied Proxy request header,medium,CVE-2016-1000110,CWE-601,raesene/bwapp:latest (ubuntu 14.04),,,,,False,,False,,0.0,libpython2.7-minimal,2.7.6-8ubuntu0.3,"The CGIHandler class in Python before 2.7.12 does not protect against the HTTP_PROXY variable name clash in a CGI script, which could allow a remote attacker to redirect HTTP requests.","[first_aid] Apply the vendor security patch for CVE-2016-1000110; if unavailable, isolate the container and restrict egress. | [full_remediation] Upgrade package libpython2.7-minimal from 2.7.6-8ubuntu0.2 to 2.7.6-8ubuntu0.3 (fixed version) in the image and rebuild/ | [scanner_guidance] Upgrade libpython2.7-minimal from 2.7.6-8ubuntu0.2 to 2.7.6-8ubuntu0.3"
478,26.0,P4,720,appsec-legacy,bwapp,trivy,libxml2: Heap-based buffer-overread in xmlNextChar,medium,CVE-2016-1762,CWE-119,raesene/bwapp:latest (ubuntu 14.04),,,,,False,,False,,0.0,libxml2,2.9.1+dfsg1-3ubuntu4.8,The xmlNextChar function in libxml2 before 2.9.4 allows remote attackers to cause a denial of service (heap-based buffer over-read) via a crafted XML document.,"[first_aid] Apply the vendor security patch for CVE-2016-1762; if unavailable, isolate the container and restrict egress. | [full_remediation] Upgrade package libxml2 from 2.9.1+dfsg1-3ubuntu4.7 to 2.9.1+dfsg1-3ubuntu4.8 (fixed version) in the image and rebuild/r | [scanner_guidance] Upgrade libxml2 from 2.9.1+dfsg1-3ubuntu4.7 to 2.9.1+dfsg1-3ubuntu4.8"
479,26.0,P4,720,appsec-legacy,bwapp,trivy,libxml2: Inappropriate fetch of entities content,low,CVE-2016-4449,CWE-20,raesene/bwapp:latest (ubuntu 14.04),,,,,False,,False,,0.0,libxml2,2.9.1+dfsg1-3ubuntu4.8,"XML external entity (XXE) vulnerability in the xmlStringLenDecodeEntities function in parser.c in libxml2 before 2.9.4, when not in validating mode, allows context-dependent attackers to read arbitrary files or cause a denial of service (resource consumption) via unspecified vectors.","[first_aid] Apply the vendor security patch for CVE-2016-4449; if unavailable, isolate the container and restrict egress. | [full_remediation] Upgrade package libxml2 from 2.9.1+dfsg1-3ubuntu4.7 to 2.9.1+dfsg1-3ubuntu4.8 (fixed version) in the image and rebuild/r | [scanner_guidance] Upgrade libxml2 from 2.9.1+dfsg1-3ubuntu4.7 to 2.9.1+dfsg1-3ubuntu4.8"
480,26.0,P4,720,appsec-legacy,bwapp,trivy,ntp: replay attack on authenticated broadcast mode,low,CVE-2015-7973,CWE-254,raesene/bwapp:latest (ubuntu 14.04),,,,,False,,False,,0.0,ntpdate,1:4.2.6.p5+dfsg-3ubuntu2.14.04.10,"NTP before 4.2.8p6 and 4.3.x before 4.3.90, when configured in broadcast mode, allows man-in-the-middle attackers to conduct replay attacks by sniffing the network.","[first_aid] Apply the vendor security patch for CVE-2015-7973; if unavailable, isolate the container and restrict egress. | [full_remediation] Upgrade package ntpdate from 1:4.2.6.p5+dfsg-3ubuntu2.14.04.6 to 1:4.2.6.p5+dfsg-3ubuntu2.14.04.10 (fixed version) in th | [scanner_guidance] Upgrade ntpdate from 1:4.2.6.p5+dfsg-3ubuntu2.14.04.6 to 1:4.2.6.p5+dfsg-3ubuntu2.14.04.10"
481,26.0,P4,720,appsec-legacy,bwapp,trivy,openssh: Improper validation of object names allows malicious server to overwrite files via scp client,low,CVE-2019-6111,CWE-22,raesene/bwapp:latest (ubuntu 14.04),,,,,False,,False,,0.798,openssh-client,1:6.6p1-2ubuntu2.13,"An issue was discovered in OpenSSH 7.9. Due to the scp implementation being derived from 1983 rcp, the server chooses which files/directories are sent to the client. However, the scp client only performs cursory validation of the object name returned (only directory traversal attacks are prevented). A malicious scp server (or Man-in-The-Middle attacker) can overwrite arbitrary files in the scp client target directory. If recursive operation (-r) is performed, the server can manipulate subdirectories as well (for example, to overwrite the .ssh/authorized_keys file).","[first_aid] Apply the vendor security patch for CVE-2019-6111; if unavailable, isolate the container and restrict egress. | [full_remediation] Upgrade package openssh-client from 1:6.6p1-2ubuntu2.6 to 1:6.6p1-2ubuntu2.13 (fixed version) in the image and rebuild/r | [scanner_guidance] Upgrade openssh-client from 1:6.6p1-2ubuntu2.6 to 1:6.6p1-2ubuntu2.13"
482,25.3,P4,720,appsec-legacy,bwapp,trivy,busybox: Integer overflow in the get_next_block function,low,CVE-2017-15873,CWE-190,raesene/bwapp:latest (ubuntu 14.04),,,,,False,,False,,0.0,busybox-initramfs,1:1.21.0-1ubuntu1.4,The get_next_block function in archival/libarchive/decompress_bunzip2.c in BusyBox 1.27.2 has an Integer Overflow that may lead to a write access violation.,"[first_aid] Apply the vendor security patch for CVE-2017-15873; if unavailable, isolate the container and restrict egress. | [full_remediation] Upgrade package busybox-initramfs from 1:1.21.0-1ubuntu1 to 1:1.21.0-1ubuntu1.4 (fixed version) in the image and rebuild | [scanner_guidance] Upgrade busybox-initramfs from 1:1.21.0-1ubuntu1 to 1:1.21.0-1ubuntu1.4"
483,25.3,P4,720,appsec-legacy,bwapp,trivy,git: Mishandling layers of tree objects,low,CVE-2017-15298,CWE-400,raesene/bwapp:latest (ubuntu 14.04),,,,,False,,False,,0.0,git,1:1.9.1-1ubuntu0.10,"Git through 2.14.2 mishandles layers of tree objects, which allows remote attackers to cause a denial of service (memory consumption) via a crafted repository, aka a Git bomb. This can also have an impact of disk consumption; however, an affected process typically would not survive its attempt to build the data structure in memory before writing to disk.","[first_aid] Apply the vendor security patch for CVE-2017-15298; if unavailable, isolate the container and restrict egress. | [full_remediation] Upgrade package git from 1:1.9.1-1ubuntu0.2 to 1:1.9.1-1ubuntu0.10 (fixed version) in the image and rebuild/redeploy. | [scanner_guidance] Upgrade git from 1:1.9.1-1ubuntu0.2 to 1:1.9.1-1ubuntu0.10"
484,25.3,P4,720,appsec-legacy,bwapp,trivy,php: exif: Buffer over-read in exif_process_IFD_in_MAKERNOTE(),low,CVE-2018-14851,CWE-125,raesene/bwapp:latest (ubuntu 14.04),,,,,False,,False,,0.0,libapache2-mod-php5,5.5.9+dfsg-1ubuntu4.26,"exif_process_IFD_in_MAKERNOTE in ext/exif/exif.c in PHP before 5.6.37, 7.0.x before 7.0.31, 7.1.x before 7.1.20, and 7.2.x before 7.2.8 allows remote attackers to cause a denial of service (out-of-bounds read and application crash) via a crafted JPEG file.","[first_aid] Apply the vendor security patch for CVE-2018-14851; if unavailable, isolate the container and restrict egress. | [full_remediation] Upgrade package libapache2-mod-php5 from 5.5.9+dfsg-1ubuntu4.14 to 5.5.9+dfsg-1ubuntu4.26 (fixed version) in the image a | [scanner_guidance] Upgrade libapache2-mod-php5 from 5.5.9+dfsg-1ubuntu4.14 to 5.5.9+dfsg-1ubuntu4.26"
485,25.3,P4,720,appsec-legacy,bwapp,trivy,glibc: LD_POINTER_GUARD in the environment is not sanitized,low,CVE-2015-8777,CWE-254,raesene/bwapp:latest (ubuntu 14.04),,,,,False,,False,,0.0,libc-bin,2.19-0ubuntu6.8,The process_envvars function in elf/rtld.c in the GNU C Library (aka glibc or libc6) before 2.23 allows local users to bypass a pointer-guarding protection mechanism via a zero value of the LD_POINTER_GUARD environment variable.,"[first_aid] Apply the vendor security patch for CVE-2015-8777; if unavailable, isolate the container and restrict egress. | [full_remediation] Upgrade package libc-bin from 2.19-0ubuntu6.6 to 2.19-0ubuntu6.8 (fixed version) in the image and rebuild/redeploy. | [scanner_guidance] Upgrade libc-bin from 2.19-0ubuntu6.6 to 2.19-0ubuntu6.8"
486,25.3,P4,720,appsec-legacy,bwapp,trivy,mysql: unspecified vulnerability in subcomponent: Server: DML (CPU April 2016),medium,CVE-2016-0646,,raesene/bwapp:latest (ubuntu 14.04),,,,,False,,False,,,libmysqlclient18,5.5.49-0ubuntu0.14.04.1,"Unspecified vulnerability in Oracle MySQL 5.5.47 and earlier, 5.6.28 and earlier, and 5.7.10 and earlier and MariaDB before 5.5.48, 10.0.x before 10.0.24, and 10.1.x before 10.1.12 allows local users to affect availability via vectors related to DML.","[first_aid] Apply the vendor security patch for CVE-2016-0646; if unavailable, isolate the container and restrict egress. | [full_remediation] Upgrade package libmysqlclient18 from 5.5.47-0ubuntu0.14.04.1 to 5.5.49-0ubuntu0.14.04.1 (fixed version) in the image an | [scanner_guidance] Upgrade libmysqlclient18 from 5.5.47-0ubuntu0.14.04.1 to 5.5.49-0ubuntu0.14.04.1"
487,25.3,P4,720,appsec-legacy,bwapp,trivy,mysql: unspecified vulnerability in subcomponent: Server: FTS (CPU April 2016),medium,CVE-2016-0647,,raesene/bwapp:latest (ubuntu 14.04),,,,,False,,False,,,libmysqlclient18,5.5.49-0ubuntu0.14.04.1,"Unspecified vulnerability in Oracle MySQL 5.5.48 and earlier, 5.6.29 and earlier, and 5.7.11 and earlier and MariaDB before 5.5.49, 10.0.x before 10.0.25, and 10.1.x before 10.1.14 allows local users to affect availability via vectors related to FTS.","[first_aid] Apply the vendor security patch for CVE-2016-0647; if unavailable, isolate the container and restrict egress. | [full_remediation] Upgrade package libmysqlclient18 from 5.5.47-0ubuntu0.14.04.1 to 5.5.49-0ubuntu0.14.04.1 (fixed version) in the image an | [scanner_guidance] Upgrade libmysqlclient18 from 5.5.47-0ubuntu0.14.04.1 to 5.5.49-0ubuntu0.14.04.1"
488,25.3,P4,720,appsec-legacy,bwapp,trivy,mysql: unspecified vulnerability in subcomponent: Server: Replication (CPU April 2016),medium,CVE-2016-0650,,raesene/bwapp:latest (ubuntu 14.04),,,,,False,,False,,,libmysqlclient18,5.5.49-0ubuntu0.14.04.1,"Unspecified vulnerability in Oracle MySQL 5.5.47 and earlier, 5.6.28 and earlier, and 5.7.10 and earlier and MariaDB before 5.5.48, 10.0.x before 10.0.24, and 10.1.x before 10.1.12 allows local users to affect availability via vectors related to Replication.","[first_aid] Apply the vendor security patch for CVE-2016-0650; if unavailable, isolate the container and restrict egress. | [full_remediation] Upgrade package libmysqlclient18 from 5.5.47-0ubuntu0.14.04.1 to 5.5.49-0ubuntu0.14.04.1 (fixed version) in the image an | [scanner_guidance] Upgrade libmysqlclient18 from 5.5.47-0ubuntu0.14.04.1 to 5.5.49-0ubuntu0.14.04.1"
489,25.3,P4,720,appsec-legacy,bwapp,trivy,libxml2: Heap-based buffer overread in htmlCurrentChar,medium,CVE-2016-1833,CWE-125,raesene/bwapp:latest (ubuntu 14.04),,,,,False,,False,,0.0,libxml2,2.9.1+dfsg1-3ubuntu4.8,"The htmlCurrentChar function in libxml2 before 2.9.4, as used in Apple iOS before 9.3.2, OS X before 10.11.5, tvOS before 9.2.1, and watchOS before 2.2.1, allows remote attackers to cause a denial of service (heap-based buffer over-read) via a crafted XML document.","[first_aid] Apply the vendor security patch for CVE-2016-1833; if unavailable, isolate the container and restrict egress. | [full_remediation] Upgrade package libxml2 from 2.9.1+dfsg1-3ubuntu4.7 to 2.9.1+dfsg1-3ubuntu4.8 (fixed version) in the image and rebuild/r | [scanner_guidance] Upgrade libxml2 from 2.9.1+dfsg1-3ubuntu4.7 to 2.9.1+dfsg1-3ubuntu4.8"
490,25.3,P4,720,appsec-legacy,bwapp,trivy,libxml2: Heap-based buffer overread in xmlPArserPrintFileContextInternal,medium,CVE-2016-1838,CWE-125,raesene/bwapp:latest (ubuntu 14.04),,,,,False,,False,,0.0,libxml2,2.9.1+dfsg1-3ubuntu4.8,"The xmlPArserPrintFileContextInternal function in libxml2 before 2.9.4, as used in Apple iOS before 9.3.2, OS X before 10.11.5, tvOS before 9.2.1, and watchOS before 2.2.1, allows remote attackers to cause a denial of service (heap-based buffer over-read) via a crafted XML document.","[first_aid] Apply the vendor security patch for CVE-2016-1838; if unavailable, isolate the container and restrict egress. | [full_remediation] Upgrade package libxml2 from 2.9.1+dfsg1-3ubuntu4.7 to 2.9.1+dfsg1-3ubuntu4.8 (fixed version) in the image and rebuild/r | [scanner_guidance] Upgrade libxml2 from 2.9.1+dfsg1-3ubuntu4.7 to 2.9.1+dfsg1-3ubuntu4.8"
491,25.3,P4,720,appsec-legacy,bwapp,trivy,openssh: missing sanitisation of input for X11 forwarding,low,CVE-2016-3115,CWE-93,raesene/bwapp:latest (ubuntu 14.04),,,,,False,,False,,0.0,openssh-client,1:6.6p1-2ubuntu2.7,"Multiple CRLF injection vulnerabilities in session.c in sshd in OpenSSH before 7.2p2 allow remote authenticated users to bypass intended shell-command restrictions via crafted X11 forwarding data, related to the (1) do_authenticated1 and (2) session_x11_req functions.","[first_aid] Apply the vendor security patch for CVE-2016-3115; if unavailable, isolate the container and restrict egress. | [full_remediation] Upgrade package openssh-client from 1:6.6p1-2ubuntu2.6 to 1:6.6p1-2ubuntu2.7 (fixed version) in the image and rebuild/re | [scanner_guidance] Upgrade openssh-client from 1:6.6p1-2ubuntu2.6 to 1:6.6p1-2ubuntu2.7"
492,25.3,P4,720,appsec-node,nodegoat,trivy,marked is an application that is meant to parse and compile markdown.  ...,medium,CVE-2016-10531,CWE-79,Node.js,,,,,False,,False,,0.456,marked,0.3.6,"marked is an application that is meant to parse and compile markdown. Due to the way that marked 0.3.5 and earlier parses input, specifically HTML entities, it's possible to bypass marked's content injection protection (`sanitize: true`) to inject a `javascript:` URL. This flaw exists because `&#xNNanything;` gets parsed to what it could and leaves the rest behind, resulting in just `anything;` being left.","[first_aid] Apply the vendor security patch for CVE-2016-10531; if unavailable, isolate the container and restrict egress. | [full_remediation] Upgrade package marked from 0.3.5 to 0.3.6 (fixed version) in the image and rebuild/redeploy. | [scanner_guidance] Upgrade marked from 0.3.5 to 0.3.6"
493,25.3,P4,720,appsec-node,nodegoat,trivy,marked version 0.3.6 and earlier is vulnerable to an XSS attack in the ...,medium,CVE-2017-1000427,CWE-79,Node.js,,,,,False,,False,,0.456,marked,0.3.7,marked version 0.3.6 and earlier is vulnerable to an XSS attack in the data: URI parser.,"[first_aid] Apply the vendor security patch for CVE-2017-1000427; if unavailable, isolate the container and restrict egress. | [full_remediation] Upgrade package marked from 0.3.5 to 0.3.7 (fixed version) in the image and rebuild/redeploy. | [scanner_guidance] Upgrade marked from 0.3.5 to 0.3.7"
494,25.3,P4,720,appsec-node,nodegoat,trivy,Vercel ms Inefficient Regular Expression Complexity vulnerability,medium,CVE-2017-20162,CWE-1333,Node.js,,,,,False,,False,,0.0,ms,2.0.0,"A vulnerability, which was classified as problematic, has been found in vercel ms up to 1.x. This issue affects the function parse of the file index.js. The manipulation of the argument str leads to inefficient regular expression complexity. The attack may be initiated remotely. The exploit has been disclosed to the public and may be used. Upgrading to version 2.0.0 is able to address this issue. The patch is named caae2988ba2a37765d055c4eee63d383320ee662. It is recommended to upgrade the affected component. The associated identifier of this vulnerability is VDB-217451.","[first_aid] Apply the vendor security patch for CVE-2017-20162; if unavailable, isolate the container and restrict egress. | [full_remediation] Upgrade package ms from 0.7.1 to 2.0.0 (fixed version) in the image and rebuild/redeploy. | [scanner_guidance] Upgrade ms from 0.7.1 to 2.0.0"
495,25.0,P4,720,appsec-node,nodegoat,trivy,Incorrect parsing of certain JSON input may result in js-bson not corr ...,medium,CVE-2019-2391,CWE-502,Node.js,,,,,False,,False,,0.912,bson,1.1.4,Incorrect parsing of certain JSON input may result in js-bson not correctly serializing BSON. This may cause unexpected application behaviour including data disclosure. This issue affects: MongoDB Inc. js-bson library version 1.1.3 and prior to.,"[first_aid] Apply the vendor security patch for CVE-2019-2391; if unavailable, isolate the container and restrict egress. | [full_remediation] Upgrade package bson from 1.0.9 to 1.1.4 (fixed version) in the image and rebuild/redeploy. | [scanner_guidance] Upgrade bson from 1.0.9 to 1.1.4"
496,24.7,P4,720,appsec-legacy,bwapp,trivy,krb5: xdr_nullstring() doesn't check for terminating null character,medium,CVE-2015-8629,CWE-125,raesene/bwapp:latest (ubuntu 14.04),,,,,False,,False,,0.0,krb5-locales,1.12+dfsg-2ubuntu5.4,"The xdr_nullstring function in lib/kadm5/kadm_rpc_xdr.c in kadmind in MIT Kerberos 5 (aka krb5) before 1.13.4 and 1.14.x before 1.14.1 does not verify whether '\0' characters exist as expected, which allows remote authenticated users to obtain sensitive information or cause a denial of service (out-of-bounds read) via a crafted string.","[first_aid] Apply the vendor security patch for CVE-2015-8629; if unavailable, isolate the container and restrict egress. | [full_remediation] Upgrade package krb5-locales from 1.12+dfsg-2ubuntu5.2 to 1.12+dfsg-2ubuntu5.4 (fixed version) in the image and rebuild/ | [scanner_guidance] Upgrade krb5-locales from 1.12+dfsg-2ubuntu5.2 to 1.12+dfsg-2ubuntu5.4"
497,24.7,P4,720,appsec-legacy,bwapp,trivy,krb5: null pointer dereference in kadmin,medium,CVE-2016-3119,,raesene/bwapp:latest (ubuntu 14.04),,,,,False,,False,,,krb5-locales,1.12+dfsg-2ubuntu5.4,"The process_db_args function in plugins/kdb/ldap/libkdb_ldap/ldap_principal2.c in the LDAP KDB module in kadmind in MIT Kerberos 5 (aka krb5) through 1.13.4 and 1.14.x through 1.14.1 mishandles the DB argument, which allows remote authenticated users to cause a denial of service (NULL pointer dereference and daemon crash) via a crafted request to modify a principal.","[first_aid] Apply the vendor security patch for CVE-2016-3119; if unavailable, isolate the container and restrict egress. | [full_remediation] Upgrade package krb5-locales from 1.12+dfsg-2ubuntu5.2 to 1.12+dfsg-2ubuntu5.4 (fixed version) in the image and rebuild/ | [scanner_guidance] Upgrade krb5-locales from 1.12+dfsg-2ubuntu5.2 to 1.12+dfsg-2ubuntu5.4"
498,24.7,P4,720,appsec-legacy,bwapp,trivy,curl: Cookie injection for other servers,medium,CVE-2016-8615,CWE-99,raesene/bwapp:latest (ubuntu 14.04),,,,,False,,False,,0.0,libcurl3-gnutls,7.35.0-1ubuntu2.10,"A flaw was found in curl before version 7.51. If cookie state is written into a cookie jar file that is later read back and used for subsequent requests, a malicious HTTP server can inject new cookies for arbitrary domains into said cookie jar.","[first_aid] Apply the vendor security patch for CVE-2016-8615; if unavailable, isolate the container and restrict egress. | [full_remediation] Upgrade package libcurl3-gnutls from 7.35.0-1ubuntu2.6 to 7.35.0-1ubuntu2.10 (fixed version) in the image and rebuild/re | [scanner_guidance] Upgrade libcurl3-gnutls from 7.35.0-1ubuntu2.6 to 7.35.0-1ubuntu2.10"
499,24.7,P4,720,appsec-legacy,bwapp,trivy,curl: Invalid URL parsing with '#',medium,CVE-2016-8624,CWE-20,raesene/bwapp:latest (ubuntu 14.04),,,,,False,,False,,0.0,libcurl3-gnutls,7.35.0-1ubuntu2.10,"curl before version 7.51.0 doesn't parse the authority component of the URL correctly when the host name part ends with a '#' character, and could instead be tricked into connecting to a different host. This may have security implications if you for example use an URL parser that follows the RFC to check for allowed domains before using curl to request them.","[first_aid] Apply the vendor security patch for CVE-2016-8624; if unavailable, isolate the container and restrict egress. | [full_remediation] Upgrade package libcurl3-gnutls from 7.35.0-1ubuntu2.6 to 7.35.0-1ubuntu2.10 (fixed version) in the image and rebuild/re | [scanner_guidance] Upgrade libcurl3-gnutls from 7.35.0-1ubuntu2.6 to 7.35.0-1ubuntu2.10"
500,24.7,P4,720,appsec-legacy,bwapp,trivy,mysql: incorrect enforcement of ssl-mode=REQUIRED in MySQL 5.5 and 5.6,medium,CVE-2017-3305,CWE-319,raesene/bwapp:latest (ubuntu 14.04),,,,,False,,False,,0.0,libmysqlclient18,5.5.55-0ubuntu0.14.04.1,"Vulnerability in the MySQL Server component of Oracle MySQL (subcomponent: Server: C API). Supported versions that are affected are 5.5.55 and earlier and 5.6.35 and earlier. Difficult to exploit vulnerability allows low privileged attacker with network access via multiple protocols to compromise MySQL Server. Successful attacks of this vulnerability can result in unauthorized access to critical data or complete access to all MySQL Server accessible data. CVSS 3.0 Base Score 5.3 (Confidentiality impacts). CVSS Vector: (CVSS:3.0/AV:N/AC:H/PR:L/UI:N/S:U/C:H/I:N/A:N). NOTE: the previous information is from the April 2017 CPU. Oracle has not commented on third-party claims that this issue allows man-in-the-middle attackers to hijack the authentication of users by leveraging incorrect ordering of security parameter verification in a client, aka, ""The Riddle"".","[first_aid] Apply the vendor security patch for CVE-2017-3305; if unavailable, isolate the container and restrict egress. | [full_remediation] Upgrade package libmysqlclient18 from 5.5.47-0ubuntu0.14.04.1 to 5.5.55-0ubuntu0.14.04.1 (fixed version) in the image an | [scanner_guidance] Upgrade libmysqlclient18 from 5.5.47-0ubuntu0.14.04.1 to 5.5.55-0ubuntu0.14.04.1"
501,24.7,P4,720,appsec-legacy,bwapp,trivy,ntp: out-of-bounds references on crafted packet,low,CVE-2016-2518,CWE-125,raesene/bwapp:latest (ubuntu 14.04),,,,,False,,False,,0.0,ntpdate,1:4.2.6.p5+dfsg-3ubuntu2.14.04.10,The MATCH_ASSOC function in NTP before version 4.2.8p9 and 4.3.x before 4.3.92 allows remote attackers to cause an out-of-bounds reference via an addpeer request with a large hmode value.,"[first_aid] Apply the vendor security patch for CVE-2016-2518; if unavailable, isolate the container and restrict egress. | [full_remediation] Upgrade package ntpdate from 1:4.2.6.p5+dfsg-3ubuntu2.14.04.6 to 1:4.2.6.p5+dfsg-3ubuntu2.14.04.10 (fixed version) in th | [scanner_guidance] Upgrade ntpdate from 1:4.2.6.p5+dfsg-3ubuntu2.14.04.6 to 1:4.2.6.p5+dfsg-3ubuntu2.14.04.10"
502,24.3,P4,720,appsec-legacy,bwapp,trivy,mysql: unspecified vulnerability in subcomponent: Server: MyISAM (CPU April 2016),medium,CVE-2016-0641,,raesene/bwapp:latest (ubuntu 14.04),,,,,False,,False,,,libmysqlclient18,5.5.49-0ubuntu0.14.04.1,"Unspecified vulnerability in Oracle MySQL 5.5.47 and earlier, 5.6.28 and earlier, and 5.7.10 and earlier and MariaDB before 5.5.48, 10.0.x before 10.0.24, and 10.1.x before 10.1.12 allows local users to affect confidentiality and availability via vectors related to MyISAM.","[first_aid] Apply the vendor security patch for CVE-2016-0641; if unavailable, isolate the container and restrict egress. | [full_remediation] Upgrade package libmysqlclient18 from 5.5.47-0ubuntu0.14.04.1 to 5.5.49-0ubuntu0.14.04.1 (fixed version) in the image an | [scanner_guidance] Upgrade libmysqlclient18 from 5.5.47-0ubuntu0.14.04.1 to 5.5.49-0ubuntu0.14.04.1"
503,24.0,P4,720,appsec-legacy,bwapp,trivy,httpd: Padding Oracle in Apache mod_session_crypto,medium,CVE-2016-0736,CWE-310,raesene/bwapp:latest (ubuntu 14.04),,,,,False,,False,,0.0,apache2,2.4.7-1ubuntu4.15,"In Apache HTTP Server versions 2.4.0 to 2.4.23, mod_session_crypto was encrypting its data/cookie using the configured ciphers with possibly either CBC or ECB modes of operation (AES256-CBC by default), hence no selectable or builtin authenticated encryption. This made it vulnerable to padding oracle attacks, particularly with CBC.","[first_aid] Apply the vendor security patch for CVE-2016-0736; if unavailable, isolate the container and restrict egress. | [full_remediation] Upgrade package apache2 from 2.4.7-1ubuntu4.9 to 2.4.7-1ubuntu4.15 (fixed version) in the image and rebuild/redeploy. | [scanner_guidance] Upgrade apache2 from 2.4.7-1ubuntu4.9 to 2.4.7-1ubuntu4.15"
504,24.0,P4,720,appsec-legacy,bwapp,trivy,httpd: Apache HTTP Request Parsing Whitespace Defects,medium,CVE-2016-8743,,raesene/bwapp:latest (ubuntu 14.04),,,,,False,,False,,,apache2,2.4.7-1ubuntu4.15,"Apache HTTP Server, in all releases prior to 2.2.32 and 2.4.25, was liberal in the whitespace accepted from requests and sent in response lines and headers. Accepting these different behaviors represented a security concern when httpd participates in any chain of proxies or interacts with back-end application servers, either through mod_proxy or using conventional CGI mechanisms, and may result in request smuggling, response splitting and cache pollution.","[first_aid] Apply the vendor security patch for CVE-2016-8743; if unavailable, isolate the container and restrict egress. | [full_remediation] Upgrade package apache2 from 2.4.7-1ubuntu4.9 to 2.4.7-1ubuntu4.15 (fixed version) in the image and rebuild/redeploy. | [scanner_guidance] Upgrade apache2 from 2.4.7-1ubuntu4.9 to 2.4.7-1ubuntu4.15"
505,24.0,P4,720,appsec-legacy,bwapp,trivy,httpd: Use-after-free by limiting unregistered HTTP method (Optionsbleed),medium,CVE-2017-9798,CWE-416,raesene/bwapp:latest (ubuntu 14.04),,,,,False,,False,,0.0,apache2,2.4.7-1ubuntu4.18,"Apache httpd allows remote attackers to read secret data from process memory if the Limit directive can be set in a user's .htaccess file, or if httpd.conf has certain misconfigurations, aka Optionsbleed. This affects the Apache HTTP Server through 2.2.34 and 2.4.x through 2.4.27. The attacker sends an unauthenticated OPTIONS HTTP request when attempting to read secret data. This is a use-after-free issue and thus secret data is not always sent, and the specific data depends on many factors including configuration. Exploitation with .htaccess can be blocked with a patch to the ap_limit_section function in server/core.c.","[first_aid] Apply the vendor security patch for CVE-2017-9798; if unavailable, isolate the container and restrict egress. | [full_remediation] Upgrade package apache2 from 2.4.7-1ubuntu4.9 to 2.4.7-1ubuntu4.18 (fixed version) in the image and rebuild/redeploy. | [scanner_guidance] Upgrade apache2 from 2.4.7-1ubuntu4.9 to 2.4.7-1ubuntu4.18"
506,24.0,P4,720,appsec-legacy,bwapp,trivy,httpd: Out of bounds write in mod_authnz_ldap when using too small Accept-Language values,low,CVE-2017-15710,CWE-787,raesene/bwapp:latest (ubuntu 14.04),,,,,False,,False,,0.0,apache2,2.4.7-1ubuntu4.20,"In Apache httpd 2.0.23 to 2.0.65, 2.2.0 to 2.2.34, and 2.4.0 to 2.4.29, mod_authnz_ldap, if configured with AuthLDAPCharsetConfig, uses the Accept-Language header value to lookup the right charset encoding when verifying the user's credentials. If the header value is not present in the charset conversion table, a fallback mechanism is used to truncate it to a two characters value to allow a quick retry (for example, 'en-US' is truncated to 'en'). A header value of less than two characters forces an out of bound write of one NUL byte to a memory location that is not part of the string. In the worst case, quite unlikely, the process would crash which could be used as a Denial of Service attack. In the more likely case, this memory is already reserved for future use and the issue has no effect at all.","[first_aid] Apply the vendor security patch for CVE-2017-15710; if unavailable, isolate the container and restrict egress. | [full_remediation] Upgrade package apache2 from 2.4.7-1ubuntu4.9 to 2.4.7-1ubuntu4.20 (fixed version) in the image and rebuild/redeploy. | [scanner_guidance] Upgrade apache2 from 2.4.7-1ubuntu4.9 to 2.4.7-1ubuntu4.20"
507,24.0,P4,720,appsec-legacy,bwapp,trivy,httpd: URL normalization inconsistency,low,CVE-2019-0220,CWE-706,raesene/bwapp:latest (ubuntu 14.04),,,,,False,,False,,0.0,apache2,2.4.7-1ubuntu4.22,"A vulnerability was found in Apache HTTP Server 2.4.0 to 2.4.38. When the path component of a request URL contains multiple consecutive slashes ('/'), directives such as LocationMatch and RewriteRule must account for duplicates in regular expressions while other aspects of the servers processing will implicitly collapse them.","[first_aid] Apply the vendor security patch for CVE-2019-0220; if unavailable, isolate the container and restrict egress. | [full_remediation] Upgrade package apache2 from 2.4.7-1ubuntu4.9 to 2.4.7-1ubuntu4.22 (fixed version) in the image and rebuild/redeploy. | [scanner_guidance] Upgrade apache2 from 2.4.7-1ubuntu4.9 to 2.4.7-1ubuntu4.22"
508,24.0,P4,720,appsec-legacy,bwapp,trivy,busybox: Out of bounds read in udhcp components resulting in information disclosure,medium,CVE-2019-5747,CWE-125,raesene/bwapp:latest (ubuntu 14.04),,,,,False,,False,,0.0,busybox-initramfs,1:1.21.0-1ubuntu1.4,"An issue was discovered in BusyBox through 1.30.0. An out of bounds read in udhcp components (consumed by the DHCP client, server, and/or relay) might allow a remote attacker to leak sensitive information from the stack by sending a crafted DHCP message. This is related to assurance of a 4-byte length when decoding DHCP_SUBNET. NOTE: this issue exists because of an incomplete fix for CVE-2018-20679.","[first_aid] Apply the vendor security patch for CVE-2019-5747; if unavailable, isolate the container and restrict egress. | [full_remediation] Upgrade package busybox-initramfs from 1:1.21.0-1ubuntu1 to 1:1.21.0-1ubuntu1.4 (fixed version) in the image and rebuild | [scanner_guidance] Upgrade busybox-initramfs from 1:1.21.0-1ubuntu1 to 1:1.21.0-1ubuntu1.4"
509,24.0,P4,720,appsec-legacy,bwapp,trivy,busybox: out of bounds write (heap) due to integer underflow in udhcpc,low,CVE-2016-2147,CWE-190,raesene/bwapp:latest (ubuntu 14.04),,,,,False,,False,,0.0,busybox-initramfs,1:1.21.0-1ubuntu1.4,"Integer overflow in the DHCP client (udhcpc) in BusyBox before 1.25.0 allows remote attackers to cause a denial of service (crash) via a malformed RFC1035-encoded domain name, which triggers an out-of-bounds heap write.","[first_aid] Apply the vendor security patch for CVE-2016-2147; if unavailable, isolate the container and restrict egress. | [full_remediation] Upgrade package busybox-initramfs from 1:1.21.0-1ubuntu1 to 1:1.21.0-1ubuntu1.4 (fixed version) in the image and rebuild | [scanner_guidance] Upgrade busybox-initramfs from 1:1.21.0-1ubuntu1 to 1:1.21.0-1ubuntu1.4"
510,24.0,P4,720,appsec-legacy,bwapp,trivy,file: limit the number of ELF notes processed,low,CVE-2014-9620,CWE-399,raesene/bwapp:latest (ubuntu 14.04),,,,,False,,False,,0.0,file,1:5.14-2ubuntu3.4,The ELF parser in file 5.08 through 5.21 allows remote attackers to cause a denial of service via a large number of notes.,"[first_aid] Apply the vendor security patch for CVE-2014-9620; if unavailable, isolate the container and restrict egress. | [full_remediation] Upgrade package file from 1:5.14-2ubuntu3.3 to 1:5.14-2ubuntu3.4 (fixed version) in the image and rebuild/redeploy. | [scanner_guidance] Upgrade file from 1:5.14-2ubuntu3.3 to 1:5.14-2ubuntu3.4"
511,24.0,P4,720,appsec-legacy,bwapp,trivy,file: limit string printing to 100 chars,low,CVE-2014-9621,CWE-399,raesene/bwapp:latest (ubuntu 14.04),,,,,False,,False,,0.0,file,1:5.14-2ubuntu3.4,The ELF parser in file 5.16 through 5.21 allows remote attackers to cause a denial of service via a long string.,"[first_aid] Apply the vendor security patch for CVE-2014-9621; if unavailable, isolate the container and restrict egress. | [full_remediation] Upgrade package file from 1:5.14-2ubuntu3.3 to 1:5.14-2ubuntu3.4 (fixed version) in the image and rebuild/redeploy. | [scanner_guidance] Upgrade file from 1:5.14-2ubuntu3.3 to 1:5.14-2ubuntu3.4"
512,24.0,P4,720,appsec-legacy,bwapp,trivy,git: path sanity check in is_ntfs_dotgit() can read arbitrary memory,low,CVE-2018-11233,CWE-125,raesene/bwapp:latest (ubuntu 14.04),,,,,False,,False,,0.0,git,1:1.9.1-1ubuntu0.8,"In Git before 2.13.7, 2.14.x before 2.14.4, 2.15.x before 2.15.2, 2.16.x before 2.16.4, and 2.17.x before 2.17.1, code to sanity-check pathnames on NTFS can result in reading out-of-bounds memory.","[first_aid] Apply the vendor security patch for CVE-2018-11233; if unavailable, isolate the container and restrict egress. | [full_remediation] Upgrade package git from 1:1.9.1-1ubuntu0.2 to 1:1.9.1-1ubuntu0.8 (fixed version) in the image and rebuild/redeploy. | [scanner_guidance] Upgrade git from 1:1.9.1-1ubuntu0.2 to 1:1.9.1-1ubuntu0.8"
513,24.0,P4,720,appsec-legacy,bwapp,trivy,libgcrypt: PRNG output is predictable,high,CVE-2016-6313,CWE-200,raesene/bwapp:latest (ubuntu 14.04),,,,,False,,False,,0.513,gnupg,1.4.16-1ubuntu2.4,"The mixing functions in the random number generator in Libgcrypt before 1.5.6, 1.6.x before 1.6.6, and 1.7.x before 1.7.3 and GnuPG before 1.4.21 make it easier for attackers to obtain the values of 160 bits by leveraging knowledge of the previous 4640 bits.","[first_aid] Apply the vendor security patch for CVE-2016-6313; if unavailable, isolate the container and restrict egress. | [full_remediation] Upgrade package gnupg from 1.4.16-1ubuntu2.3 to 1.4.16-1ubuntu2.4 (fixed version) in the image and rebuild/redeploy. | [scanner_guidance] Upgrade gnupg from 1.4.16-1ubuntu2.3 to 1.4.16-1ubuntu2.4"
514,24.0,P4,720,appsec-legacy,bwapp,trivy,dhcp: Buffer overflow in dhclient possibly allowing code execution triggered by malicious server,medium,CVE-2018-5732,CWE-119,raesene/bwapp:latest (ubuntu 14.04),,,,,False,,False,,0.0,isc-dhcp-client,4.2.4-7ubuntu12.12,"Failure to properly bounds-check a buffer used for processing DHCP options allows a malicious server (or an entity masquerading as a server) to cause a buffer overflow (and resulting crash) in dhclient by sending a response containing a specially constructed options section. Affects ISC DHCP versions 4.1.0 -> 4.1-ESV-R15, 4.2.0 -> 4.2.8, 4.3.0 -> 4.3.6, 4.4.0","[first_aid] Apply the vendor security patch for CVE-2018-5732; if unavailable, isolate the container and restrict egress. | [full_remediation] Upgrade package isc-dhcp-client from 4.2.4-7ubuntu12.4 to 4.2.4-7ubuntu12.12 (fixed version) in the image and rebuild/re | [scanner_guidance] Upgrade isc-dhcp-client from 4.2.4-7ubuntu12.4 to 4.2.4-7ubuntu12.12"
515,24.0,P4,720,appsec-legacy,bwapp,trivy,krb5: krb5 doesn't check for null policy when KADM5_POLICY is set in the mask,medium,CVE-2015-8630,,raesene/bwapp:latest (ubuntu 14.04),,,,,False,,False,,,krb5-locales,1.12+dfsg-2ubuntu5.4,The (1) kadm5_create_principal_3 and (2) kadm5_modify_principal functions in lib/kadm5/srv/svr_principal.c in kadmind in MIT Kerberos 5 (aka krb5) 1.12.x and 1.13.x before 1.13.4 and 1.14.x before 1.14.1 allow remote authenticated users to cause a denial of service (NULL pointer dereference and daemon crash) by specifying KADM5_POLICY with a NULL policy name.,"[first_aid] Apply the vendor security patch for CVE-2015-8630; if unavailable, isolate the container and restrict egress. | [full_remediation] Upgrade package krb5-locales from 1.12+dfsg-2ubuntu5.2 to 1.12+dfsg-2ubuntu5.4 (fixed version) in the image and rebuild/ | [scanner_guidance] Upgrade krb5-locales from 1.12+dfsg-2ubuntu5.2 to 1.12+dfsg-2ubuntu5.4"
516,24.0,P4,720,appsec-legacy,bwapp,trivy,php: openssl_random_pseudo_bytes() is not cryptographically secure,medium,CVE-2015-8867,CWE-310,raesene/bwapp:latest (ubuntu 14.04),,,,,False,,False,,0.0,libapache2-mod-php5,5.5.9+dfsg-1ubuntu4.16,"The openssl_random_pseudo_bytes function in ext/openssl/openssl.c in PHP before 5.4.44, 5.5.x before 5.5.28, and 5.6.x before 5.6.12 incorrectly relies on the deprecated RAND_pseudo_bytes function, which makes it easier for remote attackers to defeat cryptographic protection mechanisms via unspecified vectors.","[first_aid] Apply the vendor security patch for CVE-2015-8867; if unavailable, isolate the container and restrict egress. | [full_remediation] Upgrade package libapache2-mod-php5 from 5.5.9+dfsg-1ubuntu4.14 to 5.5.9+dfsg-1ubuntu4.16 (fixed version) in the image a | [scanner_guidance] Upgrade libapache2-mod-php5 from 5.5.9+dfsg-1ubuntu4.14 to 5.5.9+dfsg-1ubuntu4.16"
517,24.0,P4,720,appsec-legacy,bwapp,trivy,php: Incorrect handling of URI components in URL parser,medium,CVE-2016-10397,CWE-20,raesene/bwapp:latest (ubuntu 14.04),,,,,False,,False,,0.0,libapache2-mod-php5,5.5.9+dfsg-1ubuntu4.22,"In PHP before 5.6.28 and 7.x before 7.0.13, incorrect handling of various URI components in the URL parser could be used by attackers to bypass hostname-specific URL checks, as demonstrated by evil.example.com:80#@good.example.com/ and evil.example.com:80?@good.example.com/ inputs to the parse_url function (implemented in the php_url_parse_ex function in ext/standard/url.c).","[first_aid] Apply the vendor security patch for CVE-2016-10397; if unavailable, isolate the container and restrict egress. | [full_remediation] Upgrade package libapache2-mod-php5 from 5.5.9+dfsg-1ubuntu4.14 to 5.5.9+dfsg-1ubuntu4.22 (fixed version) in the image a | [scanner_guidance] Upgrade libapache2-mod-php5 from 5.5.9+dfsg-1ubuntu4.14 to 5.5.9+dfsg-1ubuntu4.22"
518,24.0,P4,720,appsec-legacy,bwapp,trivy,php: Integer overflow in php_raw_url_encode,medium,CVE-2016-4070,CWE-189,raesene/bwapp:latest (ubuntu 14.04),,,,,False,,False,,0.0,libapache2-mod-php5,5.5.9+dfsg-1ubuntu4.16,"Integer overflow in the php_raw_url_encode function in ext/standard/url.c in PHP before 5.5.34, 5.6.x before 5.6.20, and 7.x before 7.0.5 allows remote attackers to cause a denial of service (application crash) via a long string to the rawurlencode function. NOTE: the vendor says ""Not sure if this qualifies as security issue (probably not).","[first_aid] Apply the vendor security patch for CVE-2016-4070; if unavailable, isolate the container and restrict egress. | [full_remediation] Upgrade package libapache2-mod-php5 from 5.5.9+dfsg-1ubuntu4.14 to 5.5.9+dfsg-1ubuntu4.16 (fixed version) in the image a | [scanner_guidance] Upgrade libapache2-mod-php5 from 5.5.9+dfsg-1ubuntu4.14 to 5.5.9+dfsg-1ubuntu4.16"
519,24.0,P4,720,appsec-legacy,bwapp,trivy,php: wddx_deserialize null dereference,medium,CVE-2016-7130,CWE-476,raesene/bwapp:latest (ubuntu 14.04),,,,,False,,False,,0.0,libapache2-mod-php5,5.5.9+dfsg-1ubuntu4.20,"The php_wddx_pop_element function in ext/wddx/wddx.c in PHP before 5.6.25 and 7.x before 7.0.10 allows remote attackers to cause a denial of service (NULL pointer dereference and application crash) or possibly have unspecified other impact via an invalid base64 binary value, as demonstrated by a wddx_deserialize call that mishandles a binary element in a wddxPacket XML document.","[first_aid] Apply the vendor security patch for CVE-2016-7130; if unavailable, isolate the container and restrict egress. | [full_remediation] Upgrade package libapache2-mod-php5 from 5.5.9+dfsg-1ubuntu4.14 to 5.5.9+dfsg-1ubuntu4.20 (fixed version) in the image a | [scanner_guidance] Upgrade libapache2-mod-php5 from 5.5.9+dfsg-1ubuntu4.14 to 5.5.9+dfsg-1ubuntu4.20"
520,24.0,P4,720,appsec-legacy,bwapp,trivy,php: NULL Pointer Dereference in WDDX Packet Deserialization with PDORow,medium,CVE-2016-9934,CWE-476,raesene/bwapp:latest (ubuntu 14.04),,,,,False,,False,,0.0,libapache2-mod-php5,5.5.9+dfsg-1ubuntu4.21,"ext/wddx/wddx.c in PHP before 5.6.28 and 7.x before 7.0.13 allows remote attackers to cause a denial of service (NULL pointer dereference) via crafted serialized data in a wddxPacket XML document, as demonstrated by a PDORow string.","[first_aid] Apply the vendor security patch for CVE-2016-9934; if unavailable, isolate the container and restrict egress. | [full_remediation] Upgrade package libapache2-mod-php5 from 5.5.9+dfsg-1ubuntu4.14 to 5.5.9+dfsg-1ubuntu4.21 (fixed version) in the image a | [scanner_guidance] Upgrade libapache2-mod-php5 from 5.5.9+dfsg-1ubuntu4.14 to 5.5.9+dfsg-1ubuntu4.21"
521,24.0,P4,720,appsec-legacy,bwapp,trivy,php: Incorrect return value check of OpenSSL sealing function leads to crash,medium,CVE-2017-11144,CWE-754,raesene/bwapp:latest (ubuntu 14.04),,,,,False,,False,,0.0,libapache2-mod-php5,5.5.9+dfsg-1ubuntu4.22,"In PHP before 5.6.31, 7.x before 7.0.21, and 7.1.x before 7.1.7, the openssl extension PEM sealing code did not check the return value of the OpenSSL sealing function, which could lead to a crash of the PHP interpreter, related to an interpretation conflict for a negative number in ext/openssl/openssl.c, and an OpenSSL documentation omission.","[first_aid] Apply the vendor security patch for CVE-2017-11144; if unavailable, isolate the container and restrict egress. | [full_remediation] Upgrade package libapache2-mod-php5 from 5.5.9+dfsg-1ubuntu4.14 to 5.5.9+dfsg-1ubuntu4.22 (fixed version) in the image a | [scanner_guidance] Upgrade libapache2-mod-php5 from 5.5.9+dfsg-1ubuntu4.14 to 5.5.9+dfsg-1ubuntu4.22"
522,24.0,P4,720,appsec-legacy,bwapp,trivy,oniguruma: Invalid pointer dereference in left_adjust_char_head(),medium,CVE-2017-9229,CWE-476,raesene/bwapp:latest (ubuntu 14.04),,,,,False,,False,,0.0,libapache2-mod-php5,5.5.9+dfsg-1ubuntu4.22,"An issue was discovered in Oniguruma 6.2.0, as used in Oniguruma-mod in Ruby through 2.4.1 and mbstring in PHP through 7.1.5. A SIGSEGV occurs in left_adjust_char_head() during regular expression compilation. Invalid handling of reg->dmax in forward_search_range() could result in an invalid pointer dereference, normally as an immediate denial-of-service condition.","[first_aid] Apply the vendor security patch for CVE-2017-9229; if unavailable, isolate the container and restrict egress. | [full_remediation] Upgrade package libapache2-mod-php5 from 5.5.9+dfsg-1ubuntu4.14 to 5.5.9+dfsg-1ubuntu4.22 (fixed version) in the image a | [scanner_guidance] Upgrade libapache2-mod-php5 from 5.5.9+dfsg-1ubuntu4.14 to 5.5.9+dfsg-1ubuntu4.22"
523,24.0,P4,720,appsec-legacy,bwapp,trivy,php: NULL pointer dereference due to mishandling of ldap_get_dn return value allows DoS via malicious LDAP server reply,medium,CVE-2018-10548,CWE-476,raesene/bwapp:latest (ubuntu 14.04),,,,,False,,False,,0.0,libapache2-mod-php5,5.5.9+dfsg-1ubuntu4.25,"An issue was discovered in PHP before 5.6.36, 7.0.x before 7.0.30, 7.1.x before 7.1.17, and 7.2.x before 7.2.5. ext/ldap/ldap.c allows remote LDAP servers to cause a denial of service (NULL pointer dereference and application crash) because of mishandling of the ldap_get_dn return value.","[first_aid] Apply the vendor security patch for CVE-2018-10548; if unavailable, isolate the container and restrict egress. | [full_remediation] Upgrade package libapache2-mod-php5 from 5.5.9+dfsg-1ubuntu4.14 to 5.5.9+dfsg-1ubuntu4.25 (fixed version) in the image a | [scanner_guidance] Upgrade libapache2-mod-php5 from 5.5.9+dfsg-1ubuntu4.14 to 5.5.9+dfsg-1ubuntu4.25"
524,24.0,P4,720,appsec-legacy,bwapp,trivy,php: exif: integer overflow leading to out-of-bound buffer read in exif_thumbnail_extract(),medium,CVE-2018-14883,CWE-125,raesene/bwapp:latest (ubuntu 14.04),,,,,False,,False,,0.0,libapache2-mod-php5,5.5.9+dfsg-1ubuntu4.26,"An issue was discovered in PHP before 5.6.37, 7.0.x before 7.0.31, 7.1.x before 7.1.20, and 7.2.x before 7.2.8. An Integer Overflow leads to a heap-based buffer over-read in exif_thumbnail_extract of exif.c.","[first_aid] Apply the vendor security patch for CVE-2018-14883; if unavailable, isolate the container and restrict egress. | [full_remediation] Upgrade package libapache2-mod-php5 from 5.5.9+dfsg-1ubuntu4.14 to 5.5.9+dfsg-1ubuntu4.26 (fixed version) in the image a | [scanner_guidance] Upgrade libapache2-mod-php5 from 5.5.9+dfsg-1ubuntu4.14 to 5.5.9+dfsg-1ubuntu4.26"
525,24.0,P4,720,appsec-legacy,bwapp,trivy,php: memcpy with negative length via crafted DNS response,medium,CVE-2019-9022,CWE-125,raesene/bwapp:latest (ubuntu 14.04),,,,,False,,False,,0.0,libapache2-mod-php5,5.5.9+dfsg-1ubuntu4.29,"An issue was discovered in PHP 7.x before 7.1.26, 7.2.x before 7.2.14, and 7.3.x before 7.3.2. dns_get_record misparses a DNS response, which can allow a hostile DNS server to cause PHP to misuse memcpy, leading to read operations going past the buffer allocated for DNS data. This affects php_parserr in ext/standard/dns.c for DNS_CAA and DNS_ANY queries.","[first_aid] Apply the vendor security patch for CVE-2019-9022; if unavailable, isolate the container and restrict egress. | [full_remediation] Upgrade package libapache2-mod-php5 from 5.5.9+dfsg-1ubuntu4.14 to 5.5.9+dfsg-1ubuntu4.29 (fixed version) in the image a | [scanner_guidance] Upgrade libapache2-mod-php5 from 5.5.9+dfsg-1ubuntu4.14 to 5.5.9+dfsg-1ubuntu4.29"
526,24.0,P4,720,appsec-legacy,bwapp,trivy,php: Out-of-bounds read in base64_decode_xmlrpc in ext/xmlrpc/libxmlrpc/base64.c,medium,CVE-2019-9024,CWE-125,raesene/bwapp:latest (ubuntu 14.04),,,,,False,,False,,0.0,libapache2-mod-php5,5.5.9+dfsg-1ubuntu4.27,"An issue was discovered in PHP before 5.6.40, 7.x before 7.1.26, 7.2.x before 7.2.14, and 7.3.x before 7.3.1. xmlrpc_decode() can allow a hostile XMLRPC server to cause PHP to read memory outside of allocated areas in base64_decode_xmlrpc in ext/xmlrpc/libxmlrpc/base64.c.","[first_aid] Apply the vendor security patch for CVE-2019-9024; if unavailable, isolate the container and restrict egress. | [full_remediation] Upgrade package libapache2-mod-php5 from 5.5.9+dfsg-1ubuntu4.14 to 5.5.9+dfsg-1ubuntu4.27 (fixed version) in the image a | [scanner_guidance] Upgrade libapache2-mod-php5 from 5.5.9+dfsg-1ubuntu4.14 to 5.5.9+dfsg-1ubuntu4.27"
527,24.0,P4,720,appsec-legacy,bwapp,trivy,php: Uninitialized read in exif_process_IFD_in_MAKERNOTE,medium,CVE-2019-9638,CWE-125,raesene/bwapp:latest (ubuntu 14.04),,,,,False,,False,,0.0,libapache2-mod-php5,5.5.9+dfsg-1ubuntu4.29,"An issue was discovered in the EXIF component in PHP before 7.1.27, 7.2.x before 7.2.16, and 7.3.x before 7.3.3. There is an uninitialized read in exif_process_IFD_in_MAKERNOTE because of mishandling the maker_note->offset relationship to value_len.","[first_aid] Apply the vendor security patch for CVE-2019-9638; if unavailable, isolate the container and restrict egress. | [full_remediation] Upgrade package libapache2-mod-php5 from 5.5.9+dfsg-1ubuntu4.14 to 5.5.9+dfsg-1ubuntu4.29 (fixed version) in the image a | [scanner_guidance] Upgrade libapache2-mod-php5 from 5.5.9+dfsg-1ubuntu4.14 to 5.5.9+dfsg-1ubuntu4.29"
528,24.0,P4,720,appsec-legacy,bwapp,trivy,php: Stack consumption vulnerability in Zend/zend_exceptions.c,low,CVE-2015-8873,CWE-20,raesene/bwapp:latest (ubuntu 14.04),,,,,False,,False,,0.0,libapache2-mod-php5,5.5.9+dfsg-1ubuntu4.19,"Stack consumption vulnerability in Zend/zend_exceptions.c in PHP before 5.4.44, 5.5.x before 5.5.28, and 5.6.x before 5.6.12 allows remote attackers to cause a denial of service (segmentation fault) via recursive method calls.","[first_aid] Apply the vendor security patch for CVE-2015-8873; if unavailable, isolate the container and restrict egress. | [full_remediation] Upgrade package libapache2-mod-php5 from 5.5.9+dfsg-1ubuntu4.14 to 5.5.9+dfsg-1ubuntu4.19 (fixed version) in the image a | [scanner_guidance] Upgrade libapache2-mod-php5 from 5.5.9+dfsg-1ubuntu4.14 to 5.5.9+dfsg-1ubuntu4.19"
529,24.0,P4,720,appsec-legacy,bwapp,trivy,php: Wrong calculation in exif_convert_any_to_int function,low,CVE-2016-10158,CWE-189,raesene/bwapp:latest (ubuntu 14.04),,,,,False,,False,,0.0,libapache2-mod-php5,5.5.9+dfsg-1ubuntu4.21,"The exif_convert_any_to_int function in ext/exif/exif.c in PHP before 5.6.30, 7.0.x before 7.0.15, and 7.1.x before 7.1.1 allows remote attackers to cause a denial of service (application crash) via crafted EXIF data that triggers an attempt to divide the minimum representable negative integer by -1.","[first_aid] Apply the vendor security patch for CVE-2016-10158; if unavailable, isolate the container and restrict egress. | [full_remediation] Upgrade package libapache2-mod-php5 from 5.5.9+dfsg-1ubuntu4.14 to 5.5.9+dfsg-1ubuntu4.21 (fixed version) in the image a | [scanner_guidance] Upgrade libapache2-mod-php5 from 5.5.9+dfsg-1ubuntu4.14 to 5.5.9+dfsg-1ubuntu4.21"
530,24.0,P4,720,appsec-legacy,bwapp,trivy,php: Integer overflow in phar_parse_pharfile,low,CVE-2016-10159,CWE-190,raesene/bwapp:latest (ubuntu 14.04),,,,,False,,False,,0.0,libapache2-mod-php5,5.5.9+dfsg-1ubuntu4.21,Integer overflow in the phar_parse_pharfile function in ext/phar/phar.c in PHP before 5.6.30 and 7.0.x before 7.0.15 allows remote attackers to cause a denial of service (memory consumption or application crash) via a truncated manifest entry in a PHAR archive.,"[first_aid] Apply the vendor security patch for CVE-2016-10159; if unavailable, isolate the container and restrict egress. | [full_remediation] Upgrade package libapache2-mod-php5 from 5.5.9+dfsg-1ubuntu4.14 to 5.5.9+dfsg-1ubuntu4.21 (fixed version) in the image a | [scanner_guidance] Upgrade libapache2-mod-php5 from 5.5.9+dfsg-1ubuntu4.14 to 5.5.9+dfsg-1ubuntu4.21"
531,24.0,P4,720,appsec-legacy,bwapp,trivy,php: Out-of-bounds heap read on unserialize in finish_nested_data(),low,CVE-2016-10161,CWE-125,raesene/bwapp:latest (ubuntu 14.04),,,,,False,,False,,0.0,libapache2-mod-php5,5.5.9+dfsg-1ubuntu4.21,"The object_common1 function in ext/standard/var_unserializer.c in PHP before 5.6.30, 7.0.x before 7.0.15, and 7.1.x before 7.1.1 allows remote attackers to cause a denial of service (buffer over-read and application crash) via crafted serialized data that is mishandled in a finish_nested_data call.","[first_aid] Apply the vendor security patch for CVE-2016-10161; if unavailable, isolate the container and restrict egress. | [full_remediation] Upgrade package libapache2-mod-php5 from 5.5.9+dfsg-1ubuntu4.14 to 5.5.9+dfsg-1ubuntu4.21 (fixed version) in the image a | [scanner_guidance] Upgrade libapache2-mod-php5 from 5.5.9+dfsg-1ubuntu4.14 to 5.5.9+dfsg-1ubuntu4.21"
532,24.0,P4,720,appsec-legacy,bwapp,trivy,php: Output of stream_get_meta_data can be falsified by its input,low,CVE-2016-10712,CWE-20,raesene/bwapp:latest (ubuntu 14.04),,,,,False,,False,,0.0,libapache2-mod-php5,5.5.9+dfsg-1ubuntu4.24,"In PHP before 5.5.32, 5.6.x before 5.6.18, and 7.x before 7.0.3, all of the return values of stream_get_meta_data can be controlled if the input can be controlled (e.g., during file uploads). For example, a ""$uri = stream_get_meta_data(fopen($file, ""r""))['uri']"" call mishandles the case where $file is data:text/plain;uri=eviluri, -- in other words, metadata can be set by an attacker.","[first_aid] Apply the vendor security patch for CVE-2016-10712; if unavailable, isolate the container and restrict egress. | [full_remediation] Upgrade package libapache2-mod-php5 from 5.5.9+dfsg-1ubuntu4.14 to 5.5.9+dfsg-1ubuntu4.24 (fixed version) in the image a | [scanner_guidance] Upgrade libapache2-mod-php5 from 5.5.9+dfsg-1ubuntu4.14 to 5.5.9+dfsg-1ubuntu4.24"
533,24.0,P4,720,appsec-legacy,bwapp,trivy,php: Session Data Injection Vulnerability,low,CVE-2016-7125,CWE-74,raesene/bwapp:latest (ubuntu 14.04),,,,,False,,False,,0.0,libapache2-mod-php5,5.5.9+dfsg-1ubuntu4.20,"ext/session/session.c in PHP before 5.6.25 and 7.x before 7.0.10 skips invalid session names in a way that triggers incorrect parsing, which allows remote attackers to inject arbitrary-type session data by leveraging control of a session name, as demonstrated by object injection.","[first_aid] Apply the vendor security patch for CVE-2016-7125; if unavailable, isolate the container and restrict egress. | [full_remediation] Upgrade package libapache2-mod-php5 from 5.5.9+dfsg-1ubuntu4.14 to 5.5.9+dfsg-1ubuntu4.20 (fixed version) in the image a | [scanner_guidance] Upgrade libapache2-mod-php5 from 5.5.9+dfsg-1ubuntu4.14 to 5.5.9+dfsg-1ubuntu4.20"
534,24.0,P4,720,appsec-legacy,bwapp,trivy,php: Memory Leakage In exif_process_IFD_in_TIFF,low,CVE-2016-7128,CWE-200,raesene/bwapp:latest (ubuntu 14.04),,,,,False,,False,,0.513,libapache2-mod-php5,5.5.9+dfsg-1ubuntu4.20,"The exif_process_IFD_in_TIFF function in ext/exif/exif.c in PHP before 5.6.25 and 7.x before 7.0.10 mishandles the case of a thumbnail offset that exceeds the file size, which allows remote attackers to obtain sensitive information from process memory via a crafted TIFF image.","[first_aid] Apply the vendor security patch for CVE-2016-7128; if unavailable, isolate the container and restrict egress. | [full_remediation] Upgrade package libapache2-mod-php5 from 5.5.9+dfsg-1ubuntu4.14 to 5.5.9+dfsg-1ubuntu4.20 (fixed version) in the image a | [scanner_guidance] Upgrade libapache2-mod-php5 from 5.5.9+dfsg-1ubuntu4.14 to 5.5.9+dfsg-1ubuntu4.20"
535,24.0,P4,720,appsec-legacy,bwapp,trivy,php: File rename across filesystems may allow unwanted access during processing,low,CVE-2019-9637,CWE-264,raesene/bwapp:latest (ubuntu 14.04),,,,,False,,False,,0.0,libapache2-mod-php5,5.5.9+dfsg-1ubuntu4.29,"An issue was discovered in PHP before 7.1.27, 7.2.x before 7.2.16, and 7.3.x before 7.3.3. Due to the way rename() across filesystems is implemented, it is possible that file being renamed is briefly available with wrong permissions while the rename is ongoing, thus enabling unauthorized users to access the data.","[first_aid] Apply the vendor security patch for CVE-2019-9637; if unavailable, isolate the container and restrict egress. | [full_remediation] Upgrade package libapache2-mod-php5 from 5.5.9+dfsg-1ubuntu4.14 to 5.5.9+dfsg-1ubuntu4.29 (fixed version) in the image a | [scanner_guidance] Upgrade libapache2-mod-php5 from 5.5.9+dfsg-1ubuntu4.14 to 5.5.9+dfsg-1ubuntu4.29"
536,24.0,P4,720,appsec-legacy,bwapp,trivy,glibc: Unexpected closing of nss_files databases after lookups causes denial of service,low,CVE-2014-8121,CWE-17,raesene/bwapp:latest (ubuntu 14.04),,,,,False,,False,,0.0,libc-bin,2.19-0ubuntu6.8,"DB_LOOKUP in nss_files/files-XXX.c in the Name Service Switch (NSS) in GNU C Library (aka glibc or libc6) 2.21 and earlier does not properly check if a file is open, which allows remote attackers to cause a denial of service (infinite loop) by performing a look-up on a database while iterating over it, which triggers the file pointer to be reset.","[first_aid] Apply the vendor security patch for CVE-2014-8121; if unavailable, isolate the container and restrict egress. | [full_remediation] Upgrade package libc-bin from 2.19-0ubuntu6.6 to 2.19-0ubuntu6.8 (fixed version) in the image and rebuild/redeploy. | [scanner_guidance] Upgrade libc-bin from 2.19-0ubuntu6.6 to 2.19-0ubuntu6.8"
537,24.0,P4,720,appsec-legacy,bwapp,trivy,glibc: Stack-based buffer overflow in glob with GLOB_ALTDIRFUNC and crafted directory,low,CVE-2016-1234,CWE-119,raesene/bwapp:latest (ubuntu 14.04),,,,,False,,False,,0.0,libc-bin,2.19-0ubuntu6.10,"Stack-based buffer overflow in the glob implementation in GNU C Library (aka glibc) before 2.24, when GLOB_ALTDIRFUNC is used, allows context-dependent attackers to cause a denial of service (crash) via a long name.","[first_aid] Apply the vendor security patch for CVE-2016-1234; if unavailable, isolate the container and restrict egress. | [full_remediation] Upgrade package libc-bin from 2.19-0ubuntu6.6 to 2.19-0ubuntu6.10 (fixed version) in the image and rebuild/redeploy. | [scanner_guidance] Upgrade libc-bin from 2.19-0ubuntu6.6 to 2.19-0ubuntu6.10"
538,24.0,P4,720,appsec-legacy,bwapp,trivy,glibc: Stack overflow in nss_dns_getnetbyname_r,low,CVE-2016-3075,CWE-119,raesene/bwapp:latest (ubuntu 14.04),,,,,False,,False,,0.0,libc-bin,2.19-0ubuntu6.8,Stack-based buffer overflow in the nss_dns implementation of the getnetbyname function in GNU C Library (aka glibc) before 2.24 allows context-dependent attackers to cause a denial of service (stack consumption and application crash) via a long name.,"[first_aid] Apply the vendor security patch for CVE-2016-3075; if unavailable, isolate the container and restrict egress. | [full_remediation] Upgrade package libc-bin from 2.19-0ubuntu6.6 to 2.19-0ubuntu6.8 (fixed version) in the image and rebuild/redeploy. | [scanner_guidance] Upgrade libc-bin from 2.19-0ubuntu6.6 to 2.19-0ubuntu6.8"
539,24.0,P4,720,appsec-legacy,bwapp,trivy,curl: TLS session resumption client cert bypass,medium,CVE-2016-5419,CWE-310,raesene/bwapp:latest (ubuntu 14.04),,,,,False,,False,,0.0,libcurl3-gnutls,7.35.0-1ubuntu2.8,"curl and libcurl before 7.50.1 do not prevent TLS session resumption when the client certificate has changed, which allows remote attackers to bypass intended restrictions by resuming a session.","[first_aid] Apply the vendor security patch for CVE-2016-5419; if unavailable, isolate the container and restrict egress. | [full_remediation] Upgrade package libcurl3-gnutls from 7.35.0-1ubuntu2.6 to 7.35.0-1ubuntu2.8 (fixed version) in the image and rebuild/red | [scanner_guidance] Upgrade libcurl3-gnutls from 7.35.0-1ubuntu2.6 to 7.35.0-1ubuntu2.8"
540,24.0,P4,720,appsec-legacy,bwapp,trivy,curl: Use-after-free via shared cookies,medium,CVE-2016-8623,CWE-416,raesene/bwapp:latest (ubuntu 14.04),,,,,False,,False,,0.0,libcurl3-gnutls,7.35.0-1ubuntu2.10,A flaw was found in curl before version 7.51.0. The way curl handles cookies permits other threads to trigger a use-after-free leading to information disclosure.,"[first_aid] Apply the vendor security patch for CVE-2016-8623; if unavailable, isolate the container and restrict egress. | [full_remediation] Upgrade package libcurl3-gnutls from 7.35.0-1ubuntu2.6 to 7.35.0-1ubuntu2.10 (fixed version) in the image and rebuild/re | [scanner_guidance] Upgrade libcurl3-gnutls from 7.35.0-1ubuntu2.6 to 7.35.0-1ubuntu2.10"
541,24.0,P4,720,appsec-legacy,bwapp,trivy,curl: FTP PWD response parser out of bounds read,medium,CVE-2017-1000254,CWE-119,raesene/bwapp:latest (ubuntu 14.04),,,,,False,,False,,0.0,libcurl3-gnutls,7.35.0-1ubuntu2.11,"libcurl may read outside of a heap allocated buffer when doing FTP. When libcurl connects to an FTP server and successfully logs in (anonymous or not), it asks the server for the current directory with the `PWD` command. The server then responds with a 257 response containing the path, inside double quotes. The returned path name is then kept by libcurl for subsequent uses. Due to a flaw in the string parser for this directory name, a directory name passed like this but without a closing double quote would lead to libcurl not adding a trailing NUL byte to the buffer holding the name. When libcurl would then later access the string, it could read beyond the allocated heap buffer and crash or wrongly access data beyond the buffer, thinking it was part of the path. A malicious server could abuse this fact and effectively prevent libcurl-based clients to work with it - the PWD command is always issued on new FTP connections and the mistake has a high chance of causing a segfault. The simple fact that this has issue remained undiscovered for this long could suggest that malformed PWD responses are rare in benign servers. We are not aware of any exploit of this flaw. This bug was introduced in commit [415d2e7cb7](https://github.com/curl/curl/commit/415d2e7cb7), March 2005. In libcurl version 7.56.0, the parser always zero terminates the string but also rejects it if not terminated properly with a final double quote.","[first_aid] Apply the vendor security patch for CVE-2017-1000254; if unavailable, isolate the container and restrict egress. | [full_remediation] Upgrade package libcurl3-gnutls from 7.35.0-1ubuntu2.6 to 7.35.0-1ubuntu2.11 (fixed version) in the image and rebuild/re | [scanner_guidance] Upgrade libcurl3-gnutls from 7.35.0-1ubuntu2.6 to 7.35.0-1ubuntu2.11"
542,24.0,P4,720,appsec-legacy,bwapp,trivy,curl: LDAP NULL pointer dereference,medium,CVE-2018-1000121,CWE-476,raesene/bwapp:latest (ubuntu 14.04),,,,,False,,False,,0.0,libcurl3-gnutls,7.35.0-1ubuntu2.15,A NULL pointer dereference exists in curl 7.21.0 to and including curl 7.58.0 in the LDAP code that allows an attacker to cause a denial of service,"[first_aid] Apply the vendor security patch for CVE-2018-1000121; if unavailable, isolate the container and restrict egress. | [full_remediation] Upgrade package libcurl3-gnutls from 7.35.0-1ubuntu2.6 to 7.35.0-1ubuntu2.15 (fixed version) in the image and rebuild/re | [scanner_guidance] Upgrade libcurl3-gnutls from 7.35.0-1ubuntu2.6 to 7.35.0-1ubuntu2.15"
543,24.0,P4,720,appsec-legacy,bwapp,trivy,curl: Incorrect reuse of client certificates,low,CVE-2016-7141,CWE-287,raesene/bwapp:latest (ubuntu 14.04),,,,,False,,False,,0.798,libcurl3-gnutls,7.35.0-1ubuntu2.10,"curl and libcurl before 7.50.2, when built with NSS and the libnsspem.so library is available at runtime, allow remote attackers to hijack the authentication of a TLS connection by leveraging reuse of a previously loaded client certificate from file for a connection for which no certificate has been set, a different vulnerability than CVE-2016-5420.","[first_aid] Apply the vendor security patch for CVE-2016-7141; if unavailable, isolate the container and restrict egress. | [full_remediation] Upgrade package libcurl3-gnutls from 7.35.0-1ubuntu2.6 to 7.35.0-1ubuntu2.10 (fixed version) in the image and rebuild/re | [scanner_guidance] Upgrade libcurl3-gnutls from 7.35.0-1ubuntu2.6 to 7.35.0-1ubuntu2.10"
544,24.0,P4,720,appsec-legacy,bwapp,trivy,curl: curl_getdate out-of-bounds read,low,CVE-2016-8621,CWE-125,raesene/bwapp:latest (ubuntu 14.04),,,,,False,,False,,0.0,libcurl3-gnutls,7.35.0-1ubuntu2.10,The `curl_getdate` function in curl before version 7.51.0 is vulnerable to an out of bounds read if it receives an input with one digit short.,"[first_aid] Apply the vendor security patch for CVE-2016-8621; if unavailable, isolate the container and restrict egress. | [full_remediation] Upgrade package libcurl3-gnutls from 7.35.0-1ubuntu2.6 to 7.35.0-1ubuntu2.10 (fixed version) in the image and rebuild/re | [scanner_guidance] Upgrade libcurl3-gnutls from 7.35.0-1ubuntu2.6 to 7.35.0-1ubuntu2.10"
545,24.0,P4,720,appsec-legacy,bwapp,trivy,curl: SMTP end-of-response out-of-bounds read,low,CVE-2019-3823,CWE-125,raesene/bwapp:latest (ubuntu 14.04),,,,,False,,False,,0.0,libcurl3-gnutls,7.35.0-1ubuntu2.20,"libcurl versions from 7.34.0 to before 7.64.0 are vulnerable to a heap out-of-bounds read in the code handling the end-of-response for SMTP. If the buffer passed to `smtp_endofresp()` isn't NUL terminated and contains no character ending the parsed number, and `len` is set to 5, then the `strtol()` call reads beyond the allocated buffer. The read contents will not be returned to the caller.","[first_aid] Apply the vendor security patch for CVE-2019-3823; if unavailable, isolate the container and restrict egress. | [full_remediation] Upgrade package libcurl3-gnutls from 7.35.0-1ubuntu2.6 to 7.35.0-1ubuntu2.20 (fixed version) in the image and rebuild/re | [scanner_guidance] Upgrade libcurl3-gnutls from 7.35.0-1ubuntu2.6 to 7.35.0-1ubuntu2.20"
546,24.0,P4,720,appsec-legacy,bwapp,trivy,expat: Inifinite loop due to invalid XML in external entity,medium,CVE-2017-9233,CWE-611,raesene/bwapp:latest (ubuntu 14.04),,,,,False,,False,,0.798,libexpat1,2.1.0-4ubuntu1.4,XML External Entity vulnerability in libexpat 2.2.0 and earlier (Expat XML Parser Library) allows attackers to put the parser in an infinite loop using a malformed external entity definition from an external DTD.,"[first_aid] Apply the vendor security patch for CVE-2017-9233; if unavailable, isolate the container and restrict egress. | [full_remediation] Upgrade package libexpat1 from 2.1.0-4ubuntu1.1 to 2.1.0-4ubuntu1.4 (fixed version) in the image and rebuild/redeploy. | [scanner_guidance] Upgrade libexpat1 from 2.1.0-4ubuntu1.1 to 2.1.0-4ubuntu1.4"
547,24.0,P4,720,appsec-legacy,bwapp,trivy,gnutls: Out of memory while parsing crafted OpenPGP certificate,medium,CVE-2017-5335,CWE-125,raesene/bwapp:latest (ubuntu 14.04),,,,,False,,False,,0.0,libgnutls-openssl27,2.12.23-12ubuntu2.6,The stream reading functions in lib/opencdk/read-packet.c in GnuTLS before 3.3.26 and 3.5.x before 3.5.8 allow remote attackers to cause a denial of service (out-of-memory error and crash) via a crafted OpenPGP certificate.,"[first_aid] Apply the vendor security patch for CVE-2017-5335; if unavailable, isolate the container and restrict egress. | [full_remediation] Upgrade package libgnutls-openssl27 from 2.12.23-12ubuntu2.4 to 2.12.23-12ubuntu2.6 (fixed version) in the image and reb | [scanner_guidance] Upgrade libgnutls-openssl27 from 2.12.23-12ubuntu2.4 to 2.12.23-12ubuntu2.6"
548,24.0,P4,720,appsec-legacy,bwapp,trivy,SSL/TLS: Malformed plain-text ALERT packets could cause remote DoS,low,CVE-2016-8610,CWE-400,raesene/bwapp:latest (ubuntu 14.04),,,,,False,,False,,0.0,libgnutls-openssl27,2.12.23-12ubuntu2.7,"A denial of service flaw was found in OpenSSL 0.9.8, 1.0.1, 1.0.2 through 1.0.2h, and 1.1.0 in the way the TLS/SSL protocol defined processing of ALERT packets during a connection handshake. A remote attacker could use this flaw to make a TLS/SSL server consume an excessive amount of CPU and fail to accept connections from other clients.","[first_aid] Apply the vendor security patch for CVE-2016-8610; if unavailable, isolate the container and restrict egress. | [full_remediation] Upgrade package libgnutls-openssl27 from 2.12.23-12ubuntu2.4 to 2.12.23-12ubuntu2.7 (fixed version) in the image and reb | [scanner_guidance] Upgrade libgnutls-openssl27 from 2.12.23-12ubuntu2.4 to 2.12.23-12ubuntu2.7"
549,24.0,P4,720,appsec-legacy,bwapp,trivy,libidn: Out of bounds stack read in idna_to_ascii_4i,medium,CVE-2016-6261,CWE-125,raesene/bwapp:latest (ubuntu 14.04),,,,,False,,False,,0.0,libidn11,1.28-1ubuntu2.1,The idna_to_ascii_4i function in lib/idna.c in libidn before 1.33 allows context-dependent attackers to cause a denial of service (out-of-bounds read and crash) via 64 bytes of input.,"[first_aid] Apply the vendor security patch for CVE-2016-6261; if unavailable, isolate the container and restrict egress. | [full_remediation] Upgrade package libidn11 from 1.28-1ubuntu2 to 1.28-1ubuntu2.1 (fixed version) in the image and rebuild/redeploy. | [scanner_guidance] Upgrade libidn11 from 1.28-1ubuntu2 to 1.28-1ubuntu2.1"
550,24.0,P4,720,appsec-legacy,bwapp,trivy,libidn: Out-of-bounds read due to use of fgets with fixed-size buffer,low,CVE-2015-8948,CWE-125,raesene/bwapp:latest (ubuntu 14.04),,,,,False,,False,,0.0,libidn11,1.28-1ubuntu2.1,"idn in GNU libidn before 1.33 might allow remote attackers to obtain sensitive memory information by reading a zero byte as input, which triggers an out-of-bounds read.","[first_aid] Apply the vendor security patch for CVE-2015-8948; if unavailable, isolate the container and restrict egress. | [full_remediation] Upgrade package libidn11 from 1.28-1ubuntu2 to 1.28-1ubuntu2.1 (fixed version) in the image and rebuild/redeploy. | [scanner_guidance] Upgrade libidn11 from 1.28-1ubuntu2 to 1.28-1ubuntu2.1"
551,24.0,P4,720,appsec-legacy,bwapp,trivy,mysql: prepared statement handle use-after-free after disconnect,low,CVE-2017-3302,CWE-416,raesene/bwapp:latest (ubuntu 14.04),,,,,False,,False,,0.0,libmysqlclient18,5.5.55-0ubuntu0.14.04.1,"Crash in libmysqlclient.so in Oracle MySQL before 5.6.21 and 5.7.x before 5.7.5 and MariaDB through 5.5.54, 10.0.x through 10.0.29, 10.1.x through 10.1.21, and 10.2.x through 10.2.3.","[first_aid] Apply the vendor security patch for CVE-2017-3302; if unavailable, isolate the container and restrict egress. | [full_remediation] Upgrade package libmysqlclient18 from 5.5.47-0ubuntu0.14.04.1 to 5.5.55-0ubuntu0.14.04.1 (fixed version) in the image an | [scanner_guidance] Upgrade libmysqlclient18 from 5.5.47-0ubuntu0.14.04.1 to 5.5.55-0ubuntu0.14.04.1"
552,24.0,P4,720,appsec-legacy,bwapp,trivy,pcre: pcregrep -q is not always quiet (8.38/28),low,CVE-2015-8393,CWE-200,raesene/bwapp:latest (ubuntu 14.04),,,,,False,,False,,0.513,libpcre3,1:8.31-2ubuntu2.2,"pcregrep in PCRE before 8.38 mishandles the -q option for binary files, which might allow remote attackers to obtain sensitive information via a crafted file, as demonstrated by a CGI script that sends stdout data to a client.","[first_aid] Apply the vendor security patch for CVE-2015-8393; if unavailable, isolate the container and restrict egress. | [full_remediation] Upgrade package libpcre3 from 1:8.31-2ubuntu2.1 to 1:8.31-2ubuntu2.2 (fixed version) in the image and rebuild/redeploy. | [scanner_guidance] Upgrade libpcre3 from 1:8.31-2ubuntu2.1 to 1:8.31-2ubuntu2.2"
553,24.0,P4,720,appsec-legacy,bwapp,trivy,procps: denial of service in ps via mmap buffer overflow,medium,CVE-2018-1123,CWE-122,raesene/bwapp:latest (ubuntu 14.04),,,,,False,,False,,0.0,libprocps3,1:3.3.9-1ubuntu2.3,"procps-ng before version 3.3.15 is vulnerable to a denial of service in ps via mmap buffer overflow. Inbuilt protection in ps maps a guard page at the end of the overflowed buffer, ensuring that the impact of this flaw is limited to a crash (temporary denial of service).","[first_aid] Apply the vendor security patch for CVE-2018-1123; if unavailable, isolate the container and restrict egress. | [full_remediation] Upgrade package libprocps3 from 1:3.3.9-1ubuntu2.2 to 1:3.3.9-1ubuntu2.3 (fixed version) in the image and rebuild/redepl | [scanner_guidance] Upgrade libprocps3 from 1:3.3.9-1ubuntu2.2 to 1:3.3.9-1ubuntu2.3"
554,24.0,P4,720,appsec-legacy,bwapp,trivy,procps: stack buffer overflow in pgrep,medium,CVE-2018-1125,CWE-121,raesene/bwapp:latest (ubuntu 14.04),,,,,False,,False,,0.0,libprocps3,1:3.3.9-1ubuntu2.3,"procps-ng before version 3.3.15 is vulnerable to a stack buffer overflow in pgrep. This vulnerability is mitigated by FORTIFY, as it involves strncat() to a stack-allocated string. When pgrep is compiled with FORTIFY (as on Red Hat Enterprise Linux and Fedora), the impact is limited to a crash.","[first_aid] Apply the vendor security patch for CVE-2018-1125; if unavailable, isolate the container and restrict egress. | [full_remediation] Upgrade package libprocps3 from 1:3.3.9-1ubuntu2.2 to 1:3.3.9-1ubuntu2.3 (fixed version) in the image and rebuild/redepl | [scanner_guidance] Upgrade libprocps3 from 1:3.3.9-1ubuntu2.2 to 1:3.3.9-1ubuntu2.3"
555,24.0,P4,720,appsec-legacy,bwapp,trivy,python: DOS via regular expression catastrophic backtracking in apop() method in pop3lib,low,CVE-2018-1060,CWE-20,raesene/bwapp:latest (ubuntu 14.04),,,,,False,,False,,0.0,libpython2.7-minimal,2.7.6-8ubuntu0.5,"python before versions 2.7.15, 3.4.9, 3.5.6rc1, 3.6.5rc1 and 3.7.0 is vulnerable to catastrophic backtracking in pop3lib's apop() method. An attacker could use this flaw to cause denial of service.","[first_aid] Apply the vendor security patch for CVE-2018-1060; if unavailable, isolate the container and restrict egress. | [full_remediation] Upgrade package libpython2.7-minimal from 2.7.6-8ubuntu0.2 to 2.7.6-8ubuntu0.5 (fixed version) in the image and rebuild/ | [scanner_guidance] Upgrade libpython2.7-minimal from 2.7.6-8ubuntu0.2 to 2.7.6-8ubuntu0.5"
556,24.0,P4,720,appsec-legacy,bwapp,trivy,The AMF3ReadString function in amf.c in RTMPDump 2.4 allows remote RTM ...,medium,CVE-2015-8270,CWE-476,raesene/bwapp:latest (ubuntu 14.04),,,,,False,,False,,0.0,librtmp0,2.4+20121230.gitdf6c518-1ubuntu0.1,The AMF3ReadString function in amf.c in RTMPDump 2.4 allows remote RTMP Media servers to cause a denial of service (invalid pointer dereference and process crash).,"[first_aid] Apply the vendor security patch for CVE-2015-8270; if unavailable, isolate the container and restrict egress. | [full_remediation] Upgrade package librtmp0 from 2.4+20121230.gitdf6c518-1 to 2.4+20121230.gitdf6c518-1ubuntu0.1 (fixed version) in the ima | [scanner_guidance] Upgrade librtmp0 from 2.4+20121230.gitdf6c518-1 to 2.4+20121230.gitdf6c518-1ubuntu0.1"
557,24.0,P4,720,appsec-legacy,bwapp,trivy,OpenSSL: BN_hex2bn/BN_dec2bn NULL pointer deref/heap corruption,low,CVE-2016-0797,,raesene/bwapp:latest (ubuntu 14.04),,,,,False,,False,,,libssl1.0.0,1.0.1f-1ubuntu2.18,"Multiple integer overflows in OpenSSL 1.0.1 before 1.0.1s and 1.0.2 before 1.0.2g allow remote attackers to cause a denial of service (heap memory corruption or NULL pointer dereference) or possibly have unspecified other impact via a long digit string that is mishandled by the (1) BN_dec2bn or (2) BN_hex2bn function, related to crypto/bn/bn.h and crypto/bn/bn_print.c.","[first_aid] Apply the vendor security patch for CVE-2016-0797; if unavailable, isolate the container and restrict egress. | [full_remediation] Upgrade package libssl1.0.0 from 1.0.1f-1ubuntu2.16 to 1.0.1f-1ubuntu2.18 (fixed version) in the image and rebuild/redep | [scanner_guidance] Upgrade libssl1.0.0 from 1.0.1f-1ubuntu2.16 to 1.0.1f-1ubuntu2.18"
558,24.0,P4,720,appsec-legacy,bwapp,trivy,openssl: DTLS memory exhaustion DoS when messages are not removed from fragment buffer,low,CVE-2016-2179,CWE-399,raesene/bwapp:latest (ubuntu 14.04),,,,,False,,False,,0.0,libssl1.0.0,1.0.1f-1ubuntu2.20,"The DTLS implementation in OpenSSL before 1.1.0 does not properly restrict the lifetime of queue entries associated with unused out-of-order messages, which allows remote attackers to cause a denial of service (memory consumption) by maintaining many crafted DTLS sessions simultaneously, related to d1_lib.c, statem_dtls.c, statem_lib.c, and statem_srvr.c.","[first_aid] Apply the vendor security patch for CVE-2016-2179; if unavailable, isolate the container and restrict egress. | [full_remediation] Upgrade package libssl1.0.0 from 1.0.1f-1ubuntu2.16 to 1.0.1f-1ubuntu2.20 (fixed version) in the image and rebuild/redep | [scanner_guidance] Upgrade libssl1.0.0 from 1.0.1f-1ubuntu2.16 to 1.0.1f-1ubuntu2.20"
559,24.0,P4,720,appsec-legacy,bwapp,trivy,OpenSSL: OOB read in TS_OBJ_print_bio(),low,CVE-2016-2180,CWE-125,raesene/bwapp:latest (ubuntu 14.04),,,,,False,,False,,0.0,libssl1.0.0,1.0.1f-1ubuntu2.20,"The TS_OBJ_print_bio function in crypto/ts/ts_lib.c in the X.509 Public Key Infrastructure Time-Stamp Protocol (TSP) implementation in OpenSSL through 1.0.2h allows remote attackers to cause a denial of service (out-of-bounds read and application crash) via a crafted time-stamp file that is mishandled by the ""openssl ts"" command.","[first_aid] Apply the vendor security patch for CVE-2016-2180; if unavailable, isolate the container and restrict egress. | [full_remediation] Upgrade package libssl1.0.0 from 1.0.1f-1ubuntu2.16 to 1.0.1f-1ubuntu2.20 (fixed version) in the image and rebuild/redep | [scanner_guidance] Upgrade libssl1.0.0 from 1.0.1f-1ubuntu2.16 to 1.0.1f-1ubuntu2.20"
560,24.0,P4,720,appsec-legacy,bwapp,trivy,SSL/TLS: Birthday attack against 64-bit block ciphers (SWEET32),low,CVE-2016-2183,CWE-200,raesene/bwapp:latest (ubuntu 14.04),,,,,False,,False,,0.513,libssl1.0.0,1.0.1f-1ubuntu2.20,"The DES and Triple DES ciphers, as used in the TLS, SSH, and IPSec protocols and other protocols and products, have a birthday bound of approximately four billion blocks, which makes it easier for remote attackers to obtain cleartext data via a birthday attack against a long-duration encrypted session, as demonstrated by an HTTPS session using Triple DES in CBC mode, aka a ""Sweet32"" attack.","[first_aid] Apply the vendor security patch for CVE-2016-2183; if unavailable, isolate the container and restrict egress. | [full_remediation] Upgrade package libssl1.0.0 from 1.0.1f-1ubuntu2.16 to 1.0.1f-1ubuntu2.20 (fixed version) in the image and rebuild/redep | [scanner_guidance] Upgrade libssl1.0.0 from 1.0.1f-1ubuntu2.16 to 1.0.1f-1ubuntu2.20"
561,24.0,P4,720,appsec-legacy,bwapp,trivy,openssl: Insufficient TLS session ticket HMAC length checks,low,CVE-2016-6302,CWE-20,raesene/bwapp:latest (ubuntu 14.04),,,,,False,,False,,0.0,libssl1.0.0,1.0.1f-1ubuntu2.20,"The tls_decrypt_ticket function in ssl/t1_lib.c in OpenSSL before 1.1.0 does not consider the HMAC size during validation of the ticket length, which allows remote attackers to cause a denial of service via a ticket that is too short.","[first_aid] Apply the vendor security patch for CVE-2016-6302; if unavailable, isolate the container and restrict egress. | [full_remediation] Upgrade package libssl1.0.0 from 1.0.1f-1ubuntu2.16 to 1.0.1f-1ubuntu2.20 (fixed version) in the image and rebuild/redep | [scanner_guidance] Upgrade libssl1.0.0 from 1.0.1f-1ubuntu2.16 to 1.0.1f-1ubuntu2.20"
562,24.0,P4,720,appsec-legacy,bwapp,trivy,openssl: Malformed X.509 IPAdressFamily could cause OOB read,low,CVE-2017-3735,CWE-119,raesene/bwapp:latest (ubuntu 14.04),,,,,False,,False,,0.0,libssl1.0.0,1.0.1f-1ubuntu2.23,"While parsing an IPAddressFamily extension in an X.509 certificate, it is possible to do a one-byte overread. This would result in an incorrect text display of the certificate. This bug has been present since 2006 and is present in all versions of OpenSSL before 1.0.2m and 1.1.0g.","[first_aid] Apply the vendor security patch for CVE-2017-3735; if unavailable, isolate the container and restrict egress. | [full_remediation] Upgrade package libssl1.0.0 from 1.0.1f-1ubuntu2.16 to 1.0.1f-1ubuntu2.23 (fixed version) in the image and rebuild/redep | [scanner_guidance] Upgrade libssl1.0.0 from 1.0.1f-1ubuntu2.16 to 1.0.1f-1ubuntu2.23"
563,24.0,P4,720,appsec-legacy,bwapp,trivy,openssl: Malicious server can send large prime to client during DH(E) TLS handshake causing the client to hang,low,CVE-2018-0732,CWE-320,raesene/bwapp:latest (ubuntu 14.04),,,,,False,,False,,0.0,libssl1.0.0,1.0.1f-1ubuntu2.26,During key agreement in a TLS handshake using a DH(E) based ciphersuite a malicious server can send a very large prime value to the client. This will cause the client to spend an unreasonably long period of time generating a key for this prime resulting in a hang until the client has finished. This could be exploited in a Denial Of Service attack. Fixed in OpenSSL 1.1.0i-dev (Affected 1.1.0-1.1.0h). Fixed in OpenSSL 1.0.2p-dev (Affected 1.0.2-1.0.2o).,"[first_aid] Apply the vendor security patch for CVE-2018-0732; if unavailable, isolate the container and restrict egress. | [full_remediation] Upgrade package libssl1.0.0 from 1.0.1f-1ubuntu2.16 to 1.0.1f-1ubuntu2.26 (fixed version) in the image and rebuild/redep | [scanner_guidance] Upgrade libssl1.0.0 from 1.0.1f-1ubuntu2.16 to 1.0.1f-1ubuntu2.26"
564,24.0,P4,720,appsec-legacy,bwapp,trivy,libtasn1: NULL pointer dereference in the _asn1_check_identifier function,low,CVE-2017-10790,CWE-476,raesene/bwapp:latest (ubuntu 14.04),,,,,False,,False,,0.0,libtasn1-6,3.4-3ubuntu0.6,The _asn1_check_identifier function in GNU Libtasn1 through 4.12 causes a NULL pointer dereference and crash when reading crafted input that triggers assignment of a NULL value within an asn1_node structure. It may lead to a remote denial of service attack.,"[first_aid] Apply the vendor security patch for CVE-2017-10790; if unavailable, isolate the container and restrict egress. | [full_remediation] Upgrade package libtasn1-6 from 3.4-3ubuntu0.3 to 3.4-3ubuntu0.6 (fixed version) in the image and rebuild/redeploy. | [scanner_guidance] Upgrade libtasn1-6 from 3.4-3ubuntu0.3 to 3.4-3ubuntu0.6"
565,24.0,P4,720,appsec-legacy,bwapp,trivy,libxml2: Buffer overflow in function xmlSnprintfElementContent,medium,CVE-2017-9047,CWE-119,raesene/bwapp:latest (ubuntu 14.04),,,,,False,,False,,0.0,libxml2,2.9.1+dfsg1-3ubuntu4.10,"A buffer overflow was discovered in libxml2 20904-GITv2.9.4-16-g0741801. The function xmlSnprintfElementContent in valid.c is supposed to recursively dump the element content definition into a char buffer 'buf' of size 'size'. The variable len is assigned strlen(buf). If the content->type is XML_ELEMENT_CONTENT_ELEMENT, then (i) the content->prefix is appended to buf (if it actually fits) whereupon (ii) content->name is written to the buffer. However, the check for whether the content->name actually fits also uses 'len' rather than the updated buffer length strlen(buf). This allows us to write about ""size"" many bytes beyond the allocated memory. This vulnerability causes programs that use libxml2, such as PHP, to crash.","[first_aid] Apply the vendor security patch for CVE-2017-9047; if unavailable, isolate the container and restrict egress. | [full_remediation] Upgrade package libxml2 from 2.9.1+dfsg1-3ubuntu4.7 to 2.9.1+dfsg1-3ubuntu4.10 (fixed version) in the image and rebuild/ | [scanner_guidance] Upgrade libxml2 from 2.9.1+dfsg1-3ubuntu4.7 to 2.9.1+dfsg1-3ubuntu4.10"
566,24.0,P4,720,appsec-legacy,bwapp,trivy,libxml2: Stack-based buffer overflow in function xmlSnprintfElementContent,medium,CVE-2017-9048,CWE-119,raesene/bwapp:latest (ubuntu 14.04),,,,,False,,False,,0.0,libxml2,2.9.1+dfsg1-3ubuntu4.10,"libxml2 20904-GITv2.9.4-16-g0741801 is vulnerable to a stack-based buffer overflow. The function xmlSnprintfElementContent in valid.c is supposed to recursively dump the element content definition into a char buffer 'buf' of size 'size'. At the end of the routine, the function may strcat two more characters without checking whether the current strlen(buf) + 2 < size. This vulnerability causes programs that use libxml2, such as PHP, to crash.","[first_aid] Apply the vendor security patch for CVE-2017-9048; if unavailable, isolate the container and restrict egress. | [full_remediation] Upgrade package libxml2 from 2.9.1+dfsg1-3ubuntu4.7 to 2.9.1+dfsg1-3ubuntu4.10 (fixed version) in the image and rebuild/ | [scanner_guidance] Upgrade libxml2 from 2.9.1+dfsg1-3ubuntu4.7 to 2.9.1+dfsg1-3ubuntu4.10"
567,24.0,P4,720,appsec-legacy,bwapp,trivy,libxml2: Heap-based buffer over-read in function xmlDictComputeFastKey,medium,CVE-2017-9049,CWE-125,raesene/bwapp:latest (ubuntu 14.04),,,,,False,,False,,0.0,libxml2,2.9.1+dfsg1-3ubuntu4.10,"libxml2 20904-GITv2.9.4-16-g0741801 is vulnerable to a heap-based buffer over-read in the xmlDictComputeFastKey function in dict.c. This vulnerability causes programs that use libxml2, such as PHP, to crash. This vulnerability exists because of an incomplete fix for libxml2 Bug 759398.","[first_aid] Apply the vendor security patch for CVE-2017-9049; if unavailable, isolate the container and restrict egress. | [full_remediation] Upgrade package libxml2 from 2.9.1+dfsg1-3ubuntu4.7 to 2.9.1+dfsg1-3ubuntu4.10 (fixed version) in the image and rebuild/ | [scanner_guidance] Upgrade libxml2 from 2.9.1+dfsg1-3ubuntu4.7 to 2.9.1+dfsg1-3ubuntu4.10"
568,24.0,P4,720,appsec-legacy,bwapp,trivy,libxml2: NULL pointer dereference in xmlXPathCompOpEval() function in xpath.c,medium,CVE-2018-14404,CWE-476,raesene/bwapp:latest (ubuntu 14.04),,,,,False,,False,,0.0,libxml2,2.9.1+dfsg1-3ubuntu4.13,A NULL pointer dereference vulnerability exists in the xpath.c:xmlXPathCompOpEval() function of libxml2 through 2.9.8 when parsing an invalid XPath expression in the XPATH_OP_AND or XPATH_OP_OR case. Applications processing untrusted XSL format inputs with the use of the libxml2 library may be vulnerable to a denial of service attack due to a crash of the application.,"[first_aid] Apply the vendor security patch for CVE-2018-14404; if unavailable, isolate the container and restrict egress. | [full_remediation] Upgrade package libxml2 from 2.9.1+dfsg1-3ubuntu4.7 to 2.9.1+dfsg1-3ubuntu4.13 (fixed version) in the image and rebuild/ | [scanner_guidance] Upgrade libxml2 from 2.9.1+dfsg1-3ubuntu4.7 to 2.9.1+dfsg1-3ubuntu4.13"
569,24.0,P4,720,appsec-legacy,bwapp,trivy,libxml2: heap-buffer overread in dict.c,low,CVE-2015-8806,,raesene/bwapp:latest (ubuntu 14.04),,,,,False,,False,,,libxml2,2.9.1+dfsg1-3ubuntu4.8,"dict.c in libxml2 allows remote attackers to cause a denial of service (heap-based buffer over-read and application crash) via an unexpected character immediately after the ""<!DOCTYPE html"" substring in a crafted HTML document.","[first_aid] Apply the vendor security patch for CVE-2015-8806; if unavailable, isolate the container and restrict egress. | [full_remediation] Upgrade package libxml2 from 2.9.1+dfsg1-3ubuntu4.7 to 2.9.1+dfsg1-3ubuntu4.8 (fixed version) in the image and rebuild/r | [scanner_guidance] Upgrade libxml2 from 2.9.1+dfsg1-3ubuntu4.7 to 2.9.1+dfsg1-3ubuntu4.8"
570,24.0,P4,720,appsec-legacy,bwapp,trivy,libxml2: stack overflow before detecting invalid XML file,low,CVE-2016-3705,CWE-20,raesene/bwapp:latest (ubuntu 14.04),,,,,False,,False,,0.0,libxml2,2.9.1+dfsg1-3ubuntu4.8,"The (1) xmlParserEntityCheck and (2) xmlParseAttValueComplex functions in parser.c in libxml2 2.9.3 do not properly keep track of the recursion depth, which allows context-dependent attackers to cause a denial of service (stack consumption and application crash) via a crafted XML document containing a large number of nested entity references.","[first_aid] Apply the vendor security patch for CVE-2016-3705; if unavailable, isolate the container and restrict egress. | [full_remediation] Upgrade package libxml2 from 2.9.1+dfsg1-3ubuntu4.7 to 2.9.1+dfsg1-3ubuntu4.8 (fixed version) in the image and rebuild/r | [scanner_guidance] Upgrade libxml2 from 2.9.1+dfsg1-3ubuntu4.7 to 2.9.1+dfsg1-3ubuntu4.8"
571,24.0,P4,720,appsec-legacy,bwapp,trivy,libxml2: out-of-bounds read,low,CVE-2016-4483,CWE-502,raesene/bwapp:latest (ubuntu 14.04),,,,,False,,False,,0.912,libxml2,2.9.1+dfsg1-3ubuntu4.8,"The xmlBufAttrSerializeTxtContent function in xmlsave.c in libxml2 allows context-dependent attackers to cause a denial of service (out-of-bounds read and application crash) via a non-UTF-8 attribute value, related to serialization.  NOTE: this vulnerability may be a duplicate of CVE-2016-3627.","[first_aid] Apply the vendor security patch for CVE-2016-4483; if unavailable, isolate the container and restrict egress. | [full_remediation] Upgrade package libxml2 from 2.9.1+dfsg1-3ubuntu4.7 to 2.9.1+dfsg1-3ubuntu4.8 (fixed version) in the image and rebuild/r | [scanner_guidance] Upgrade libxml2 from 2.9.1+dfsg1-3ubuntu4.7 to 2.9.1+dfsg1-3ubuntu4.8"
572,24.0,P4,720,appsec-legacy,bwapp,trivy,libxml2: Infinite recursion in parameter entities,low,CVE-2017-16932,CWE-835,raesene/bwapp:latest (ubuntu 14.04),,,,,False,,False,,0.0,libxml2,2.9.1+dfsg1-3ubuntu4.11,parser.c in libxml2 before 2.9.5 does not prevent infinite recursion in parameter entities.,"[first_aid] Apply the vendor security patch for CVE-2017-16932; if unavailable, isolate the container and restrict egress. | [full_remediation] Upgrade package libxml2 from 2.9.1+dfsg1-3ubuntu4.7 to 2.9.1+dfsg1-3ubuntu4.11 (fixed version) in the image and rebuild/ | [scanner_guidance] Upgrade libxml2 from 2.9.1+dfsg1-3ubuntu4.7 to 2.9.1+dfsg1-3ubuntu4.11"
573,24.0,P4,720,appsec-legacy,bwapp,trivy,ntp: stack exhaustion in recursive traversal of restriction list,medium,CVE-2015-7978,CWE-400,raesene/bwapp:latest (ubuntu 14.04),,,,,False,,False,,0.0,ntpdate,1:4.2.6.p5+dfsg-3ubuntu2.14.04.10,"NTP before 4.2.8p6 and 4.3.0 before 4.3.90 allows a remote attackers to cause a denial of service (stack exhaustion) via an ntpdc relist command, which triggers recursive traversal of the restriction list.","[first_aid] Apply the vendor security patch for CVE-2015-7978; if unavailable, isolate the container and restrict egress. | [full_remediation] Upgrade package ntpdate from 1:4.2.6.p5+dfsg-3ubuntu2.14.04.6 to 1:4.2.6.p5+dfsg-3ubuntu2.14.04.10 (fixed version) in th | [scanner_guidance] Upgrade ntpdate from 1:4.2.6.p5+dfsg-3ubuntu2.14.04.6 to 1:4.2.6.p5+dfsg-3ubuntu2.14.04.10"
574,24.0,P4,720,appsec-legacy,bwapp,trivy,ntp: missing check for zero originate timestamp,medium,CVE-2015-8138,CWE-20,raesene/bwapp:latest (ubuntu 14.04),,,,,False,,False,,0.0,ntpdate,1:4.2.6.p5+dfsg-3ubuntu2.14.04.10,NTP before 4.2.8p6 and 4.3.x before 4.3.90 allows remote attackers to bypass the origin timestamp validation via a packet with an origin timestamp set to zero.,"[first_aid] Apply the vendor security patch for CVE-2015-8138; if unavailable, isolate the container and restrict egress. | [full_remediation] Upgrade package ntpdate from 1:4.2.6.p5+dfsg-3ubuntu2.14.04.6 to 1:4.2.6.p5+dfsg-3ubuntu2.14.04.10 (fixed version) in th | [scanner_guidance] Upgrade ntpdate from 1:4.2.6.p5+dfsg-3ubuntu2.14.04.6 to 1:4.2.6.p5+dfsg-3ubuntu2.14.04.10"
575,24.0,P4,720,appsec-legacy,bwapp,trivy,ntp: crypto-NAK preemptable association denial of service,medium,CVE-2016-1547,CWE-20,raesene/bwapp:latest (ubuntu 14.04),,,,,False,,False,,0.0,ntpdate,1:4.2.6.p5+dfsg-3ubuntu2.14.04.10,An off-path attacker can cause a preemptible client association to be demobilized in NTP 4.2.8p4 and earlier and NTPSec a5fb34b9cc89b92a8fef2f459004865c93bb7f92 by sending a crypto NAK packet to a victim client with a spoofed source address of an existing associated peer. This is true even if authentication is enabled.,"[first_aid] Apply the vendor security patch for CVE-2016-1547; if unavailable, isolate the container and restrict egress. | [full_remediation] Upgrade package ntpdate from 1:4.2.6.p5+dfsg-3ubuntu2.14.04.6 to 1:4.2.6.p5+dfsg-3ubuntu2.14.04.10 (fixed version) in th | [scanner_guidance] Upgrade ntpdate from 1:4.2.6.p5+dfsg-3ubuntu2.14.04.6 to 1:4.2.6.p5+dfsg-3ubuntu2.14.04.10"
576,24.0,P4,720,appsec-legacy,bwapp,trivy,ntp: libntp message digest disclosure,medium,CVE-2016-1550,CWE-200,raesene/bwapp:latest (ubuntu 14.04),,,,,False,,False,,0.513,ntpdate,1:4.2.6.p5+dfsg-3ubuntu2.14.04.10,An exploitable vulnerability exists in the message authentication functionality of libntp in ntp 4.2.8p4 and NTPSec a5fb34b9cc89b92a8fef2f459004865c93bb7f92. An attacker can send a series of crafted messages to attempt to recover the message digest key.,"[first_aid] Apply the vendor security patch for CVE-2016-1550; if unavailable, isolate the container and restrict egress. | [full_remediation] Upgrade package ntpdate from 1:4.2.6.p5+dfsg-3ubuntu2.14.04.6 to 1:4.2.6.p5+dfsg-3ubuntu2.14.04.10 (fixed version) in th | [scanner_guidance] Upgrade ntpdate from 1:4.2.6.p5+dfsg-3ubuntu2.14.04.6 to 1:4.2.6.p5+dfsg-3ubuntu2.14.04.10"
577,24.0,P4,720,appsec-legacy,bwapp,trivy,ntp: off-path denial of service on authenticated broadcast mode,low,CVE-2015-7979,CWE-19,raesene/bwapp:latest (ubuntu 14.04),,,,,False,,False,,0.0,ntpdate,1:4.2.6.p5+dfsg-3ubuntu2.14.04.10,NTP before 4.2.8p6 and 4.3.x before 4.3.90 allows remote attackers to cause a denial of service (client-server association tear down) by sending broadcast packets with invalid authentication to a broadcast client.,"[first_aid] Apply the vendor security patch for CVE-2015-7979; if unavailable, isolate the container and restrict egress. | [full_remediation] Upgrade package ntpdate from 1:4.2.6.p5+dfsg-3ubuntu2.14.04.6 to 1:4.2.6.p5+dfsg-3ubuntu2.14.04.10 (fixed version) in th | [scanner_guidance] Upgrade ntpdate from 1:4.2.6.p5+dfsg-3ubuntu2.14.04.6 to 1:4.2.6.p5+dfsg-3ubuntu2.14.04.10"
578,24.0,P4,720,appsec-legacy,bwapp,trivy,ntp: partial processing of spoofed packets,low,CVE-2016-4954,CWE-362,raesene/bwapp:latest (ubuntu 14.04),,,,,False,,False,,0.0,ntpdate,1:4.2.6.p5+dfsg-3ubuntu2.14.04.10,"The process_packet function in ntp_proto.c in ntpd in NTP 4.x before 4.2.8p8 allows remote attackers to cause a denial of service (peer-variable modification) by sending spoofed packets from many source IP addresses in a certain scenario, as demonstrated by triggering an incorrect leap indication.","[first_aid] Apply the vendor security patch for CVE-2016-4954; if unavailable, isolate the container and restrict egress. | [full_remediation] Upgrade package ntpdate from 1:4.2.6.p5+dfsg-3ubuntu2.14.04.6 to 1:4.2.6.p5+dfsg-3ubuntu2.14.04.10 (fixed version) in th | [scanner_guidance] Upgrade ntpdate from 1:4.2.6.p5+dfsg-3ubuntu2.14.04.6 to 1:4.2.6.p5+dfsg-3ubuntu2.14.04.10"
579,24.0,P4,720,appsec-legacy,bwapp,trivy,ntp: broadcast interleave (incomplete fix for CVE-2016-1548),low,CVE-2016-4956,,raesene/bwapp:latest (ubuntu 14.04),,,,,False,,False,,,ntpdate,1:4.2.6.p5+dfsg-3ubuntu2.14.04.10,ntpd in NTP 4.x before 4.2.8p8 allows remote attackers to cause a denial of service (interleaved-mode transition and time change) via a spoofed broadcast packet.  NOTE: this vulnerability exists because of an incomplete fix for CVE-2016-1548.,"[first_aid] Apply the vendor security patch for CVE-2016-4956; if unavailable, isolate the container and restrict egress. | [full_remediation] Upgrade package ntpdate from 1:4.2.6.p5+dfsg-3ubuntu2.14.04.6 to 1:4.2.6.p5+dfsg-3ubuntu2.14.04.10 (fixed version) in th | [scanner_guidance] Upgrade ntpdate from 1:4.2.6.p5+dfsg-3ubuntu2.14.04.6 to 1:4.2.6.p5+dfsg-3ubuntu2.14.04.10"
580,24.0,P4,720,appsec-legacy,bwapp,trivy,ntp: Unauthenticated packet can reset authenticated interleaved association,low,CVE-2018-7185,,raesene/bwapp:latest (ubuntu 14.04),,,,,False,,False,,,ntpdate,1:4.2.6.p5+dfsg-3ubuntu2.14.04.13,"The protocol engine in ntp 4.2.6 before 4.2.8p11 allows a remote attackers to cause a denial of service (disruption) by continually sending a packet with a zero-origin timestamp and source IP address of the ""other side"" of an interleaved association causing the victim ntpd to reset its association.","[first_aid] Apply the vendor security patch for CVE-2018-7185; if unavailable, isolate the container and restrict egress. | [full_remediation] Upgrade package ntpdate from 1:4.2.6.p5+dfsg-3ubuntu2.14.04.6 to 1:4.2.6.p5+dfsg-3ubuntu2.14.04.13 (fixed version) in th | [scanner_guidance] Upgrade ntpdate from 1:4.2.6.p5+dfsg-3ubuntu2.14.04.6 to 1:4.2.6.p5+dfsg-3ubuntu2.14.04.13"
581,24.0,P4,720,appsec-legacy,bwapp,trivy,openssh: Improper write operations in readonly mode allow for zero-length file creation,low,CVE-2017-15906,CWE-732,raesene/bwapp:latest (ubuntu 14.04),,,,,False,,False,,0.0,openssh-client,1:6.6p1-2ubuntu2.10,"The process_open function in sftp-server.c in OpenSSH before 7.6 does not properly prevent write operations in readonly mode, which allows attackers to create zero-length files.","[first_aid] Apply the vendor security patch for CVE-2017-15906; if unavailable, isolate the container and restrict egress. | [full_remediation] Upgrade package openssh-client from 1:6.6p1-2ubuntu2.6 to 1:6.6p1-2ubuntu2.10 (fixed version) in the image and rebuild/r | [scanner_guidance] Upgrade openssh-client from 1:6.6p1-2ubuntu2.6 to 1:6.6p1-2ubuntu2.10"
582,24.0,P4,720,appsec-legacy,bwapp,trivy,openssh: User enumeration via malformed packets in authentication requests,low,CVE-2018-15473,CWE-362,raesene/bwapp:latest (ubuntu 14.04),,,,,False,,False,,0.0,openssh-client,1:6.6p1-2ubuntu2.11,"OpenSSH through 7.7 is prone to a user enumeration vulnerability due to not delaying bailout for an invalid authenticating user until after the packet containing the request has been fully parsed, related to auth2-gss.c, auth2-hostbased.c, and auth2-pubkey.c.","[first_aid] Apply the vendor security patch for CVE-2018-15473; if unavailable, isolate the container and restrict egress. | [full_remediation] Upgrade package openssh-client from 1:6.6p1-2ubuntu2.6 to 1:6.6p1-2ubuntu2.11 (fixed version) in the image and rebuild/r | [scanner_guidance] Upgrade openssh-client from 1:6.6p1-2ubuntu2.6 to 1:6.6p1-2ubuntu2.11"
583,24.0,P4,720,appsec-legacy,bwapp,trivy,patch: NULL pointer dereference in pch.c:intuit_diff_type() causes a crash,low,CVE-2018-6951,CWE-476,raesene/bwapp:latest (ubuntu 14.04),,,,,False,,False,,0.0,patch,2.7.1-4ubuntu2.4,"An issue was discovered in GNU patch through 2.7.6. There is a segmentation fault, associated with a NULL pointer dereference, leading to a denial of service in the intuit_diff_type function in pch.c, aka a ""mangled rename"" issue.","[first_aid] Apply the vendor security patch for CVE-2018-6951; if unavailable, isolate the container and restrict egress. | [full_remediation] Upgrade package patch from 2.7.1-4ubuntu2.3 to 2.7.1-4ubuntu2.4 (fixed version) in the image and rebuild/redeploy. | [scanner_guidance] Upgrade patch from 2.7.1-4ubuntu2.3 to 2.7.1-4ubuntu2.4"
584,24.0,P4,720,appsec-legacy,bwapp,trivy,perl: ambiguous environment variables handling,medium,CVE-2016-2381,CWE-20,raesene/bwapp:latest (ubuntu 14.04),,,,,False,,False,,0.0,perl,5.18.2-2ubuntu1.1,Perl might allow context-dependent attackers to bypass the taint protection mechanism in a child process via duplicate environment variables in envp.,"[first_aid] Apply the vendor security patch for CVE-2016-2381; if unavailable, isolate the container and restrict egress. | [full_remediation] Upgrade package perl from 5.18.2-2ubuntu1 to 5.18.2-2ubuntu1.1 (fixed version) in the image and rebuild/redeploy. | [scanner_guidance] Upgrade perl from 5.18.2-2ubuntu1 to 5.18.2-2ubuntu1.1"
585,24.0,P4,720,appsec-legacy,bwapp,trivy,perl: Heap buffer overflow in regular expression compiler,medium,CVE-2017-12837,CWE-119,raesene/bwapp:latest (ubuntu 14.04),,,,,False,,False,,0.0,perl,5.18.2-2ubuntu1.3,Heap-based buffer overflow in the S_regatom function in regcomp.c in Perl 5 before 5.24.3-RC1 and 5.26.x before 5.26.1-RC1 allows remote attackers to cause a denial of service (out-of-bounds write) via a regular expression with a '\N{}' escape and the case-insensitive modifier.,"[first_aid] Apply the vendor security patch for CVE-2017-12837; if unavailable, isolate the container and restrict egress. | [full_remediation] Upgrade package perl from 5.18.2-2ubuntu1 to 5.18.2-2ubuntu1.3 (fixed version) in the image and rebuild/redeploy. | [scanner_guidance] Upgrade perl from 5.18.2-2ubuntu1 to 5.18.2-2ubuntu1.3"
586,24.0,P4,720,appsec-legacy,bwapp,trivy,perl: regexp matching hangs indefinitely on illegal UTF-8 input,low,CVE-2015-8853,CWE-20,raesene/bwapp:latest (ubuntu 14.04),,,,,False,,False,,0.0,perl,5.18.2-2ubuntu1.4,"The (1) S_reghop3, (2) S_reghop4, and (3) S_reghopmaybe3 functions in regexec.c in Perl before 5.24.0 allow context-dependent attackers to cause a denial of service (infinite loop) via crafted utf-8 data, as demonstrated by ""a\x80.""","[first_aid] Apply the vendor security patch for CVE-2015-8853; if unavailable, isolate the container and restrict egress. | [full_remediation] Upgrade package perl from 5.18.2-2ubuntu1 to 5.18.2-2ubuntu1.4 (fixed version) in the image and rebuild/redeploy. | [scanner_guidance] Upgrade perl from 5.18.2-2ubuntu1 to 5.18.2-2ubuntu1.4"
587,24.0,P4,720,appsec-legacy,bwapp,trivy,rsync: sanitization bypass in parse_argument in options.c,medium,CVE-2018-5764,,raesene/bwapp:latest (ubuntu 14.04),,,,,False,,False,,,rsync,3.1.0-2ubuntu0.4,"The parse_arguments function in options.c in rsyncd in rsync before 3.1.3 does not prevent multiple --protect-args uses, which allows remote attackers to bypass an argument-sanitization protection mechanism.","[first_aid] Apply the vendor security patch for CVE-2018-5764; if unavailable, isolate the container and restrict egress. | [full_remediation] Upgrade package rsync from 3.1.0-2ubuntu0.2 to 3.1.0-2ubuntu0.4 (fixed version) in the image and rebuild/redeploy. | [scanner_guidance] Upgrade rsync from 3.1.0-2ubuntu0.2 to 3.1.0-2ubuntu0.4"
588,24.0,P4,720,appsec-legacy,bwapp,trivy,tar: Bypassing the extract path name,medium,CVE-2016-6321,CWE-22,raesene/bwapp:latest (ubuntu 14.04),,,,,False,,False,,0.798,tar,1.27.1-1ubuntu0.1,"Directory traversal vulnerability in the safer_name_suffix function in GNU tar 1.14 through 1.29 might allow remote attackers to bypass an intended protection mechanism and write to arbitrary files via vectors related to improper sanitization of the file_name parameter, aka POINTYFEATHER.","[first_aid] Apply the vendor security patch for CVE-2016-6321; if unavailable, isolate the container and restrict egress. | [full_remediation] Upgrade package tar from 1.27.1-1 to 1.27.1-1ubuntu0.1 (fixed version) in the image and rebuild/redeploy. | [scanner_guidance] Upgrade tar from 1.27.1-1 to 1.27.1-1ubuntu0.1"
589,23.8,P4,720,appsec-legacy,bwapp,trivy,mysql: unspecified vulnerability in subcomponent: Server: DML (CPU April 2016),medium,CVE-2016-0640,,raesene/bwapp:latest (ubuntu 14.04),,,,,False,,False,,,libmysqlclient18,5.5.49-0ubuntu0.14.04.1,"Unspecified vulnerability in Oracle MySQL 5.5.47 and earlier, 5.6.28 and earlier, and 5.7.10 and earlier and MariaDB before 5.5.48, 10.0.x before 10.0.24, and 10.1.x before 10.1.12 allows local users to affect integrity and availability via vectors related to DML.","[first_aid] Apply the vendor security patch for CVE-2016-0640; if unavailable, isolate the container and restrict egress. | [full_remediation] Upgrade package libmysqlclient18 from 5.5.47-0ubuntu0.14.04.1 to 5.5.49-0ubuntu0.14.04.1 (fixed version) in the image an | [scanner_guidance] Upgrade libmysqlclient18 from 5.5.47-0ubuntu0.14.04.1 to 5.5.49-0ubuntu0.14.04.1"
590,23.8,P4,720,appsec-legacy,bwapp,trivy,mysql: unsafe chmod/chown use in init script (CPU Jan 2017),medium,CVE-2017-3265,,raesene/bwapp:latest (ubuntu 14.04),,,,,False,,False,,,libmysqlclient18,5.5.54-0ubuntu0.14.04.1,"Vulnerability in the MySQL Server component of Oracle MySQL (subcomponent: Server: Packaging). Supported versions that are affected are 5.5.53 and earlier, 5.6.34 and earlier and 5.7.16 and earlier. Difficult to exploit vulnerability allows high privileged attacker with logon to the infrastructure where MySQL Server executes to compromise MySQL Server. Successful attacks require human interaction from a person other than the attacker. Successful attacks of this vulnerability can result in unauthorized access to critical data or complete access to all MySQL Server accessible data and unauthorized ability to cause a hang or frequently repeatable crash (complete DOS) of MySQL Server. CVSS v3.0 Base Score 5.6 (Confidentiality and Availability impacts).","[first_aid] Apply the vendor security patch for CVE-2017-3265; if unavailable, isolate the container and restrict egress. | [full_remediation] Upgrade package libmysqlclient18 from 5.5.47-0ubuntu0.14.04.1 to 5.5.54-0ubuntu0.14.04.1 (fixed version) in the image an | [scanner_guidance] Upgrade libmysqlclient18 from 5.5.47-0ubuntu0.14.04.1 to 5.5.54-0ubuntu0.14.04.1"
591,23.8,P4,720,appsec-legacy,bwapp,trivy,mysql: Server: Security: Privileges unspecified vulnerability (CPU Apr 2017),medium,CVE-2017-3461,,raesene/bwapp:latest (ubuntu 14.04),,,,,False,,False,,,libmysqlclient18,5.5.55-0ubuntu0.14.04.1,"Vulnerability in the MySQL Server component of Oracle MySQL (subcomponent: Server: Security: Privileges). Supported versions that are affected are 5.5.54 and earlier, 5.6.35 and earlier and 5.7.17 and earlier. Easily ""exploitable"" vulnerability allows high privileged attacker with network access via multiple protocols to compromise MySQL Server. Successful attacks of this vulnerability can result in unauthorized ability to cause a hang or frequently repeatable crash (complete DOS) of MySQL Server. CVSS 3.0 Base Score 4.9 (Availability impacts). CVSS Vector: (CVSS:3.0/AV:N/AC:L/PR:H/UI:N/S:U/C:N/I:N/A:H).","[first_aid] Apply the vendor security patch for CVE-2017-3461; if unavailable, isolate the container and restrict egress. | [full_remediation] Upgrade package libmysqlclient18 from 5.5.47-0ubuntu0.14.04.1 to 5.5.55-0ubuntu0.14.04.1 (fixed version) in the image an | [scanner_guidance] Upgrade libmysqlclient18 from 5.5.47-0ubuntu0.14.04.1 to 5.5.55-0ubuntu0.14.04.1"
592,23.8,P4,720,appsec-legacy,bwapp,trivy,mysql: Server: Security: Privileges unspecified vulnerability (CPU Jul 2018),medium,CVE-2018-3063,,raesene/bwapp:latest (ubuntu 14.04),,,,,False,,False,,,libmysqlclient18,5.5.61-0ubuntu0.14.04.1,Vulnerability in the MySQL Server component of Oracle MySQL (subcomponent: Server: Security: Privileges). Supported versions that are affected are 5.5.60 and prior. Easily exploitable vulnerability allows high privileged attacker with network access via multiple protocols to compromise MySQL Server. Successful attacks of this vulnerability can result in unauthorized ability to cause a hang or frequently repeatable crash (complete DOS) of MySQL Server. CVSS 3.0 Base Score 4.9 (Availability impacts). CVSS Vector: (CVSS:3.0/AV:N/AC:L/PR:H/UI:N/S:U/C:N/I:N/A:H).,"[first_aid] Apply the vendor security patch for CVE-2018-3063; if unavailable, isolate the container and restrict egress. | [full_remediation] Upgrade package libmysqlclient18 from 5.5.47-0ubuntu0.14.04.1 to 5.5.61-0ubuntu0.14.04.1 (fixed version) in the image an | [scanner_guidance] Upgrade libmysqlclient18 from 5.5.47-0ubuntu0.14.04.1 to 5.5.61-0ubuntu0.14.04.1"
593,23.8,P4,720,appsec-legacy,bwapp,trivy,mysql: Client programs unspecified vulnerability (CPU Jul 2018),medium,CVE-2018-3081,,raesene/bwapp:latest (ubuntu 14.04),,,,,False,,False,,,libmysqlclient18,5.5.61-0ubuntu0.14.04.1,"Vulnerability in the MySQL Client component of Oracle MySQL (subcomponent: Client programs). Supported versions that are affected are 5.5.60 and prior, 5.6.40 and prior, 5.7.22 and prior and 8.0.11 and prior. Difficult to exploit vulnerability allows high privileged attacker with network access via multiple protocols to compromise MySQL Client. Successful attacks of this vulnerability can result in unauthorized ability to cause a hang or frequently repeatable crash (complete DOS) of MySQL Client as well as unauthorized update, insert or delete access to some of MySQL Client accessible data. CVSS 3.0 Base Score 5.0 (Integrity and Availability impacts). CVSS Vector: (CVSS:3.0/AV:N/AC:H/PR:H/UI:N/S:U/C:N/I:L/A:H).","[first_aid] Apply the vendor security patch for CVE-2018-3081; if unavailable, isolate the container and restrict egress. | [full_remediation] Upgrade package libmysqlclient18 from 5.5.47-0ubuntu0.14.04.1 to 5.5.61-0ubuntu0.14.04.1 (fixed version) in the image an | [scanner_guidance] Upgrade libmysqlclient18 from 5.5.47-0ubuntu0.14.04.1 to 5.5.61-0ubuntu0.14.04.1"
594,23.7,P4,720,appsec-node,nodegoat,trivy,"cookie: cookie accepts cookie name, path, and domain with out of bounds characters",low,CVE-2024-47764,CWE-74,Node.js,,,,,False,,False,,0.0,cookie,0.7.0,"cookie is a basic HTTP cookie parser and serializer for HTTP servers. The cookie name could be used to set other fields of the cookie, resulting in an unexpected cookie value. A similar escape can be used for path and domain, which could be abused to alter other fields of the cookie. Upgrade to 0.7.0, which updates the validation for name, path, and domain.","[first_aid] Apply the vendor security patch for CVE-2024-47764; if unavailable, isolate the container and restrict egress. | [full_remediation] Upgrade package cookie from 0.3.1 to 0.7.0 (fixed version) in the image and rebuild/redeploy. | [scanner_guidance] Upgrade cookie from 0.3.1 to 0.7.0"
595,23.3,P4,720,appsec-legacy,bwapp,trivy,php: Dumpable FPM child processes allow bypassing opcache access controls,medium,CVE-2018-10545,CWE-200,raesene/bwapp:latest (ubuntu 14.04),,,,,False,,False,,0.513,libapache2-mod-php5,5.5.9+dfsg-1ubuntu4.25,"An issue was discovered in PHP before 5.6.35, 7.0.x before 7.0.29, 7.1.x before 7.1.16, and 7.2.x before 7.2.4. Dumpable FPM child processes allow bypassing opcache access controls because fpm_unix.c makes a PR_SET_DUMPABLE prctl call, allowing one user (in a multiuser environment) to obtain sensitive information from the process memory of a second user's PHP applications by running gcore on the PID of the PHP-FPM worker process.","[first_aid] Apply the vendor security patch for CVE-2018-10545; if unavailable, isolate the container and restrict egress. | [full_remediation] Upgrade package libapache2-mod-php5 from 5.5.9+dfsg-1ubuntu4.14 to 5.5.9+dfsg-1ubuntu4.25 (fixed version) in the image a | [scanner_guidance] Upgrade libapache2-mod-php5 from 5.5.9+dfsg-1ubuntu4.14 to 5.5.9+dfsg-1ubuntu4.25"
596,23.3,P4,720,appsec-legacy,bwapp,trivy,openssl: Side-channel vulnerability on SMT/Hyper-Threading architectures (PortSmash),low,CVE-2018-5407,CWE-200,raesene/bwapp:latest (ubuntu 14.04),,,,,False,,False,,0.513,libssl1.0.0,1.0.1f-1ubuntu2.27,Simultaneous Multi-threading (SMT) in processors can enable local users to exploit software vulnerable to timing attacks via a side-channel timing attack on 'port contention'.,"[first_aid] Apply the vendor security patch for CVE-2018-5407; if unavailable, isolate the container and restrict egress. | [full_remediation] Upgrade package libssl1.0.0 from 1.0.1f-1ubuntu2.16 to 1.0.1f-1ubuntu2.27 (fixed version) in the image and rebuild/redep | [scanner_guidance] Upgrade libssl1.0.0 from 1.0.1f-1ubuntu2.16 to 1.0.1f-1ubuntu2.27"
597,23.3,P4,720,appsec-legacy,bwapp,trivy,util-linux: Sending SIGKILL to other processes with root privileges via su,medium,CVE-2017-2616,CWE-267,raesene/bwapp:latest (ubuntu 14.04),,,,,False,,False,,0.0,login,1:4.1.5.1-1ubuntu9.4,A race condition was found in util-linux before 2.32.1 in the way su handled the management of child processes. A local authenticated attacker could use this flaw to kill other processes with root privileges under specific conditions.,"[first_aid] Apply the vendor security patch for CVE-2017-2616; if unavailable, isolate the container and restrict egress. | [full_remediation] Upgrade package login from 1:4.1.5.1-1ubuntu9.1 to 1:4.1.5.1-1ubuntu9.4 (fixed version) in the image and rebuild/redeplo | [scanner_guidance] Upgrade login from 1:4.1.5.1-1ubuntu9.1 to 1:4.1.5.1-1ubuntu9.4"
598,23.3,P4,720,appsec-node,nodegoat,trivy,Out-of-bounds Read,low,NSWG-ECO-445,,Node.js,,,,,False,,False,,,utile,,`utile` allocates uninitialized Buffers when number is passed in input,"[first_aid] Disable or restrict the affected functionality/endpoint at the perimeter (WAF rule, network ACL, feature flag) while the | [full_remediation] Patch or upgrade the affected component to the latest fixed version and re-run the scan to confirm the finding is gone. | [scanner_guidance] Out-of-bounds Read"
599,23.3,P4,720,appsec-node,nodegoat,wapiti,Unencrypted Channels: Sensitive data (cookie in the response) was sent over an unencrypted HTTP connection to http://nodegoat:4000/. The serve,low,,,/,,,,,False,,False,,,,,Sensitive data must be protected when it is transmitted through the network.,"[first_aid] Disable or restrict the affected functionality/endpoint at the perimeter (WAF rule, network ACL, feature flag) while the | [full_remediation] Patch or upgrade the affected component to the latest fixed version and re-run the scan to confirm the finding is gone. | [scanner_guidance] Use HTTPS for the whole web site and redirect any HTTP requests to HTTPS."
600,23.3,P4,720,appsec-node,nodegoat,wapiti,Unencrypted Channels: No HTTPS redirection for this host. All HTTP requests are served in clear text.,low,,,/login,,,,,False,,False,,,,,Sensitive data must be protected when it is transmitted through the network.,"[first_aid] Disable or restrict the affected functionality/endpoint at the perimeter (WAF rule, network ACL, feature flag) while the | [full_remediation] Patch or upgrade the affected component to the latest fixed version and re-run the scan to confirm the finding is gone. | [scanner_guidance] Use HTTPS for the whole web site and redirect any HTTP requests to HTTPS."
601,23.3,P4,720,appsec-node,nodegoat,wapiti,Secure Flag cookie: Secure flag is not set on the cookie: 'connect.sid' set at 'http://nodegoat:4000/',low,,,/,,,,,False,,False,,,,,The secure flag is an option that can be set by the application server when sending a new cookie to the user within an HTTP Response. The purpose of the secure flag is to prevent cookies from being observed by unauthorized parties due to the transmission of a the cookie in clear text.,"[first_aid] Disable or restrict the affected functionality/endpoint at the perimeter (WAF rule, network ACL, feature flag) while the | [full_remediation] Patch or upgrade the affected component to the latest fixed version and re-run the scan to confirm the finding is gone. | [scanner_guidance] When generating the cookie, make sure to set the Secure Flag to True."
602,23.3,P4,720,appsec-node,nodegoat,zap,Cookie without SameSite Attribute,low,,CWE-1275,http://nodegoat:4000,,,,,False,,False,,0.0,,,"<p>A cookie has been set without the SameSite attribute, which means that the cookie can be sent as a result of a 'cross-site' request. The SameSite attribute is an effective counter measure to cross-site request forgery, cross-site script inclusion, and timing attacks.</p>","[first_aid] Disable or restrict the affected functionality/endpoint at the perimeter (WAF rule, network ACL, feature flag) while the | [full_remediation] Patch or upgrade the affected component to the latest fixed version and re-run the scan to confirm the finding is gone. | [scanner_guidance] <p>Ensure that the SameSite attribute is set to either 'lax' or ideally 'strict' for all cookies.</p>"
603,23.3,P4,720,appsec-node,nodegoat,zap,Dangerous JS Functions,low,,CWE-749,http://nodegoat:4000,,,,,False,,False,,0.0,,,<p>A dangerous JS function seems to be in use that would leave the site vulnerable.</p>,"[first_aid] Disable or restrict the affected functionality/endpoint at the perimeter (WAF rule, network ACL, feature flag) while the | [full_remediation] Patch or upgrade the affected component to the latest fixed version and re-run the scan to confirm the finding is gone. | [scanner_guidance] <p>See the references for security advice on the use of these functions.</p>"
604,23.3,P4,720,appsec-node,nodegoat,zap,"Server Leaks Information via ""X-Powered-By"" HTTP Response Header Field(s)",low,,CWE-497,http://nodegoat:4000,,,,,False,,False,,0.0,,,"<p>The web/application server is leaking information via one or more ""X-Powered-By"" HTTP response headers. Access to such information may facilitate attackers identifying other frameworks/components your web application is reliant upon and the vulnerabilities such components may be subject to.</p>","[first_aid] Disable or restrict the affected functionality/endpoint at the perimeter (WAF rule, network ACL, feature flag) while the | [full_remediation] Patch or upgrade the affected component to the latest fixed version and re-run the scan to confirm the finding is gone. | [scanner_guidance] <p>Ensure that your web server, application server, load balancer, etc. is configured to suppress ""X-Powered-By"" headers"
605,23.0,P4,720,appsec-legacy,bwapp,trivy,mysql: Client programs unspecified vulnerability (CPU Jul 2017),medium,CVE-2017-3636,,raesene/bwapp:latest (ubuntu 14.04),,,,,False,,False,,,libmysqlclient18,5.5.57-0ubuntu0.14.04.1,"Vulnerability in the MySQL Server component of Oracle MySQL (subcomponent: Client programs). Supported versions that are affected are 5.5.56 and earlier and 5.6.36 and earlier. Easily exploitable vulnerability allows low privileged attacker with logon to the infrastructure where MySQL Server executes to compromise MySQL Server. Successful attacks of this vulnerability can result in unauthorized update, insert or delete access to some of MySQL Server accessible data as well as unauthorized read access to a subset of MySQL Server accessible data and unauthorized ability to cause a partial denial of service (partial DOS) of MySQL Server. CVSS 3.0 Base Score 5.3 (Confidentiality, Integrity and Availability impacts). CVSS Vector: (CVSS:3.0/AV:L/AC:L/PR:L/UI:N/S:U/C:L/I:L/A:L).","[first_aid] Apply the vendor security patch for CVE-2017-3636; if unavailable, isolate the container and restrict egress. | [full_remediation] Upgrade package libmysqlclient18 from 5.5.47-0ubuntu0.14.04.1 to 5.5.57-0ubuntu0.14.04.1 (fixed version) in the image an | [scanner_guidance] Upgrade libmysqlclient18 from 5.5.47-0ubuntu0.14.04.1 to 5.5.57-0ubuntu0.14.04.1"
606,23.0,P4,720,appsec-legacy,bwapp,trivy,procps: Integer overflows leading to heap overflow in file2strvec,medium,CVE-2018-1124,CWE-122,raesene/bwapp:latest (ubuntu 14.04),,,,,False,,False,,0.0,libprocps3,1:3.3.9-1ubuntu2.3,"procps-ng before version 3.3.15 is vulnerable to multiple integer overflows leading to a heap corruption in file2strvec function. This allows a privilege escalation for a local attacker who can create entries in procfs by starting processes, which could result in crashes or arbitrary code execution in proc utilities run by other users.","[first_aid] Apply the vendor security patch for CVE-2018-1124; if unavailable, isolate the container and restrict egress. | [full_remediation] Upgrade package libprocps3 from 1:3.3.9-1ubuntu2.2 to 1:3.3.9-1ubuntu2.3 (fixed version) in the image and rebuild/redepl | [scanner_guidance] Upgrade libprocps3 from 1:3.3.9-1ubuntu2.2 to 1:3.3.9-1ubuntu2.3"
607,23.0,P4,720,appsec-legacy,bwapp,trivy,shadow-utils: Incorrect integer handling results in LPE,medium,CVE-2016-6252,CWE-190,raesene/bwapp:latest (ubuntu 14.04),,,,,False,,False,,0.0,login,1:4.1.5.1-1ubuntu9.4,Integer overflow in shadow 4.2.1 allows local users to gain privileges via crafted input to newuidmap.,"[first_aid] Apply the vendor security patch for CVE-2016-6252; if unavailable, isolate the container and restrict egress. | [full_remediation] Upgrade package login from 1:4.1.5.1-1ubuntu9.1 to 1:4.1.5.1-1ubuntu9.4 (fixed version) in the image and rebuild/redeplo | [scanner_guidance] Upgrade login from 1:4.1.5.1-1ubuntu9.1 to 1:4.1.5.1-1ubuntu9.4"
608,23.0,P4,720,appsec-legacy,bwapp,trivy,ntp: Buffer Overflow in DPTS Clock,low,CVE-2017-6462,CWE-119,raesene/bwapp:latest (ubuntu 14.04),,,,,False,,False,,0.0,ntpdate,1:4.2.6.p5+dfsg-3ubuntu2.14.04.11,Buffer overflow in the legacy Datum Programmable Time Server (DPTS) refclock driver in NTP before 4.2.8p10 and 4.3.x before 4.3.94 allows local users to have unspecified impact via a crafted /dev/datum device.,"[first_aid] Apply the vendor security patch for CVE-2017-6462; if unavailable, isolate the container and restrict egress. | [full_remediation] Upgrade package ntpdate from 1:4.2.6.p5+dfsg-3ubuntu2.14.04.6 to 1:4.2.6.p5+dfsg-3ubuntu2.14.04.11 (fixed version) in th | [scanner_guidance] Upgrade ntpdate from 1:4.2.6.p5+dfsg-3ubuntu2.14.04.6 to 1:4.2.6.p5+dfsg-3ubuntu2.14.04.11"
609,23.0,P4,720,appsec-legacy,bwapp,trivy,perl: XSLoader loads relative paths not included in @INC,low,CVE-2016-6185,,raesene/bwapp:latest (ubuntu 14.04),,,,,False,,False,,,perl,5.18.2-2ubuntu1.4,"The XSLoader::load method in XSLoader in Perl does not properly locate .so files when called in a string eval, which might allow local users to execute arbitrary code via a Trojan horse library under the current working directory.","[first_aid] Apply the vendor security patch for CVE-2016-6185; if unavailable, isolate the container and restrict egress. | [full_remediation] Upgrade package perl from 5.18.2-2ubuntu1 to 5.18.2-2ubuntu1.4 (fixed version) in the image and rebuild/redeploy. | [scanner_guidance] Upgrade perl from 5.18.2-2ubuntu1 to 5.18.2-2ubuntu1.4"
610,23.0,P4,720,appsec-node,nodegoat,trivy,on-headers: on-headers vulnerable to http response header manipulation,low,CVE-2025-7339,CWE-241,Node.js,,,,,False,,False,,0.0,on-headers,1.1.0,"on-headers is a node.js middleware for listening to when a response writes headers. A bug in on-headers versions `<1.1.0` may result in response headers being inadvertently modified when an array is passed to `response.writeHead()`. Users should upgrade to version 1.1.0 to receive a patch. Uses are strongly encouraged to upgrade to `1.1.0`, but this issue can be worked around by passing an object to `response.writeHead()` rather than an array.","[first_aid] Apply the vendor security patch for CVE-2025-7339; if unavailable, isolate the container and restrict egress. | [full_remediation] Upgrade package on-headers from 1.0.1 to 1.1.0 (fixed version) in the image and rebuild/redeploy. | [scanner_guidance] Upgrade on-headers from 1.0.1 to 1.1.0"
611,22.5,P4,720,appsec-legacy,bwapp,trivy,curl: Out-of-bounds write via unchecked multiplication,medium,CVE-2016-8617,CWE-787,raesene/bwapp:latest (ubuntu 14.04),,,,,False,,False,,0.0,libcurl3-gnutls,7.35.0-1ubuntu2.10,The base64 encode function in curl before version 7.51.0 is prone to a buffer being under allocated in 32bit systems if it receives at least 1Gb as input via `CURLOPT_USERNAME`.,"[first_aid] Apply the vendor security patch for CVE-2016-8617; if unavailable, isolate the container and restrict egress. | [full_remediation] Upgrade package libcurl3-gnutls from 7.35.0-1ubuntu2.6 to 7.35.0-1ubuntu2.10 (fixed version) in the image and rebuild/re | [scanner_guidance] Upgrade libcurl3-gnutls from 7.35.0-1ubuntu2.6 to 7.35.0-1ubuntu2.10"
612,22.5,P4,720,appsec-legacy,bwapp,trivy,mysql: Server: Charsets unspecified vulnerability (CPU Jul 2017),medium,CVE-2017-3648,,raesene/bwapp:latest (ubuntu 14.04),,,,,False,,False,,,libmysqlclient18,5.5.57-0ubuntu0.14.04.1,"Vulnerability in the MySQL Server component of Oracle MySQL (subcomponent: Server: Charsets). Supported versions that are affected are 5.5.56 and earlier, 5.6.36 and earlier and 5.7.18 and earlier. Difficult to exploit vulnerability allows high privileged attacker with network access via multiple protocols to compromise MySQL Server. Successful attacks of this vulnerability can result in unauthorized ability to cause a hang or frequently repeatable crash (complete DOS) of MySQL Server. CVSS 3.0 Base Score 4.4 (Availability impacts). CVSS Vector: (CVSS:3.0/AV:N/AC:H/PR:H/UI:N/S:U/C:N/I:N/A:H).","[first_aid] Apply the vendor security patch for CVE-2017-3648; if unavailable, isolate the container and restrict egress. | [full_remediation] Upgrade package libmysqlclient18 from 5.5.47-0ubuntu0.14.04.1 to 5.5.57-0ubuntu0.14.04.1 (fixed version) in the image an | [scanner_guidance] Upgrade libmysqlclient18 from 5.5.47-0ubuntu0.14.04.1 to 5.5.57-0ubuntu0.14.04.1"
613,22.5,P4,720,appsec-legacy,bwapp,trivy,mysql: Server: Locking unspecified vulnerability (CPU Apr 2018),medium,CVE-2018-2771,,raesene/bwapp:latest (ubuntu 14.04),,,,,False,,False,,,libmysqlclient18,5.5.60-0ubuntu0.14.04.1,"Vulnerability in the MySQL Server component of Oracle MySQL (subcomponent: Server: Locking). Supported versions that are affected are 5.5.59 and prior, 5.6.39 and prior and 5.7.21 and prior. Difficult to exploit vulnerability allows high privileged attacker with network access via multiple protocols to compromise MySQL Server. Successful attacks of this vulnerability can result in unauthorized ability to cause a hang or frequently repeatable crash (complete DOS) of MySQL Server. CVSS 3.0 Base Score 4.4 (Availability impacts). CVSS Vector: (CVSS:3.0/AV:N/AC:H/PR:H/UI:N/S:U/C:N/I:N/A:H).","[first_aid] Apply the vendor security patch for CVE-2018-2771; if unavailable, isolate the container and restrict egress. | [full_remediation] Upgrade package libmysqlclient18 from 5.5.47-0ubuntu0.14.04.1 to 5.5.60-0ubuntu0.14.04.1 (fixed version) in the image an | [scanner_guidance] Upgrade libmysqlclient18 from 5.5.47-0ubuntu0.14.04.1 to 5.5.60-0ubuntu0.14.04.1"
614,22.3,P4,720,appsec-legacy,bwapp,trivy,httpd: Out of bounds access after failure in reading the HTTP request,low,CVE-2018-1301,CWE-119,raesene/bwapp:latest (ubuntu 14.04),,,,,False,,False,,0.0,apache2,2.4.7-1ubuntu4.20,"A specially crafted request could have crashed the Apache HTTP Server prior to version 2.4.30, due to an out of bound access after a size limit is reached by reading the HTTP header. This vulnerability is considered very hard if not impossible to trigger in non-debug mode (both log and build level), so it is classified as low risk for common server usage.","[first_aid] Apply the vendor security patch for CVE-2018-1301; if unavailable, isolate the container and restrict egress. | [full_remediation] Upgrade package apache2 from 2.4.7-1ubuntu4.9 to 2.4.7-1ubuntu4.20 (fixed version) in the image and rebuild/redeploy. | [scanner_guidance] Upgrade apache2 from 2.4.7-1ubuntu4.9 to 2.4.7-1ubuntu4.20"
615,22.3,P4,720,appsec-legacy,bwapp,trivy,"The apt package in Debian jessie before 1.0.9.8.4, in Debian unstable  ...",high,CVE-2016-1252,CWE-295,raesene/bwapp:latest (ubuntu 14.04),,,,,False,,False,,0.0,apt,1.0.1ubuntu2.17,"The apt package in Debian jessie before 1.0.9.8.4, in Debian unstable before 1.4~beta2, in Ubuntu 14.04 LTS before 1.0.1ubuntu2.17, in Ubuntu 16.04 LTS before 1.2.15ubuntu0.2, and in Ubuntu 16.10 before 1.3.2ubuntu0.1 allows man-in-the-middle attackers to bypass a repository-signing protection mechanism by leveraging improper error handling when validating InRelease file signatures.","[first_aid] Apply the vendor security patch for CVE-2016-1252; if unavailable, isolate the container and restrict egress. | [full_remediation] Upgrade package apt from 1.0.1ubuntu2.10 to 1.0.1ubuntu2.17 (fixed version) in the image and rebuild/redeploy. | [scanner_guidance] Upgrade apt from 1.0.1ubuntu2.10 to 1.0.1ubuntu2.17"
616,22.3,P4,720,appsec-legacy,bwapp,trivy,busybox: Segmentation fault when unzipping specially crafted zip file,medium,CVE-2015-9261,CWE-476,raesene/bwapp:latest (ubuntu 14.04),,,,,False,,False,,0.0,busybox-initramfs,1:1.21.0-1ubuntu1.4,"huft_build in archival/libarchive/decompress_gunzip.c in BusyBox before 1.27.2 misuses a pointer, causing segfaults and an application crash during an unzip operation on a specially crafted ZIP file.","[first_aid] Apply the vendor security patch for CVE-2015-9261; if unavailable, isolate the container and restrict egress. | [full_remediation] Upgrade package busybox-initramfs from 1:1.21.0-1ubuntu1 to 1:1.21.0-1ubuntu1.4 (fixed version) in the image and rebuild | [scanner_guidance] Upgrade busybox-initramfs from 1:1.21.0-1ubuntu1 to 1:1.21.0-1ubuntu1.4"
617,22.3,P4,720,appsec-legacy,bwapp,trivy,cpio: out of bounds write,medium,CVE-2016-2037,CWE-119,raesene/bwapp:latest (ubuntu 14.04),,,,,False,,False,,0.0,cpio,2.11+dfsg-1ubuntu1.2,The cpio_safer_name_suffix function in util.c in cpio 2.11 allows remote attackers to cause a denial of service (out-of-bounds write) via a crafted cpio file.,"[first_aid] Apply the vendor security patch for CVE-2016-2037; if unavailable, isolate the container and restrict egress. | [full_remediation] Upgrade package cpio from 2.11+dfsg-1ubuntu1.1 to 2.11+dfsg-1ubuntu1.2 (fixed version) in the image and rebuild/redeploy | [scanner_guidance] Upgrade cpio from 2.11+dfsg-1ubuntu1.1 to 2.11+dfsg-1ubuntu1.2"
618,22.3,P4,720,appsec-legacy,bwapp,trivy,file: out-of-bounds read via a crafted ELF file,low,CVE-2018-10360,CWE-125,raesene/bwapp:latest (ubuntu 14.04),,,,,False,,False,,0.0,file,1:5.14-2ubuntu3.4,The do_core_note function in readelf.c in libmagic.a in file 5.33 allows remote attackers to cause a denial of service (out-of-bounds read and application crash) via a crafted ELF file.,"[first_aid] Apply the vendor security patch for CVE-2018-10360; if unavailable, isolate the container and restrict egress. | [full_remediation] Upgrade package file from 1:5.14-2ubuntu3.3 to 1:5.14-2ubuntu3.4 (fixed version) in the image and rebuild/redeploy. | [scanner_guidance] Upgrade file from 1:5.14-2ubuntu3.3 to 1:5.14-2ubuntu3.4"
619,22.3,P4,720,appsec-legacy,bwapp,trivy,libgcrypt: Use of left-to-right sliding window method allows full RSA key recovery,medium,CVE-2017-7526,CWE-200,raesene/bwapp:latest (ubuntu 14.04),,,,,False,,False,,0.513,gnupg,1.4.16-1ubuntu2.6,libgcrypt before version 1.7.8 is vulnerable to a cache side-channel attack resulting into a complete break of RSA-1024 while using the left-to-right method for computing the sliding-window expansion. The same attack is believed to work on RSA-2048 with moderately more computation. This side-channel requires that attacker can run arbitrary software on the hardware where the private RSA key is used.,"[first_aid] Apply the vendor security patch for CVE-2017-7526; if unavailable, isolate the container and restrict egress. | [full_remediation] Upgrade package gnupg from 1.4.16-1ubuntu2.3 to 1.4.16-1ubuntu2.6 (fixed version) in the image and rebuild/redeploy. | [scanner_guidance] Upgrade gnupg from 1.4.16-1ubuntu2.3 to 1.4.16-1ubuntu2.6"
620,22.3,P4,720,appsec-legacy,bwapp,trivy,php: mysqlnd interface vulnerable to BACKRONYM,medium,CVE-2015-8838,CWE-284,raesene/bwapp:latest (ubuntu 14.04),,,,,False,,False,,0.342,libapache2-mod-php5,5.5.9+dfsg-1ubuntu4.16,"ext/mysqlnd/mysqlnd.c in PHP before 5.4.43, 5.5.x before 5.5.27, and 5.6.x before 5.6.11 uses a client SSL option to mean that SSL is optional, which allows man-in-the-middle attackers to spoof servers via a cleartext-downgrade attack, a related issue to CVE-2015-3152.","[first_aid] Apply the vendor security patch for CVE-2015-8838; if unavailable, isolate the container and restrict egress. | [full_remediation] Upgrade package libapache2-mod-php5 from 5.5.9+dfsg-1ubuntu4.14 to 5.5.9+dfsg-1ubuntu4.16 (fixed version) in the image a | [scanner_guidance] Upgrade libapache2-mod-php5 from 5.5.9+dfsg-1ubuntu4.14 to 5.5.9+dfsg-1ubuntu4.16"
621,22.3,P4,720,appsec-legacy,bwapp,trivy,php: HTTP response splitting in header() function,medium,CVE-2015-8935,CWE-79,raesene/bwapp:latest (ubuntu 14.04),,,,,False,,False,,0.456,libapache2-mod-php5,5.5.9+dfsg-1ubuntu4.19,"The sapi_header_op function in main/SAPI.c in PHP before 5.4.38, 5.5.x before 5.5.22, and 5.6.x before 5.6.6 supports deprecated line folding without considering browser compatibility, which allows remote attackers to conduct cross-site scripting (XSS) attacks against Internet Explorer by leveraging (1) %0A%20 or (2) %0D%0A%20 mishandling in the header function.","[first_aid] Apply the vendor security patch for CVE-2015-8935; if unavailable, isolate the container and restrict egress. | [full_remediation] Upgrade package libapache2-mod-php5 from 5.5.9+dfsg-1ubuntu4.14 to 5.5.9+dfsg-1ubuntu4.19 (fixed version) in the image a | [scanner_guidance] Upgrade libapache2-mod-php5 from 5.5.9+dfsg-1ubuntu4.14 to 5.5.9+dfsg-1ubuntu4.19"
622,22.3,P4,720,appsec-legacy,bwapp,trivy,php: Reflected XSS vulnerability on PHAR 403 and 404 error pages,medium,CVE-2018-10547,CWE-79,raesene/bwapp:latest (ubuntu 14.04),,,,,False,,False,,0.456,libapache2-mod-php5,5.5.9+dfsg-1ubuntu4.25,"An issue was discovered in ext/phar/phar_object.c in PHP before 5.6.36, 7.0.x before 7.0.30, 7.1.x before 7.1.17, and 7.2.x before 7.2.5. There is Reflected XSS on the PHAR 403 and 404 error pages via request data of a request for a .phar file. NOTE: this vulnerability exists because of an incomplete fix for CVE-2018-5712.","[first_aid] Apply the vendor security patch for CVE-2018-10547; if unavailable, isolate the container and restrict egress. | [full_remediation] Upgrade package libapache2-mod-php5 from 5.5.9+dfsg-1ubuntu4.14 to 5.5.9+dfsg-1ubuntu4.25 (fixed version) in the image a | [scanner_guidance] Upgrade libapache2-mod-php5 from 5.5.9+dfsg-1ubuntu4.14 to 5.5.9+dfsg-1ubuntu4.25"
623,22.3,P4,720,appsec-legacy,bwapp,trivy,php: Cross-site scripting (XSS) flaw in Apache2 component via body of 'Transfer-Encoding: chunked' request,medium,CVE-2018-17082,CWE-79,raesene/bwapp:latest (ubuntu 14.04),,,,,False,,False,,0.456,libapache2-mod-php5,5.5.9+dfsg-1ubuntu4.26,"The Apache2 component in PHP before 5.6.38, 7.0.x before 7.0.32, 7.1.x before 7.1.22, and 7.2.x before 7.2.10 allows XSS via the body of a ""Transfer-Encoding: chunked"" request, because the bucket brigade is mishandled in the php_handler function in sapi/apache2handler/sapi_apache2.c.","[first_aid] Apply the vendor security patch for CVE-2018-17082; if unavailable, isolate the container and restrict egress. | [full_remediation] Upgrade package libapache2-mod-php5 from 5.5.9+dfsg-1ubuntu4.14 to 5.5.9+dfsg-1ubuntu4.26 (fixed version) in the image a | [scanner_guidance] Upgrade libapache2-mod-php5 from 5.5.9+dfsg-1ubuntu4.14 to 5.5.9+dfsg-1ubuntu4.26"
624,22.3,P4,720,appsec-legacy,bwapp,trivy,php: Reflected XSS on PHAR 404 page,medium,CVE-2018-5712,CWE-79,raesene/bwapp:latest (ubuntu 14.04),,,,,False,,False,,0.456,libapache2-mod-php5,5.5.9+dfsg-1ubuntu4.23,"An issue was discovered in PHP before 5.6.33, 7.0.x before 7.0.27, 7.1.x before 7.1.13, and 7.2.x before 7.2.1. There is Reflected XSS on the PHAR 404 error page via the URI of a request for a .phar file.","[first_aid] Apply the vendor security patch for CVE-2018-5712; if unavailable, isolate the container and restrict egress. | [full_remediation] Upgrade package libapache2-mod-php5 from 5.5.9+dfsg-1ubuntu4.14 to 5.5.9+dfsg-1ubuntu4.23 (fixed version) in the image a | [scanner_guidance] Upgrade libapache2-mod-php5 from 5.5.9+dfsg-1ubuntu4.14 to 5.5.9+dfsg-1ubuntu4.23"
625,22.3,P4,720,appsec-legacy,bwapp,trivy,php: ZipArchive:: extractTo allows for directory traversal when creating directories,low,CVE-2014-9767,CWE-22,raesene/bwapp:latest (ubuntu 14.04),,,,,False,,False,,0.798,libapache2-mod-php5,5.5.9+dfsg-1ubuntu4.16,"Directory traversal vulnerability in the ZipArchive::extractTo function in ext/zip/php_zip.c in PHP before 5.4.45, 5.5.x before 5.5.29, and 5.6.x before 5.6.13 and ext/zip/ext_zip.cpp in HHVM before 3.12.1 allows remote attackers to create arbitrary empty directories via a crafted ZIP archive.","[first_aid] Apply the vendor security patch for CVE-2014-9767; if unavailable, isolate the container and restrict egress. | [full_remediation] Upgrade package libapache2-mod-php5 from 5.5.9+dfsg-1ubuntu4.14 to 5.5.9+dfsg-1ubuntu4.16 (fixed version) in the image a | [scanner_guidance] Upgrade libapache2-mod-php5 from 5.5.9+dfsg-1ubuntu4.14 to 5.5.9+dfsg-1ubuntu4.16"
626,22.3,P4,720,appsec-legacy,bwapp,trivy,glibc: potential denial of service in internal_fnmatch(),medium,CVE-2015-8984,CWE-125,raesene/bwapp:latest (ubuntu 14.04),,,,,False,,False,,0.0,libc-bin,2.19-0ubuntu6.10,"The fnmatch function in the GNU C Library (aka glibc or libc6) before 2.22 might allow context-dependent attackers to cause a denial of service (application crash) via a malformed pattern, which triggers an out-of-bounds read.","[first_aid] Apply the vendor security patch for CVE-2015-8984; if unavailable, isolate the container and restrict egress. | [full_remediation] Upgrade package libc-bin from 2.19-0ubuntu6.6 to 2.19-0ubuntu6.10 (fixed version) in the image and rebuild/redeploy. | [scanner_guidance] Upgrade libc-bin from 2.19-0ubuntu6.6 to 2.19-0ubuntu6.10"
627,22.3,P4,720,appsec-legacy,bwapp,trivy,glibc: libtirpc: stack (frame) overflow in Sun RPC clntudp_call(),low,CVE-2016-4429,CWE-787,raesene/bwapp:latest (ubuntu 14.04),,,,,False,,False,,0.0,libc-bin,2.19-0ubuntu6.10,Stack-based buffer overflow in the clntudp_call function in sunrpc/clnt_udp.c in the GNU C Library (aka glibc or libc6) allows remote servers to cause a denial of service (crash) or possibly unspecified other impact via a flood of crafted ICMP and UDP packets.,"[first_aid] Apply the vendor security patch for CVE-2016-4429; if unavailable, isolate the container and restrict egress. | [full_remediation] Upgrade package libc-bin from 2.19-0ubuntu6.6 to 2.19-0ubuntu6.10 (fixed version) in the image and rebuild/redeploy. | [scanner_guidance] Upgrade libc-bin from 2.19-0ubuntu6.6 to 2.19-0ubuntu6.10"
628,22.3,P4,720,appsec-legacy,bwapp,trivy,curl: TFTP sends more than buffer size,low,CVE-2017-1000100,CWE-200,raesene/bwapp:latest (ubuntu 14.04),,,,,False,,False,,0.513,libcurl3-gnutls,7.35.0-1ubuntu2.11,"When doing a TFTP transfer and curl/libcurl is given a URL that contains a very long file name (longer than about 515 bytes), the file name is truncated to fit within the buffer boundaries, but the buffer size is still wrongly updated to use the untruncated length. This too large value is then used in the sendto() call, making curl attempt to send more data than what is actually put into the buffer. The endto() function will then read beyond the end of the heap based buffer. A malicious HTTP(S) server could redirect a vulnerable libcurl-using client to a crafted TFTP URL (if the client hasn't restricted which protocols it allows redirects to) and trick it to send private memory contents to a remote server over UDP. Limit curl's redirect protocols with --proto-redir and libcurl's with CURLOPT_REDIR_PROTOCOLS.","[first_aid] Apply the vendor security patch for CVE-2017-1000100; if unavailable, isolate the container and restrict egress. | [full_remediation] Upgrade package libcurl3-gnutls from 7.35.0-1ubuntu2.6 to 7.35.0-1ubuntu2.11 (fixed version) in the image and rebuild/re | [scanner_guidance] Upgrade libcurl3-gnutls from 7.35.0-1ubuntu2.6 to 7.35.0-1ubuntu2.11"
629,22.3,P4,720,appsec-legacy,bwapp,trivy,curl: URL globbing out of bounds read,low,CVE-2017-1000101,CWE-119,raesene/bwapp:latest (ubuntu 14.04),,,,,False,,False,,0.0,libcurl3-gnutls,7.35.0-1ubuntu2.11,"curl supports ""globbing"" of URLs, in which a user can pass a numerical range to have the tool iterate over those numbers to do a sequence of transfers. In the globbing function that parses the numerical range, there was an omission that made curl read a byte beyond the end of the URL if given a carefully crafted, or just wrongly written, URL. The URL is stored in a heap based buffer, so it could then be made to wrongly read something else instead of crashing. An example of a URL that triggers the flaw would be `http://ur%20[0-60000000000000000000`.","[first_aid] Apply the vendor security patch for CVE-2017-1000101; if unavailable, isolate the container and restrict egress. | [full_remediation] Upgrade package libcurl3-gnutls from 7.35.0-1ubuntu2.6 to 7.35.0-1ubuntu2.11 (fixed version) in the image and rebuild/re | [scanner_guidance] Upgrade libcurl3-gnutls from 7.35.0-1ubuntu2.6 to 7.35.0-1ubuntu2.11"
630,22.3,P4,720,appsec-legacy,bwapp,trivy,mysql: unspecified vulnerability in subcomponent: Server: Federated (CPU April 2016),medium,CVE-2016-0642,,raesene/bwapp:latest (ubuntu 14.04),,,,,False,,False,,,libmysqlclient18,5.5.49-0ubuntu0.14.04.1,"Unspecified vulnerability in Oracle MySQL 5.5.48 and earlier, 5.6.29 and earlier, and 5.7.11 and earlier allows local users to affect integrity and availability via vectors related to Federated.","[first_aid] Apply the vendor security patch for CVE-2016-0642; if unavailable, isolate the container and restrict egress. | [full_remediation] Upgrade package libmysqlclient18 from 5.5.47-0ubuntu0.14.04.1 to 5.5.49-0ubuntu0.14.04.1 (fixed version) in the image an | [scanner_guidance] Upgrade libmysqlclient18 from 5.5.47-0ubuntu0.14.04.1 to 5.5.49-0ubuntu0.14.04.1"
631,22.3,P4,720,appsec-legacy,bwapp,trivy,mysql: ssl-validate-cert incorrect hostname check,medium,CVE-2016-2047,CWE-254,raesene/bwapp:latest (ubuntu 14.04),,,,,False,,False,,0.0,libmysqlclient18,5.5.49-0ubuntu0.14.04.1,"The ssl_verify_server_cert function in sql-common/client.c in MariaDB before 5.5.47, 10.0.x before 10.0.23, and 10.1.x before 10.1.10; Oracle MySQL 5.5.48 and earlier, 5.6.29 and earlier, and 5.7.11 and earlier; and Percona Server do not properly verify that the server hostname matches a domain name in the subject's Common Name (CN) or subjectAltName field of the X.509 certificate, which allows man-in-the-middle attackers to spoof SSL servers via a ""/CN="" string in a field in a certificate, as demonstrated by ""/OU=/CN=bar.com/CN=foo.com.""","[first_aid] Apply the vendor security patch for CVE-2016-2047; if unavailable, isolate the container and restrict egress. | [full_remediation] Upgrade package libmysqlclient18 from 5.5.47-0ubuntu0.14.04.1 to 5.5.49-0ubuntu0.14.04.1 (fixed version) in the image an | [scanner_guidance] Upgrade libmysqlclient18 from 5.5.47-0ubuntu0.14.04.1 to 5.5.49-0ubuntu0.14.04.1"
632,22.3,P4,720,appsec-legacy,bwapp,trivy,mysql: unspecified vulnerability in subcomponent: Server: DML (CPU July 2016),medium,CVE-2016-3615,,raesene/bwapp:latest (ubuntu 14.04),,,,,False,,False,,,libmysqlclient18,5.5.50-0ubuntu0.14.04.1,"Unspecified vulnerability in Oracle MySQL 5.5.49 and earlier, 5.6.30 and earlier, and 5.7.12 and earlier and MariaDB before 5.5.50, 10.0.x before 10.0.26, and 10.1.x before 10.1.15 allows remote authenticated users to affect availability via vectors related to Server: DML.","[first_aid] Apply the vendor security patch for CVE-2016-3615; if unavailable, isolate the container and restrict egress. | [full_remediation] Upgrade package libmysqlclient18 from 5.5.47-0ubuntu0.14.04.1 to 5.5.50-0ubuntu0.14.04.1 (fixed version) in the image an | [scanner_guidance] Upgrade libmysqlclient18 from 5.5.47-0ubuntu0.14.04.1 to 5.5.50-0ubuntu0.14.04.1"
633,22.3,P4,720,appsec-legacy,bwapp,trivy,mysql: Server: DDL unspecified vulnerability (CPU Apr 2017),medium,CVE-2017-3464,,raesene/bwapp:latest (ubuntu 14.04),,,,,False,,False,,,libmysqlclient18,5.5.55-0ubuntu0.14.04.1,"Vulnerability in the MySQL Server component of Oracle MySQL (subcomponent: Server: DDL). Supported versions that are affected are 5.5.54 and earlier, 5.6.35 and earlier and 5.7.17 and earlier. Easily ""exploitable"" vulnerability allows low privileged attacker with network access via multiple protocols to compromise MySQL Server. Successful attacks of this vulnerability can result in unauthorized update, insert or delete access to some of MySQL Server accessible data. CVSS 3.0 Base Score 4.3 (Integrity impacts). CVSS Vector: (CVSS:3.0/AV:N/AC:L/PR:L/UI:N/S:U/C:N/I:L/A:N).","[first_aid] Apply the vendor security patch for CVE-2017-3464; if unavailable, isolate the container and restrict egress. | [full_remediation] Upgrade package libmysqlclient18 from 5.5.47-0ubuntu0.14.04.1 to 5.5.55-0ubuntu0.14.04.1 (fixed version) in the image an | [scanner_guidance] Upgrade libmysqlclient18 from 5.5.47-0ubuntu0.14.04.1 to 5.5.55-0ubuntu0.14.04.1"
634,22.3,P4,720,appsec-legacy,bwapp,trivy,mysql: Client programs unspecified vulnerability (CPU Apr 2018),medium,CVE-2018-2761,,raesene/bwapp:latest (ubuntu 14.04),,,,,False,,False,,,libmysqlclient18,5.5.60-0ubuntu0.14.04.1,"Vulnerability in the MySQL Server component of Oracle MySQL (subcomponent: Client programs). Supported versions that are affected are 5.5.59 and prior, 5.6.39 and prior and 5.7.21 and prior. Difficult to exploit vulnerability allows unauthenticated attacker with network access via multiple protocols to compromise MySQL Server. Successful attacks of this vulnerability can result in unauthorized ability to cause a hang or frequently repeatable crash (complete DOS) of MySQL Server. CVSS 3.0 Base Score 5.9 (Availability impacts). CVSS Vector: (CVSS:3.0/AV:N/AC:H/PR:N/UI:N/S:U/C:N/I:N/A:H).","[first_aid] Apply the vendor security patch for CVE-2018-2761; if unavailable, isolate the container and restrict egress. | [full_remediation] Upgrade package libmysqlclient18 from 5.5.47-0ubuntu0.14.04.1 to 5.5.60-0ubuntu0.14.04.1 (fixed version) in the image an | [scanner_guidance] Upgrade libmysqlclient18 from 5.5.47-0ubuntu0.14.04.1 to 5.5.60-0ubuntu0.14.04.1"
635,22.3,P4,720,appsec-legacy,bwapp,trivy,mysql: Server: DDL unspecified vulnerability (CPU Apr 2018),medium,CVE-2018-2813,,raesene/bwapp:latest (ubuntu 14.04),,,,,False,,False,,,libmysqlclient18,5.5.60-0ubuntu0.14.04.1,"Vulnerability in the MySQL Server component of Oracle MySQL (subcomponent: Server: DDL). Supported versions that are affected are 5.5.59 and prior, 5.6.39 and prior and 5.7.21 and prior. Easily exploitable vulnerability allows low privileged attacker with network access via multiple protocols to compromise MySQL Server. Successful attacks of this vulnerability can result in unauthorized read access to a subset of MySQL Server accessible data. CVSS 3.0 Base Score 4.3 (Confidentiality impacts). CVSS Vector: (CVSS:3.0/AV:N/AC:L/PR:L/UI:N/S:U/C:L/I:N/A:N).","[first_aid] Apply the vendor security patch for CVE-2018-2813; if unavailable, isolate the container and restrict egress. | [full_remediation] Upgrade package libmysqlclient18 from 5.5.47-0ubuntu0.14.04.1 to 5.5.60-0ubuntu0.14.04.1 (fixed version) in the image an | [scanner_guidance] Upgrade libmysqlclient18 from 5.5.47-0ubuntu0.14.04.1 to 5.5.60-0ubuntu0.14.04.1"
636,22.3,P4,720,appsec-legacy,bwapp,trivy,pam: pam_userdb case insensitive password hash comparison,low,CVE-2013-7041,CWE-310,raesene/bwapp:latest (ubuntu 14.04),,,,,False,,False,,0.0,libpam-modules,1.1.8-1ubuntu2.1,"The pam_userdb module for Pam uses a case-insensitive method to compare hashed passwords, which makes it easier for attackers to guess the password via a brute force attack.","[first_aid] Apply the vendor security patch for CVE-2013-7041; if unavailable, isolate the container and restrict egress. | [full_remediation] Upgrade package libpam-modules from 1.1.8-1ubuntu2 to 1.1.8-1ubuntu2.1 (fixed version) in the image and rebuild/redeploy | [scanner_guidance] Upgrade libpam-modules from 1.1.8-1ubuntu2 to 1.1.8-1ubuntu2.1"
637,22.3,P4,720,appsec-legacy,bwapp,trivy,python: http protocol steam injection attack,medium,CVE-2016-5699,CWE-113,raesene/bwapp:latest (ubuntu 14.04),,,,,False,,False,,0.0,libpython2.7-minimal,2.7.6-8ubuntu0.3,CRLF injection vulnerability in the HTTPConnection.putheader function in urllib2 and urllib in CPython (aka Python) before 2.7.10 and 3.x before 3.4.4 allows remote attackers to inject arbitrary HTTP headers via CRLF sequences in a URL.,"[first_aid] Apply the vendor security patch for CVE-2016-5699; if unavailable, isolate the container and restrict egress. | [full_remediation] Upgrade package libpython2.7-minimal from 2.7.6-8ubuntu0.2 to 2.7.6-8ubuntu0.3 (fixed version) in the image and rebuild/ | [scanner_guidance] Upgrade libpython2.7-minimal from 2.7.6-8ubuntu0.2 to 2.7.6-8ubuntu0.3"
638,22.3,P4,720,appsec-legacy,bwapp,trivy,RTMPDump 2.4 allows remote attackers to trigger a denial of service (N ...,medium,CVE-2015-8272,CWE-476,raesene/bwapp:latest (ubuntu 14.04),,,,,False,,False,,0.0,librtmp0,2.4+20121230.gitdf6c518-1ubuntu0.1,RTMPDump 2.4 allows remote attackers to trigger a denial of service (NULL pointer dereference and process crash).,"[first_aid] Apply the vendor security patch for CVE-2015-8272; if unavailable, isolate the container and restrict egress. | [full_remediation] Upgrade package librtmp0 from 2.4+20121230.gitdf6c518-1 to 2.4+20121230.gitdf6c518-1ubuntu0.1 (fixed version) in the ima | [scanner_guidance] Upgrade librtmp0 from 2.4+20121230.gitdf6c518-1 to 2.4+20121230.gitdf6c518-1ubuntu0.1"
639,22.3,P4,720,appsec-legacy,bwapp,trivy,openssl: Handling of crafted recursive ASN.1 structures can cause a stack overflow and resulting denial of service,medium,CVE-2018-0739,CWE-674,raesene/bwapp:latest (ubuntu 14.04),,,,,False,,False,,0.0,libssl1.0.0,1.0.1f-1ubuntu2.24,Constructed ASN.1 types with a recursive definition (such as can be found in PKCS7) could eventually exceed the stack given malicious input with excessive recursion. This could result in a Denial Of Service attack. There are no such structures used within SSL/TLS that come from untrusted sources so this is considered safe. Fixed in OpenSSL 1.1.0h (Affected 1.1.0-1.1.0g). Fixed in OpenSSL 1.0.2o (Affected 1.0.2b-1.0.2n).,"[first_aid] Apply the vendor security patch for CVE-2018-0739; if unavailable, isolate the container and restrict egress. | [full_remediation] Upgrade package libssl1.0.0 from 1.0.1f-1ubuntu2.16 to 1.0.1f-1ubuntu2.24 (fixed version) in the image and rebuild/redep | [scanner_guidance] Upgrade libssl1.0.0 from 1.0.1f-1ubuntu2.16 to 1.0.1f-1ubuntu2.24"
640,22.3,P4,720,appsec-legacy,bwapp,trivy,libtasn1: infinite loop while parsing DER certificates,medium,CVE-2016-4008,CWE-399,raesene/bwapp:latest (ubuntu 14.04),,,,,False,,False,,0.0,libtasn1-6,3.4-3ubuntu0.4,"The _asn1_extract_der_octet function in lib/decoding.c in GNU Libtasn1 before 4.8, when used without the ASN1_DECODE_FLAG_STRICT_DER flag, allows remote attackers to cause a denial of service (infinite recursion) via a crafted certificate.","[first_aid] Apply the vendor security patch for CVE-2016-4008; if unavailable, isolate the container and restrict egress. | [full_remediation] Upgrade package libtasn1-6 from 3.4-3ubuntu0.3 to 3.4-3ubuntu0.4 (fixed version) in the image and rebuild/redeploy. | [scanner_guidance] Upgrade libtasn1-6 from 3.4-3ubuntu0.3 to 3.4-3ubuntu0.4"
641,22.3,P4,720,appsec-legacy,bwapp,trivy,systemd: automount: access to automounted volumes can lock up,medium,CVE-2018-1049,CWE-362,raesene/bwapp:latest (ubuntu 14.04),,,,,False,,False,,0.0,libudev1,204-5ubuntu20.26,"In systemd prior to 234 a race condition exists between .mount and .automount units such that automount requests from kernel may not be serviced by systemd resulting in kernel holding the mountpoint and any processes that try to use said mount will hang. A race condition like this may lead to denial of service, until mount points are unmounted.","[first_aid] Apply the vendor security patch for CVE-2018-1049; if unavailable, isolate the container and restrict egress. | [full_remediation] Upgrade package libudev1 from 204-5ubuntu20.15 to 204-5ubuntu20.26 (fixed version) in the image and rebuild/redeploy. | [scanner_guidance] Upgrade libudev1 from 204-5ubuntu20.15 to 204-5ubuntu20.26"
642,22.3,P4,720,appsec-legacy,bwapp,trivy,libxml2: Heap use-after-free in xmlDictComputeFastKey,medium,CVE-2016-1836,CWE-416,raesene/bwapp:latest (ubuntu 14.04),,,,,False,,False,,0.0,libxml2,2.9.1+dfsg1-3ubuntu4.8,"Use-after-free vulnerability in the xmlDictComputeFastKey function in libxml2 before 2.9.4, as used in Apple iOS before 9.3.2, OS X before 10.11.5, tvOS before 9.2.1, and watchOS before 2.2.1, allows remote attackers to cause a denial of service via a crafted XML document.","[first_aid] Apply the vendor security patch for CVE-2016-1836; if unavailable, isolate the container and restrict egress. | [full_remediation] Upgrade package libxml2 from 2.9.1+dfsg1-3ubuntu4.7 to 2.9.1+dfsg1-3ubuntu4.8 (fixed version) in the image and rebuild/r | [scanner_guidance] Upgrade libxml2 from 2.9.1+dfsg1-3ubuntu4.7 to 2.9.1+dfsg1-3ubuntu4.8"
643,22.3,P4,720,appsec-legacy,bwapp,trivy,libxml2: Heap use-after-free in htmlPArsePubidLiteral and htmlParseSystemiteral,medium,CVE-2016-1837,CWE-416,raesene/bwapp:latest (ubuntu 14.04),,,,,False,,False,,0.0,libxml2,2.9.1+dfsg1-3ubuntu4.8,"Multiple use-after-free vulnerabilities in the (1) htmlPArsePubidLiteral and (2) htmlParseSystemiteral functions in libxml2 before 2.9.4, as used in Apple iOS before 9.3.2, OS X before 10.11.5, tvOS before 9.2.1, and watchOS before 2.2.1, allow remote attackers to cause a denial of service via a crafted XML document.","[first_aid] Apply the vendor security patch for CVE-2016-1837; if unavailable, isolate the container and restrict egress. | [full_remediation] Upgrade package libxml2 from 2.9.1+dfsg1-3ubuntu4.7 to 2.9.1+dfsg1-3ubuntu4.8 (fixed version) in the image and rebuild/r | [scanner_guidance] Upgrade libxml2 from 2.9.1+dfsg1-3ubuntu4.7 to 2.9.1+dfsg1-3ubuntu4.8"
644,22.3,P4,720,appsec-legacy,bwapp,trivy,libxml2: Heap-based buffer overread in xmlDictAddString,medium,CVE-2016-1839,CWE-125,raesene/bwapp:latest (ubuntu 14.04),,,,,False,,False,,0.0,libxml2,2.9.1+dfsg1-3ubuntu4.8,"The xmlDictAddString function in libxml2 before 2.9.4, as used in Apple iOS before 9.3.2, OS X before 10.11.5, tvOS before 9.2.1, and watchOS before 2.2.1, allows remote attackers to cause a denial of service (heap-based buffer over-read) via a crafted XML document.","[first_aid] Apply the vendor security patch for CVE-2016-1839; if unavailable, isolate the container and restrict egress. | [full_remediation] Upgrade package libxml2 from 2.9.1+dfsg1-3ubuntu4.7 to 2.9.1+dfsg1-3ubuntu4.8 (fixed version) in the image and rebuild/r | [scanner_guidance] Upgrade libxml2 from 2.9.1+dfsg1-3ubuntu4.7 to 2.9.1+dfsg1-3ubuntu4.8"
645,22.3,P4,720,appsec-legacy,bwapp,trivy,libxml2: out-of-bounds read in htmlParseNameComplex(),low,CVE-2016-2073,CWE-119,raesene/bwapp:latest (ubuntu 14.04),,,,,False,,False,,0.0,libxml2,2.9.1+dfsg1-3ubuntu4.8,The htmlParseNameComplex function in HTMLparser.c in libxml2 allows attackers to cause a denial of service (out-of-bounds read) via a crafted XML document.,"[first_aid] Apply the vendor security patch for CVE-2016-2073; if unavailable, isolate the container and restrict egress. | [full_remediation] Upgrade package libxml2 from 2.9.1+dfsg1-3ubuntu4.7 to 2.9.1+dfsg1-3ubuntu4.8 (fixed version) in the image and rebuild/r | [scanner_guidance] Upgrade libxml2 from 2.9.1+dfsg1-3ubuntu4.7 to 2.9.1+dfsg1-3ubuntu4.8"
646,22.3,P4,720,appsec-legacy,bwapp,trivy,libxml2: XML External Entity vulnerability,low,CVE-2016-9318,CWE-611,raesene/bwapp:latest (ubuntu 14.04),,,,,False,,False,,0.798,libxml2,2.9.1+dfsg1-3ubuntu4.13,"libxml2 2.9.4 and earlier, as used in XMLSec 1.2.23 and earlier and other products, does not offer a flag directly indicating that the current document may be read but other files may not be opened, which makes it easier for remote attackers to conduct XML External Entity (XXE) attacks via a crafted document.","[first_aid] Apply the vendor security patch for CVE-2016-9318; if unavailable, isolate the container and restrict egress. | [full_remediation] Upgrade package libxml2 from 2.9.1+dfsg1-3ubuntu4.7 to 2.9.1+dfsg1-3ubuntu4.13 (fixed version) in the image and rebuild/ | [scanner_guidance] Upgrade libxml2 from 2.9.1+dfsg1-3ubuntu4.7 to 2.9.1+dfsg1-3ubuntu4.13"
647,22.3,P4,720,appsec-legacy,bwapp,trivy,ntp: restriction list NULL pointer dereference,medium,CVE-2015-7977,CWE-476,raesene/bwapp:latest (ubuntu 14.04),,,,,False,,False,,0.0,ntpdate,1:4.2.6.p5+dfsg-3ubuntu2.14.04.10,ntpd in NTP before 4.2.8p6 and 4.3.x before 4.3.90 allows remote attackers to cause a denial of service (NULL pointer dereference) via a ntpdc reslist command.,"[first_aid] Apply the vendor security patch for CVE-2015-7977; if unavailable, isolate the container and restrict egress. | [full_remediation] Upgrade package ntpdate from 1:4.2.6.p5+dfsg-3ubuntu2.14.04.6 to 1:4.2.6.p5+dfsg-3ubuntu2.14.04.10 (fixed version) in th | [scanner_guidance] Upgrade ntpdate from 1:4.2.6.p5+dfsg-3ubuntu2.14.04.6 to 1:4.2.6.p5+dfsg-3ubuntu2.14.04.10"
648,22.3,P4,720,appsec-legacy,bwapp,trivy,ntp: 'ntpq saveconfig' command allows dangerous characters in filenames,low,CVE-2015-7976,CWE-254,raesene/bwapp:latest (ubuntu 14.04),,,,,False,,False,,0.0,ntpdate,1:4.2.6.p5+dfsg-3ubuntu2.14.04.10,"The ntpq saveconfig command in NTP 4.1.2, 4.2.x before 4.2.8p6, 4.3, 4.3.25, 4.3.70, and 4.3.77 does not properly filter special characters, which allows attackers to cause unspecified impact via a crafted filename.","[first_aid] Apply the vendor security patch for CVE-2015-7976; if unavailable, isolate the container and restrict egress. | [full_remediation] Upgrade package ntpdate from 1:4.2.6.p5+dfsg-3ubuntu2.14.04.6 to 1:4.2.6.p5+dfsg-3ubuntu2.14.04.10 (fixed version) in th | [scanner_guidance] Upgrade ntpdate from 1:4.2.6.p5+dfsg-3ubuntu2.14.04.6 to 1:4.2.6.p5+dfsg-3ubuntu2.14.04.10"
649,22.3,P4,720,appsec-legacy,bwapp,trivy,ntp: Client rate limiting and server responses,low,CVE-2016-7426,CWE-400,raesene/bwapp:latest (ubuntu 14.04),,,,,False,,False,,0.0,ntpdate,1:4.2.6.p5+dfsg-3ubuntu2.14.04.11,"NTP before 4.2.8p9 rate limits responses received from the configured sources when rate limiting for all associations is enabled, which allows remote attackers to cause a denial of service (prevent responses from the sources) by sending responses with a spoofed source address.","[first_aid] Apply the vendor security patch for CVE-2016-7426; if unavailable, isolate the container and restrict egress. | [full_remediation] Upgrade package ntpdate from 1:4.2.6.p5+dfsg-3ubuntu2.14.04.6 to 1:4.2.6.p5+dfsg-3ubuntu2.14.04.11 (fixed version) in th | [scanner_guidance] Upgrade ntpdate from 1:4.2.6.p5+dfsg-3ubuntu2.14.04.6 to 1:4.2.6.p5+dfsg-3ubuntu2.14.04.11"
650,22.3,P4,720,appsec-legacy,bwapp,trivy,ntp: Broadcast Mode Replay Prevention DoS,low,CVE-2016-7427,CWE-400,raesene/bwapp:latest (ubuntu 14.04),,,,,False,,False,,0.0,ntpdate,1:4.2.6.p5+dfsg-3ubuntu2.14.04.11,The broadcast mode replay prevention functionality in ntpd in NTP before 4.2.8p9 allows remote attackers to cause a denial of service (reject broadcast mode packets) via a crafted broadcast mode packet.,"[first_aid] Apply the vendor security patch for CVE-2016-7427; if unavailable, isolate the container and restrict egress. | [full_remediation] Upgrade package ntpdate from 1:4.2.6.p5+dfsg-3ubuntu2.14.04.6 to 1:4.2.6.p5+dfsg-3ubuntu2.14.04.11 (fixed version) in th | [scanner_guidance] Upgrade ntpdate from 1:4.2.6.p5+dfsg-3ubuntu2.14.04.6 to 1:4.2.6.p5+dfsg-3ubuntu2.14.04.11"
651,22.3,P4,720,appsec-legacy,bwapp,trivy,ntp: Attack on interface selection,low,CVE-2016-7429,CWE-18,raesene/bwapp:latest (ubuntu 14.04),,,,,False,,False,,0.0,ntpdate,1:4.2.6.p5+dfsg-3ubuntu2.14.04.11,"NTP before 4.2.8p9 changes the peer structure to the interface it receives the response from a source, which allows remote attackers to cause a denial of service (prevent communication with a source) by sending a response for a source to an interface the source does not use.","[first_aid] Apply the vendor security patch for CVE-2016-7429; if unavailable, isolate the container and restrict egress. | [full_remediation] Upgrade package ntpdate from 1:4.2.6.p5+dfsg-3ubuntu2.14.04.6 to 1:4.2.6.p5+dfsg-3ubuntu2.14.04.11 (fixed version) in th | [scanner_guidance] Upgrade ntpdate from 1:4.2.6.p5+dfsg-3ubuntu2.14.04.6 to 1:4.2.6.p5+dfsg-3ubuntu2.14.04.11"
652,22.3,P4,720,appsec-legacy,bwapp,trivy,patch: Out-of-bounds access in pch_write_line function in pch.c,low,CVE-2016-10713,CWE-119,raesene/bwapp:latest (ubuntu 14.04),,,,,False,,False,,0.0,patch,2.7.1-4ubuntu2.4,An issue was discovered in GNU patch before 2.7.6. Out-of-bounds access within pch_write_line() in pch.c can possibly lead to DoS via a crafted input file.,"[first_aid] Apply the vendor security patch for CVE-2016-10713; if unavailable, isolate the container and restrict egress. | [full_remediation] Upgrade package patch from 2.7.1-4ubuntu2.3 to 2.7.1-4ubuntu2.4 (fixed version) in the image and rebuild/redeploy. | [scanner_guidance] Upgrade patch from 2.7.1-4ubuntu2.3 to 2.7.1-4ubuntu2.4"
653,22.3,P4,720,appsec-legacy,bwapp,trivy,perl-File-Path: rmtree/remove_tree race condition,low,CVE-2017-6512,CWE-362,raesene/bwapp:latest (ubuntu 14.04),,,,,False,,False,,0.0,perl,5.18.2-2ubuntu1.4,Race condition in the rmtree and remove_tree functions in the File-Path module before 2.13 for Perl allows attackers to set the mode on arbitrary files via vectors involving directory-permission loosening logic.,"[first_aid] Apply the vendor security patch for CVE-2017-6512; if unavailable, isolate the container and restrict egress. | [full_remediation] Upgrade package perl from 5.18.2-2ubuntu1 to 5.18.2-2ubuntu1.4 (fixed version) in the image and rebuild/redeploy. | [scanner_guidance] Upgrade perl from 5.18.2-2ubuntu1 to 5.18.2-2ubuntu1.4"
654,22.3,P4,720,appsec-legacy,bwapp,trivy,rsync: recv_files function metadata handling allows for access restriction bypass,medium,CVE-2017-17433,CWE-862,raesene/bwapp:latest (ubuntu 14.04),,,,,False,,False,,0.0,rsync,3.1.0-2ubuntu0.3,"The recv_files function in receiver.c in the daemon in rsync 3.1.2, and 3.1.3-development before 2017-12-03, proceeds with certain file metadata updates before checking for a filename in the daemon_filter_list data structure, which allows remote attackers to bypass intended access restrictions.","[first_aid] Apply the vendor security patch for CVE-2017-17433; if unavailable, isolate the container and restrict egress. | [full_remediation] Upgrade package rsync from 3.1.0-2ubuntu0.2 to 3.1.0-2ubuntu0.3 (fixed version) in the image and rebuild/redeploy. | [scanner_guidance] Upgrade rsync from 3.1.0-2ubuntu0.2 to 3.1.0-2ubuntu0.3"
655,22.3,P4,720,appsec-node,nodegoat,trivy,brace-expansion: juliangruber brace-expansion index.js expand redos,low,CVE-2025-5889,CWE-400,Node.js,,,,,False,,False,,0.0,brace-expansion,"2.0.2, 1.1.12, 3.0.1, 4.0.1","A vulnerability was found in juliangruber brace-expansion up to 1.1.11/2.0.1/3.0.0/4.0.0. It has been rated as problematic. Affected by this issue is the function expand of the file index.js. The manipulation leads to inefficient regular expression complexity. The attack may be launched remotely. The complexity of an attack is rather high. The exploitation is known to be difficult. The exploit has been disclosed to the public and may be used. Upgrading to version 1.1.12, 2.0.2, 3.0.1 and 4.0.1 is able to address this issue. The name of the patch is a5b98a4f30d7813266b221435e1eaaf25a1b0ac5. It is recommended to upgrade the affected component.","[first_aid] Apply the vendor security patch for CVE-2025-5889; if unavailable, isolate the container and restrict egress. | [full_remediation] Upgrade package brace-expansion from 1.1.11 to 2.0.2, 1.1.12, 3.0.1, 4.0.1 (fixed version) in the image and rebuild/rede | [scanner_guidance] Upgrade brace-expansion from 1.1.11 to 2.0.2, 1.1.12, 3.0.1, 4.0.1"
656,22.0,P4,720,appsec-legacy,bwapp,trivy,mysql: Server: DDL unspecified vulnerability (CPU Jul 2017),medium,CVE-2017-3652,,raesene/bwapp:latest (ubuntu 14.04),,,,,False,,False,,,libmysqlclient18,5.5.57-0ubuntu0.14.04.1,"Vulnerability in the MySQL Server component of Oracle MySQL (subcomponent: Server: DDL). Supported versions that are affected are 5.5.56 and earlier, 5.6.36 and earlier and 5.7.18 and earlier. Difficult to exploit vulnerability allows low privileged attacker with network access via multiple protocols to compromise MySQL Server. Successful attacks of this vulnerability can result in unauthorized update, insert or delete access to some of MySQL Server accessible data as well as unauthorized read access to a subset of MySQL Server accessible data. CVSS 3.0 Base Score 4.2 (Confidentiality and Integrity impacts). CVSS Vector: (CVSS:3.0/AV:N/AC:H/PR:L/UI:N/S:U/C:L/I:L/A:N).","[first_aid] Apply the vendor security patch for CVE-2017-3652; if unavailable, isolate the container and restrict egress. | [full_remediation] Upgrade package libmysqlclient18 from 5.5.47-0ubuntu0.14.04.1 to 5.5.57-0ubuntu0.14.04.1 (fixed version) in the image an | [scanner_guidance] Upgrade libmysqlclient18 from 5.5.47-0ubuntu0.14.04.1 to 5.5.57-0ubuntu0.14.04.1"
657,21.7,P4,720,appsec-legacy,bwapp,trivy,mysql: Server: Replication unspecified vulnerability (CPU Oct 2017),medium,CVE-2017-10268,,raesene/bwapp:latest (ubuntu 14.04),,,,,False,,False,,,libmysqlclient18,5.5.58-0ubuntu0.14.04.1,"Vulnerability in the MySQL Server component of Oracle MySQL (subcomponent: Server: Replication). Supported versions that are affected are 5.5.57 and earlier, 5.6.37 and earlier and 5.7.19 and earlier. Difficult to exploit vulnerability allows high privileged attacker with logon to the infrastructure where MySQL Server executes to compromise MySQL Server. Successful attacks of this vulnerability can result in unauthorized access to critical data or complete access to all MySQL Server accessible data. CVSS 3.0 Base Score 4.1 (Confidentiality impacts). CVSS Vector: (CVSS:3.0/AV:L/AC:H/PR:H/UI:N/S:U/C:H/I:N/A:N).","[first_aid] Apply the vendor security patch for CVE-2017-10268; if unavailable, isolate the container and restrict egress. | [full_remediation] Upgrade package libmysqlclient18 from 5.5.47-0ubuntu0.14.04.1 to 5.5.58-0ubuntu0.14.04.1 (fixed version) in the image an | [scanner_guidance] Upgrade libmysqlclient18 from 5.5.47-0ubuntu0.14.04.1 to 5.5.58-0ubuntu0.14.04.1"
658,21.5,P4,720,appsec-legacy,bwapp,trivy,krb5: Memory leak caused by supplying a null principal name in request,medium,CVE-2015-8631,CWE-772,raesene/bwapp:latest (ubuntu 14.04),,,,,False,,False,,0.0,krb5-locales,1.12+dfsg-2ubuntu5.4,Multiple memory leaks in kadmin/server/server_stubs.c in kadmind in MIT Kerberos 5 (aka krb5) before 1.13.4 and 1.14.x before 1.14.1 allow remote authenticated users to cause a denial of service (memory consumption) via a request specifying a NULL principal name.,"[first_aid] Apply the vendor security patch for CVE-2015-8631; if unavailable, isolate the container and restrict egress. | [full_remediation] Upgrade package krb5-locales from 1.12+dfsg-2ubuntu5.2 to 1.12+dfsg-2ubuntu5.4 (fixed version) in the image and rebuild/ | [scanner_guidance] Upgrade krb5-locales from 1.12+dfsg-2ubuntu5.2 to 1.12+dfsg-2ubuntu5.4"
659,21.5,P4,720,appsec-legacy,bwapp,trivy,krb5: S4U2Self KDC crash when anon is restricted,medium,CVE-2016-3120,CWE-476,raesene/bwapp:latest (ubuntu 14.04),,,,,False,,False,,0.0,krb5-locales,1.12+dfsg-2ubuntu5.4,"The validate_as_request function in kdc_util.c in the Key Distribution Center (KDC) in MIT Kerberos 5 (aka krb5) before 1.13.6 and 1.4.x before 1.14.3, when restrict_anonymous_to_tgt is enabled, uses an incorrect client data structure, which allows remote authenticated users to cause a denial of service (NULL pointer dereference and daemon crash) via an S4U2Self request.","[first_aid] Apply the vendor security patch for CVE-2016-3120; if unavailable, isolate the container and restrict egress. | [full_remediation] Upgrade package krb5-locales from 1.12+dfsg-2ubuntu5.2 to 1.12+dfsg-2ubuntu5.4 (fixed version) in the image and rebuild/ | [scanner_guidance] Upgrade krb5-locales from 1.12+dfsg-2ubuntu5.2 to 1.12+dfsg-2ubuntu5.4"
660,21.5,P4,720,appsec-legacy,bwapp,trivy,krb5: Invalid S4U2Self or S4U2Proxy request causes assertion failure,medium,CVE-2017-11368,CWE-617,raesene/bwapp:latest (ubuntu 14.04),,,,,False,,False,,0.0,krb5-locales,1.12+dfsg-2ubuntu5.4,"In MIT Kerberos 5 (aka krb5) 1.7 and later, an authenticated attacker can cause a KDC assertion failure by sending invalid S4U2Self or S4U2Proxy requests.","[first_aid] Apply the vendor security patch for CVE-2017-11368; if unavailable, isolate the container and restrict egress. | [full_remediation] Upgrade package krb5-locales from 1.12+dfsg-2ubuntu5.2 to 1.12+dfsg-2ubuntu5.4 (fixed version) in the image and rebuild/ | [scanner_guidance] Upgrade krb5-locales from 1.12+dfsg-2ubuntu5.2 to 1.12+dfsg-2ubuntu5.4"
661,21.5,P4,720,appsec-legacy,bwapp,trivy,mysql: unspecified vulnerability in subcomponent: Server: DML (CPU April 2016),medium,CVE-2016-0643,,raesene/bwapp:latest (ubuntu 14.04),,,,,False,,False,,,libmysqlclient18,5.5.49-0ubuntu0.14.04.1,"Unspecified vulnerability in Oracle MySQL 5.5.48 and earlier, 5.6.29 and earlier, and 5.7.11 and earlier and MariaDB before 5.5.49, 10.0.x before 10.0.25, and 10.1.x before 10.1.14 allows local users to affect confidentiality via vectors related to DML.","[first_aid] Apply the vendor security patch for CVE-2016-0643; if unavailable, isolate the container and restrict egress. | [full_remediation] Upgrade package libmysqlclient18 from 5.5.47-0ubuntu0.14.04.1 to 5.5.49-0ubuntu0.14.04.1 (fixed version) in the image an | [scanner_guidance] Upgrade libmysqlclient18 from 5.5.47-0ubuntu0.14.04.1 to 5.5.49-0ubuntu0.14.04.1"
662,21.5,P4,720,appsec-legacy,bwapp,trivy,mysql: unspecified vulnerability in subcomponent: Server: DDL (CPU April 2016),medium,CVE-2016-0644,,raesene/bwapp:latest (ubuntu 14.04),,,,,False,,False,,,libmysqlclient18,5.5.49-0ubuntu0.14.04.1,"Unspecified vulnerability in Oracle MySQL 5.5.47 and earlier, 5.6.28 and earlier, and 5.7.10 and earlier and MariaDB before 5.5.48, 10.0.x before 10.0.24, and 10.1.x before 10.1.12 allows local users to affect availability via vectors related to DDL.","[first_aid] Apply the vendor security patch for CVE-2016-0644; if unavailable, isolate the container and restrict egress. | [full_remediation] Upgrade package libmysqlclient18 from 5.5.47-0ubuntu0.14.04.1 to 5.5.49-0ubuntu0.14.04.1 (fixed version) in the image an | [scanner_guidance] Upgrade libmysqlclient18 from 5.5.47-0ubuntu0.14.04.1 to 5.5.49-0ubuntu0.14.04.1"
663,21.5,P4,720,appsec-legacy,bwapp,trivy,mysql: unspecified vulnerability in subcomponent: Server: PS (CPU April 2016),medium,CVE-2016-0648,,raesene/bwapp:latest (ubuntu 14.04),,,,,False,,False,,,libmysqlclient18,5.5.49-0ubuntu0.14.04.1,"Unspecified vulnerability in Oracle MySQL 5.5.48 and earlier, 5.6.29 and earlier, and 5.7.11 and earlier and MariaDB before 5.5.49, 10.0.x before 10.0.25, and 10.1.x before 10.1.14 allows local users to affect availability via vectors related to PS.","[first_aid] Apply the vendor security patch for CVE-2016-0648; if unavailable, isolate the container and restrict egress. | [full_remediation] Upgrade package libmysqlclient18 from 5.5.47-0ubuntu0.14.04.1 to 5.5.49-0ubuntu0.14.04.1 (fixed version) in the image an | [scanner_guidance] Upgrade libmysqlclient18 from 5.5.47-0ubuntu0.14.04.1 to 5.5.49-0ubuntu0.14.04.1"
664,21.5,P4,720,appsec-legacy,bwapp,trivy,mysql: unspecified vulnerability in subcomponent: Server: PS (CPU April 2016),medium,CVE-2016-0649,,raesene/bwapp:latest (ubuntu 14.04),,,,,False,,False,,,libmysqlclient18,5.5.49-0ubuntu0.14.04.1,"Unspecified vulnerability in Oracle MySQL 5.5.47 and earlier, 5.6.28 and earlier, and 5.7.10 and earlier and MariaDB before 5.5.48, 10.0.x before 10.0.24, and 10.1.x before 10.1.12 allows local users to affect availability via vectors related to PS.","[first_aid] Apply the vendor security patch for CVE-2016-0649; if unavailable, isolate the container and restrict egress. | [full_remediation] Upgrade package libmysqlclient18 from 5.5.47-0ubuntu0.14.04.1 to 5.5.49-0ubuntu0.14.04.1 (fixed version) in the image an | [scanner_guidance] Upgrade libmysqlclient18 from 5.5.47-0ubuntu0.14.04.1 to 5.5.49-0ubuntu0.14.04.1"
665,21.5,P4,720,appsec-legacy,bwapp,trivy,mysql: unspecified vulnerability in subcomponent: Server: RBR (CPU July 2016),medium,CVE-2016-5440,,raesene/bwapp:latest (ubuntu 14.04),,,,,False,,False,,,libmysqlclient18,5.5.50-0ubuntu0.14.04.1,"Unspecified vulnerability in Oracle MySQL 5.5.49 and earlier, 5.6.30 and earlier, and 5.7.12 and earlier and MariaDB before 5.5.50, 10.0.x before 10.0.26, and 10.1.x before 10.1.15 allows remote administrators to affect availability via vectors related to Server: RBR.","[first_aid] Apply the vendor security patch for CVE-2016-5440; if unavailable, isolate the container and restrict egress. | [full_remediation] Upgrade package libmysqlclient18 from 5.5.47-0ubuntu0.14.04.1 to 5.5.50-0ubuntu0.14.04.1 (fixed version) in the image an | [scanner_guidance] Upgrade libmysqlclient18 from 5.5.47-0ubuntu0.14.04.1 to 5.5.50-0ubuntu0.14.04.1"
666,21.5,P4,720,appsec-legacy,bwapp,trivy,mysql: unspecified vulnerability in subcomponent: Server: DML (CPU October 2016),medium,CVE-2016-5624,,raesene/bwapp:latest (ubuntu 14.04),,,,,False,,False,,,libmysqlclient18,5.5.52-0ubuntu0.14.04.1,Unspecified vulnerability in Oracle MySQL 5.5.51 and earlier allows remote authenticated users to affect availability via vectors related to DML.,"[first_aid] Apply the vendor security patch for CVE-2016-5624; if unavailable, isolate the container and restrict egress. | [full_remediation] Upgrade package libmysqlclient18 from 5.5.47-0ubuntu0.14.04.1 to 5.5.52-0ubuntu0.14.04.1 (fixed version) in the image an | [scanner_guidance] Upgrade libmysqlclient18 from 5.5.47-0ubuntu0.14.04.1 to 5.5.52-0ubuntu0.14.04.1"
667,21.5,P4,720,appsec-legacy,bwapp,trivy,mysql: unspecified vulnerability in subcomponent: Server: Federated (CPU October 2016),medium,CVE-2016-5629,,raesene/bwapp:latest (ubuntu 14.04),,,,,False,,False,,,libmysqlclient18,5.5.52-0ubuntu0.14.04.1,"Unspecified vulnerability in Oracle MySQL 5.5.51 and earlier, 5.6.32 and earlier, and 5.7.14 and earlier allows remote administrators to affect availability via vectors related to Server: Federated.","[first_aid] Apply the vendor security patch for CVE-2016-5629; if unavailable, isolate the container and restrict egress. | [full_remediation] Upgrade package libmysqlclient18 from 5.5.47-0ubuntu0.14.04.1 to 5.5.52-0ubuntu0.14.04.1 (fixed version) in the image an | [scanner_guidance] Upgrade libmysqlclient18 from 5.5.47-0ubuntu0.14.04.1 to 5.5.52-0ubuntu0.14.04.1"
668,21.5,P4,720,appsec-legacy,bwapp,trivy,mysql: unspecified vulnerability in subcomponent: Server: Types (CPU October 2016),medium,CVE-2016-8283,,raesene/bwapp:latest (ubuntu 14.04),,,,,False,,False,,,libmysqlclient18,5.5.52-0ubuntu0.14.04.1,"Unspecified vulnerability in Oracle MySQL 5.5.51 and earlier, 5.6.32 and earlier, and 5.7.14 and earlier allows remote authenticated users to affect availability via vectors related to Server: Types.","[first_aid] Apply the vendor security patch for CVE-2016-8283; if unavailable, isolate the container and restrict egress. | [full_remediation] Upgrade package libmysqlclient18 from 5.5.47-0ubuntu0.14.04.1 to 5.5.52-0ubuntu0.14.04.1 (fixed version) in the image an | [scanner_guidance] Upgrade libmysqlclient18 from 5.5.47-0ubuntu0.14.04.1 to 5.5.52-0ubuntu0.14.04.1"
669,21.5,P4,720,appsec-legacy,bwapp,trivy,mysql: Server: Optimizer unspecified vulnerability (CPU Oct 2017),medium,CVE-2017-10378,,raesene/bwapp:latest (ubuntu 14.04),,,,,False,,False,,,libmysqlclient18,5.5.58-0ubuntu0.14.04.1,"Vulnerability in the MySQL Server component of Oracle MySQL (subcomponent: Server: Optimizer). Supported versions that are affected are 5.5.57 and earlier, 5.6.37 and earlier and 5.7.11 and earlier. Easily exploitable vulnerability allows low privileged attacker with network access via multiple protocols to compromise MySQL Server. Successful attacks of this vulnerability can result in unauthorized ability to cause a hang or frequently repeatable crash (complete DOS) of MySQL Server. CVSS 3.0 Base Score 6.5 (Availability impacts). CVSS Vector: (CVSS:3.0/AV:N/AC:L/PR:L/UI:N/S:U/C:N/I:N/A:H).","[first_aid] Apply the vendor security patch for CVE-2017-10378; if unavailable, isolate the container and restrict egress. | [full_remediation] Upgrade package libmysqlclient18 from 5.5.47-0ubuntu0.14.04.1 to 5.5.58-0ubuntu0.14.04.1 (fixed version) in the image an | [scanner_guidance] Upgrade libmysqlclient18 from 5.5.47-0ubuntu0.14.04.1 to 5.5.58-0ubuntu0.14.04.1"
670,21.5,P4,720,appsec-legacy,bwapp,trivy,mysql: Client programs unspecified vulnerability (CPU Oct 2017),medium,CVE-2017-10379,CWE-863,raesene/bwapp:latest (ubuntu 14.04),,,,,False,,False,,0.0,libmysqlclient18,5.5.58-0ubuntu0.14.04.1,"Vulnerability in the MySQL Server component of Oracle MySQL (subcomponent: Client programs). Supported versions that are affected are 5.5.57 and earlier, 5.6.37 and earlier and 5.7.19 and earlier. Easily exploitable vulnerability allows low privileged attacker with network access via multiple protocols to compromise MySQL Server. Successful attacks of this vulnerability can result in unauthorized access to critical data or complete access to all MySQL Server accessible data. CVSS 3.0 Base Score 6.5 (Confidentiality impacts). CVSS Vector: (CVSS:3.0/AV:N/AC:L/PR:L/UI:N/S:U/C:H/I:N/A:N).","[first_aid] Apply the vendor security patch for CVE-2017-10379; if unavailable, isolate the container and restrict egress. | [full_remediation] Upgrade package libmysqlclient18 from 5.5.47-0ubuntu0.14.04.1 to 5.5.58-0ubuntu0.14.04.1 (fixed version) in the image an | [scanner_guidance] Upgrade libmysqlclient18 from 5.5.47-0ubuntu0.14.04.1 to 5.5.58-0ubuntu0.14.04.1"
671,21.5,P4,720,appsec-legacy,bwapp,trivy,mysql: Server: DDL unspecified vulnerability (CPU Oct 2017),medium,CVE-2017-10384,,raesene/bwapp:latest (ubuntu 14.04),,,,,False,,False,,,libmysqlclient18,5.5.58-0ubuntu0.14.04.1,Vulnerability in the MySQL Server component of Oracle MySQL (subcomponent: Server: DDL). Supported versions that are affected are 5.5.57 and earlier 5.6.37 and earlier 5.7.19 and earlier. Easily exploitable vulnerability allows low privileged attacker with network access via multiple protocols to compromise MySQL Server. Successful attacks of this vulnerability can result in unauthorized ability to cause a hang or frequently repeatable crash (complete DOS) of MySQL Server. CVSS 3.0 Base Score 6.5 (Availability impacts). CVSS Vector: (CVSS:3.0/AV:N/AC:L/PR:L/UI:N/S:U/C:N/I:N/A:H).,"[first_aid] Apply the vendor security patch for CVE-2017-10384; if unavailable, isolate the container and restrict egress. | [full_remediation] Upgrade package libmysqlclient18 from 5.5.47-0ubuntu0.14.04.1 to 5.5.58-0ubuntu0.14.04.1 (fixed version) in the image an | [scanner_guidance] Upgrade libmysqlclient18 from 5.5.47-0ubuntu0.14.04.1 to 5.5.58-0ubuntu0.14.04.1"
672,21.5,P4,720,appsec-legacy,bwapp,trivy,mysql: Server: DML unspecified vulnerability (CPU Jan 2017),medium,CVE-2017-3244,,raesene/bwapp:latest (ubuntu 14.04),,,,,False,,False,,,libmysqlclient18,5.5.54-0ubuntu0.14.04.1,"Vulnerability in the MySQL Server component of Oracle MySQL (subcomponent: Server: DML). Supported versions that are affected are 5.5.53 and earlier, 5.6.34 and earlier and 5.7.16 and earlier. Easily exploitable vulnerability allows low privileged attacker with network access via multiple protocols to compromise MySQL Server. Successful attacks of this vulnerability can result in unauthorized ability to cause a hang or frequently repeatable crash (complete DOS) of MySQL Server. CVSS v3.0 Base Score 6.5 (Availability impacts).","[first_aid] Apply the vendor security patch for CVE-2017-3244; if unavailable, isolate the container and restrict egress. | [full_remediation] Upgrade package libmysqlclient18 from 5.5.47-0ubuntu0.14.04.1 to 5.5.54-0ubuntu0.14.04.1 (fixed version) in the image an | [scanner_guidance] Upgrade libmysqlclient18 from 5.5.47-0ubuntu0.14.04.1 to 5.5.54-0ubuntu0.14.04.1"
673,21.5,P4,720,appsec-legacy,bwapp,trivy,mysql: Server: DDL unspecified vulnerability (CPU Jan 2017),medium,CVE-2017-3258,CWE-20,raesene/bwapp:latest (ubuntu 14.04),,,,,False,,False,,0.0,libmysqlclient18,5.5.54-0ubuntu0.14.04.1,"Vulnerability in the MySQL Server component of Oracle MySQL (subcomponent: Server: DDL). Supported versions that are affected are 5.5.53 and earlier, 5.6.34 and earlier and 5.7.16 and earlier. Easily exploitable vulnerability allows low privileged attacker with network access via multiple protocols to compromise MySQL Server. Successful attacks of this vulnerability can result in unauthorized ability to cause a hang or frequently repeatable crash (complete DOS) of MySQL Server. CVSS v3.0 Base Score 6.5 (Availability impacts).","[first_aid] Apply the vendor security patch for CVE-2017-3258; if unavailable, isolate the container and restrict egress. | [full_remediation] Upgrade package libmysqlclient18 from 5.5.47-0ubuntu0.14.04.1 to 5.5.54-0ubuntu0.14.04.1 (fixed version) in the image an | [scanner_guidance] Upgrade libmysqlclient18 from 5.5.47-0ubuntu0.14.04.1 to 5.5.54-0ubuntu0.14.04.1"
674,21.5,P4,720,appsec-legacy,bwapp,trivy,mysql: Server: DML unspecified vulnerability (CPU Apr 2017),medium,CVE-2017-3308,,raesene/bwapp:latest (ubuntu 14.04),,,,,False,,False,,,libmysqlclient18,5.5.55-0ubuntu0.14.04.1,"Vulnerability in the MySQL Server component of Oracle MySQL (subcomponent: Server: DML). Supported versions that are affected are 5.5.54 and earlier, 5.6.35 and earlier and 5.7.17 and earlier. Easily ""exploitable"" vulnerability allows low privileged attacker with network access via multiple protocols to compromise MySQL Server. While the vulnerability is in MySQL Server, attacks may significantly impact additional products. Successful attacks of this vulnerability can result in unauthorized ability to cause a hang or frequently repeatable crash (complete DOS) of MySQL Server. CVSS 3.0 Base Score 7.7 (Availability impacts). CVSS Vector: (CVSS:3.0/AV:N/AC:L/PR:L/UI:N/S:C/C:N/I:N/A:H).","[first_aid] Apply the vendor security patch for CVE-2017-3308; if unavailable, isolate the container and restrict egress. | [full_remediation] Upgrade package libmysqlclient18 from 5.5.47-0ubuntu0.14.04.1 to 5.5.55-0ubuntu0.14.04.1 (fixed version) in the image an | [scanner_guidance] Upgrade libmysqlclient18 from 5.5.47-0ubuntu0.14.04.1 to 5.5.55-0ubuntu0.14.04.1"
675,21.5,P4,720,appsec-legacy,bwapp,trivy,mysql: Server: Error Handling unspecified vulnerability (CPU Jan 2017),medium,CVE-2017-3318,,raesene/bwapp:latest (ubuntu 14.04),,,,,False,,False,,,libmysqlclient18,5.5.54-0ubuntu0.14.04.1,"Vulnerability in the MySQL Server component of Oracle MySQL (subcomponent: Server: Error Handling). Supported versions that are affected are 5.5.53 and earlier, 5.6.34 and earlier and 5.7.16 and earlier. Difficult to exploit vulnerability allows high privileged attacker with logon to the infrastructure where MySQL Server executes to compromise MySQL Server. Successful attacks require human interaction from a person other than the attacker. Successful attacks of this vulnerability can result in unauthorized access to critical data or complete access to all MySQL Server accessible data. CVSS v3.0 Base Score 4.0 (Confidentiality impacts).","[first_aid] Apply the vendor security patch for CVE-2017-3318; if unavailable, isolate the container and restrict egress. | [full_remediation] Upgrade package libmysqlclient18 from 5.5.47-0ubuntu0.14.04.1 to 5.5.54-0ubuntu0.14.04.1 (fixed version) in the image an | [scanner_guidance] Upgrade libmysqlclient18 from 5.5.47-0ubuntu0.14.04.1 to 5.5.54-0ubuntu0.14.04.1"
676,21.5,P4,720,appsec-legacy,bwapp,trivy,mysql: Server: Optimizer unspecified vulnerability (CPU Apr 2017),medium,CVE-2017-3453,,raesene/bwapp:latest (ubuntu 14.04),,,,,False,,False,,,libmysqlclient18,5.5.55-0ubuntu0.14.04.1,"Vulnerability in the MySQL Server component of Oracle MySQL (subcomponent: Server: Optimizer). Supported versions that are affected are 5.5.54 and earlier, 5.6.35 and earlier and 5.7.17 and earlier. Easily ""exploitable"" vulnerability allows low privileged attacker with network access via multiple protocols to compromise MySQL Server. Successful attacks of this vulnerability can result in unauthorized ability to cause a hang or frequently repeatable crash (complete DOS) of MySQL Server. CVSS 3.0 Base Score 6.5 (Availability impacts). CVSS Vector: (CVSS:3.0/AV:N/AC:L/PR:L/UI:N/S:U/C:N/I:N/A:H).","[first_aid] Apply the vendor security patch for CVE-2017-3453; if unavailable, isolate the container and restrict egress. | [full_remediation] Upgrade package libmysqlclient18 from 5.5.47-0ubuntu0.14.04.1 to 5.5.55-0ubuntu0.14.04.1 (fixed version) in the image an | [scanner_guidance] Upgrade libmysqlclient18 from 5.5.47-0ubuntu0.14.04.1 to 5.5.55-0ubuntu0.14.04.1"
677,21.5,P4,720,appsec-legacy,bwapp,trivy,mysql: Server: DML unspecified vulnerability (CPU Apr 2017),medium,CVE-2017-3456,,raesene/bwapp:latest (ubuntu 14.04),,,,,False,,False,,,libmysqlclient18,5.5.55-0ubuntu0.14.04.1,"Vulnerability in the MySQL Server component of Oracle MySQL (subcomponent: Server: DML). Supported versions that are affected are 5.5.54 and earlier, 5.6.35 and earlier and 5.7.17 and earlier. Easily ""exploitable"" vulnerability allows high privileged attacker with network access via multiple protocols to compromise MySQL Server. Successful attacks of this vulnerability can result in unauthorized ability to cause a hang or frequently repeatable crash (complete DOS) of MySQL Server. CVSS 3.0 Base Score 4.9 (Availability impacts). CVSS Vector: (CVSS:3.0/AV:N/AC:L/PR:H/UI:N/S:U/C:N/I:N/A:H).","[first_aid] Apply the vendor security patch for CVE-2017-3456; if unavailable, isolate the container and restrict egress. | [full_remediation] Upgrade package libmysqlclient18 from 5.5.47-0ubuntu0.14.04.1 to 5.5.55-0ubuntu0.14.04.1 (fixed version) in the image an | [scanner_guidance] Upgrade libmysqlclient18 from 5.5.47-0ubuntu0.14.04.1 to 5.5.55-0ubuntu0.14.04.1"
678,21.5,P4,720,appsec-legacy,bwapp,trivy,mysql: Server: Security: Privileges unspecified vulnerability (CPU Apr 2017),medium,CVE-2017-3462,,raesene/bwapp:latest (ubuntu 14.04),,,,,False,,False,,,libmysqlclient18,5.5.55-0ubuntu0.14.04.1,"Vulnerability in the MySQL Server component of Oracle MySQL (subcomponent: Server: Security: Privileges). Supported versions that are affected are 5.5.54 and earlier, 5.6.35 and earlier and 5.7.17 and earlier. Easily ""exploitable"" vulnerability allows high privileged attacker with network access via multiple protocols to compromise MySQL Server. Successful attacks of this vulnerability can result in unauthorized ability to cause a hang or frequently repeatable crash (complete DOS) of MySQL Server. CVSS 3.0 Base Score 4.9 (Availability impacts). CVSS Vector: (CVSS:3.0/AV:N/AC:L/PR:H/UI:N/S:U/C:N/I:N/A:H).","[first_aid] Apply the vendor security patch for CVE-2017-3462; if unavailable, isolate the container and restrict egress. | [full_remediation] Upgrade package libmysqlclient18 from 5.5.47-0ubuntu0.14.04.1 to 5.5.55-0ubuntu0.14.04.1 (fixed version) in the image an | [scanner_guidance] Upgrade libmysqlclient18 from 5.5.47-0ubuntu0.14.04.1 to 5.5.55-0ubuntu0.14.04.1"
679,21.5,P4,720,appsec-legacy,bwapp,trivy,mysql: Server: Security: Privileges unspecified vulnerability (CPU Apr 2017),medium,CVE-2017-3463,,raesene/bwapp:latest (ubuntu 14.04),,,,,False,,False,,,libmysqlclient18,5.5.55-0ubuntu0.14.04.1,"Vulnerability in the MySQL Server component of Oracle MySQL (subcomponent: Server: Security: Privileges). Supported versions that are affected are 5.5.54 and earlier, 5.6.35 and earlier and 5.7.17 and earlier. Easily ""exploitable"" vulnerability allows high privileged attacker with network access via multiple protocols to compromise MySQL Server. Successful attacks of this vulnerability can result in unauthorized ability to cause a hang or frequently repeatable crash (complete DOS) of MySQL Server. CVSS 3.0 Base Score 4.9 (Availability impacts). CVSS Vector: (CVSS:3.0/AV:N/AC:L/PR:H/UI:N/S:U/C:N/I:N/A:H).","[first_aid] Apply the vendor security patch for CVE-2017-3463; if unavailable, isolate the container and restrict egress. | [full_remediation] Upgrade package libmysqlclient18 from 5.5.47-0ubuntu0.14.04.1 to 5.5.55-0ubuntu0.14.04.1 (fixed version) in the image an | [scanner_guidance] Upgrade libmysqlclient18 from 5.5.47-0ubuntu0.14.04.1 to 5.5.55-0ubuntu0.14.04.1"
680,21.5,P4,720,appsec-legacy,bwapp,trivy,mysql: Server: DML unspecified vulnerability (CPU Jul 2017),medium,CVE-2017-3641,,raesene/bwapp:latest (ubuntu 14.04),,,,,False,,False,,,libmysqlclient18,5.5.57-0ubuntu0.14.04.1,"Vulnerability in the MySQL Server component of Oracle MySQL (subcomponent: Server: DML). Supported versions that are affected are 5.5.56 and earlier, 5.6.36 and earlier and 5.7.18 and earlier. Easily exploitable vulnerability allows high privileged attacker with network access via multiple protocols to compromise MySQL Server. Successful attacks of this vulnerability can result in unauthorized ability to cause a hang or frequently repeatable crash (complete DOS) of MySQL Server. CVSS 3.0 Base Score 4.9 (Availability impacts). CVSS Vector: (CVSS:3.0/AV:N/AC:L/PR:H/UI:N/S:U/C:N/I:N/A:H).","[first_aid] Apply the vendor security patch for CVE-2017-3641; if unavailable, isolate the container and restrict egress. | [full_remediation] Upgrade package libmysqlclient18 from 5.5.47-0ubuntu0.14.04.1 to 5.5.57-0ubuntu0.14.04.1 (fixed version) in the image an | [scanner_guidance] Upgrade libmysqlclient18 from 5.5.47-0ubuntu0.14.04.1 to 5.5.57-0ubuntu0.14.04.1"
681,21.5,P4,720,appsec-legacy,bwapp,trivy,mysql: Client mysqldump unspecified vulnerability (CPU Jul 2017),medium,CVE-2017-3651,,raesene/bwapp:latest (ubuntu 14.04),,,,,False,,False,,,libmysqlclient18,5.5.57-0ubuntu0.14.04.1,"Vulnerability in the MySQL Server component of Oracle MySQL (subcomponent: Client mysqldump). Supported versions that are affected are 5.5.56 and earlier, 5.6.36 and earlier and 5.7.18 and earlier. Easily exploitable vulnerability allows low privileged attacker with network access via multiple protocols to compromise MySQL Server. Successful attacks of this vulnerability can result in unauthorized update, insert or delete access to some of MySQL Server accessible data. CVSS 3.0 Base Score 4.3 (Integrity impacts). CVSS Vector: (CVSS:3.0/AV:N/AC:L/PR:L/UI:N/S:U/C:N/I:L/A:N).","[first_aid] Apply the vendor security patch for CVE-2017-3651; if unavailable, isolate the container and restrict egress. | [full_remediation] Upgrade package libmysqlclient18 from 5.5.47-0ubuntu0.14.04.1 to 5.5.57-0ubuntu0.14.04.1 (fixed version) in the image an | [scanner_guidance] Upgrade libmysqlclient18 from 5.5.47-0ubuntu0.14.04.1 to 5.5.57-0ubuntu0.14.04.1"
682,21.5,P4,720,appsec-legacy,bwapp,trivy,mysql: Server: Optimizer unspecified vulnerability (CPU Apr 2018),medium,CVE-2018-2781,,raesene/bwapp:latest (ubuntu 14.04),,,,,False,,False,,,libmysqlclient18,5.5.60-0ubuntu0.14.04.1,"Vulnerability in the MySQL Server component of Oracle MySQL (subcomponent: Server: Optimizer). Supported versions that are affected are 5.5.59 and prior, 5.6.39 and prior and 5.7.21 and prior. Easily exploitable vulnerability allows high privileged attacker with network access via multiple protocols to compromise MySQL Server. Successful attacks of this vulnerability can result in unauthorized ability to cause a hang or frequently repeatable crash (complete DOS) of MySQL Server. CVSS 3.0 Base Score 4.9 (Availability impacts). CVSS Vector: (CVSS:3.0/AV:N/AC:L/PR:H/UI:N/S:U/C:N/I:N/A:H).","[first_aid] Apply the vendor security patch for CVE-2018-2781; if unavailable, isolate the container and restrict egress. | [full_remediation] Upgrade package libmysqlclient18 from 5.5.47-0ubuntu0.14.04.1 to 5.5.60-0ubuntu0.14.04.1 (fixed version) in the image an | [scanner_guidance] Upgrade libmysqlclient18 from 5.5.47-0ubuntu0.14.04.1 to 5.5.60-0ubuntu0.14.04.1"
683,21.5,P4,720,appsec-legacy,bwapp,trivy,mysql: Server: Security: Privileges unspecified vulnerability (CPU Apr 2018),medium,CVE-2018-2818,,raesene/bwapp:latest (ubuntu 14.04),,,,,False,,False,,,libmysqlclient18,5.5.60-0ubuntu0.14.04.1,"Vulnerability in the MySQL Server component of Oracle MySQL (subcomponent: Server : Security : Privileges). Supported versions that are affected are 5.5.59 and prior, 5.6.39 and prior and 5.7.21 and prior. Easily exploitable vulnerability allows high privileged attacker with network access via multiple protocols to compromise MySQL Server. Successful attacks of this vulnerability can result in unauthorized ability to cause a hang or frequently repeatable crash (complete DOS) of MySQL Server. CVSS 3.0 Base Score 4.9 (Availability impacts). CVSS Vector: (CVSS:3.0/AV:N/AC:L/PR:H/UI:N/S:U/C:N/I:N/A:H).","[first_aid] Apply the vendor security patch for CVE-2018-2818; if unavailable, isolate the container and restrict egress. | [full_remediation] Upgrade package libmysqlclient18 from 5.5.47-0ubuntu0.14.04.1 to 5.5.60-0ubuntu0.14.04.1 (fixed version) in the image an | [scanner_guidance] Upgrade libmysqlclient18 from 5.5.47-0ubuntu0.14.04.1 to 5.5.60-0ubuntu0.14.04.1"
684,21.5,P4,720,appsec-legacy,bwapp,trivy,mysql: InnoDB unspecified vulnerability (CPU Apr 2018),medium,CVE-2018-2819,,raesene/bwapp:latest (ubuntu 14.04),,,,,False,,False,,,libmysqlclient18,5.5.60-0ubuntu0.14.04.1,"Vulnerability in the MySQL Server component of Oracle MySQL (subcomponent: InnoDB). Supported versions that are affected are 5.5.59 and prior, 5.6.39 and prior and 5.7.21 and prior. Easily exploitable vulnerability allows low privileged attacker with network access via multiple protocols to compromise MySQL Server. Successful attacks of this vulnerability can result in unauthorized ability to cause a hang or frequently repeatable crash (complete DOS) of MySQL Server. CVSS 3.0 Base Score 6.5 (Availability impacts). CVSS Vector: (CVSS:3.0/AV:N/AC:L/PR:L/UI:N/S:U/C:N/I:N/A:H).","[first_aid] Apply the vendor security patch for CVE-2018-2819; if unavailable, isolate the container and restrict egress. | [full_remediation] Upgrade package libmysqlclient18 from 5.5.47-0ubuntu0.14.04.1 to 5.5.60-0ubuntu0.14.04.1 (fixed version) in the image an | [scanner_guidance] Upgrade libmysqlclient18 from 5.5.47-0ubuntu0.14.04.1 to 5.5.60-0ubuntu0.14.04.1"
685,21.5,P4,720,appsec-legacy,bwapp,trivy,mysql: MyISAM unspecified vulnerability (CPU Jul 2018),medium,CVE-2018-3058,,raesene/bwapp:latest (ubuntu 14.04),,,,,False,,False,,,libmysqlclient18,5.5.61-0ubuntu0.14.04.1,"Vulnerability in the MySQL Server component of Oracle MySQL (subcomponent: MyISAM). Supported versions that are affected are 5.5.60 and prior, 5.6.40 and prior and 5.7.22 and prior. Easily exploitable vulnerability allows low privileged attacker with network access via multiple protocols to compromise MySQL Server. Successful attacks of this vulnerability can result in unauthorized update, insert or delete access to some of MySQL Server accessible data. CVSS 3.0 Base Score 4.3 (Integrity impacts). CVSS Vector: (CVSS:3.0/AV:N/AC:L/PR:L/UI:N/S:U/C:N/I:L/A:N).","[first_aid] Apply the vendor security patch for CVE-2018-3058; if unavailable, isolate the container and restrict egress. | [full_remediation] Upgrade package libmysqlclient18 from 5.5.47-0ubuntu0.14.04.1 to 5.5.61-0ubuntu0.14.04.1 (fixed version) in the image an | [scanner_guidance] Upgrade libmysqlclient18 from 5.5.47-0ubuntu0.14.04.1 to 5.5.61-0ubuntu0.14.04.1"
686,21.5,P4,720,appsec-legacy,bwapp,trivy,mysql: Client mysqldump unspecified vulnerability (CPU Jul 2018),medium,CVE-2018-3070,,raesene/bwapp:latest (ubuntu 14.04),,,,,False,,False,,,libmysqlclient18,5.5.61-0ubuntu0.14.04.1,"Vulnerability in the MySQL Server component of Oracle MySQL (subcomponent: Client mysqldump). Supported versions that are affected are 5.5.60 and prior, 5.6.40 and prior and 5.7.22 and prior. Easily exploitable vulnerability allows low privileged attacker with network access via multiple protocols to compromise MySQL Server. Successful attacks of this vulnerability can result in unauthorized ability to cause a hang or frequently repeatable crash (complete DOS) of MySQL Server. CVSS 3.0 Base Score 6.5 (Availability impacts). CVSS Vector: (CVSS:3.0/AV:N/AC:L/PR:L/UI:N/S:U/C:N/I:N/A:H).","[first_aid] Apply the vendor security patch for CVE-2018-3070; if unavailable, isolate the container and restrict egress. | [full_remediation] Upgrade package libmysqlclient18 from 5.5.47-0ubuntu0.14.04.1 to 5.5.61-0ubuntu0.14.04.1 (fixed version) in the image an | [scanner_guidance] Upgrade libmysqlclient18 from 5.5.47-0ubuntu0.14.04.1 to 5.5.61-0ubuntu0.14.04.1"
687,21.5,P4,720,appsec-legacy,bwapp,trivy,mysql: Server: Storage Engines unspecified vulnerability (CPU Oct 2018),medium,CVE-2018-3282,,raesene/bwapp:latest (ubuntu 14.04),,,,,False,,False,,,libmysqlclient18,5.5.62-0ubuntu0.14.04.1,"Vulnerability in the MySQL Server component of Oracle MySQL (subcomponent: Server: Storage Engines). Supported versions that are affected are 5.5.61 and prior, 5.6.41 and prior, 5.7.23 and prior and 8.0.12 and prior. Easily exploitable vulnerability allows high privileged attacker with network access via multiple protocols to compromise MySQL Server. Successful attacks of this vulnerability can result in unauthorized ability to cause a hang or frequently repeatable crash (complete DOS) of MySQL Server. CVSS 3.0 Base Score 4.9 (Availability impacts). CVSS Vector: (CVSS:3.0/AV:N/AC:L/PR:H/UI:N/S:U/C:N/I:N/A:H).","[first_aid] Apply the vendor security patch for CVE-2018-3282; if unavailable, isolate the container and restrict egress. | [full_remediation] Upgrade package libmysqlclient18 from 5.5.47-0ubuntu0.14.04.1 to 5.5.62-0ubuntu0.14.04.1 (fixed version) in the image an | [scanner_guidance] Upgrade libmysqlclient18 from 5.5.47-0ubuntu0.14.04.1 to 5.5.62-0ubuntu0.14.04.1"
688,21.5,P4,720,appsec-legacy,bwapp,trivy,ntp: Authenticated DoS via Malicious Config Option,low,CVE-2017-6463,CWE-20,raesene/bwapp:latest (ubuntu 14.04),,,,,False,,False,,0.0,ntpdate,1:4.2.6.p5+dfsg-3ubuntu2.14.04.11,"NTP before 4.2.8p10 and 4.3.x before 4.3.94 allows remote authenticated users to cause a denial of service (daemon crash) via an invalid setting in a :config directive, related to the unpeer option.","[first_aid] Apply the vendor security patch for CVE-2017-6463; if unavailable, isolate the container and restrict egress. | [full_remediation] Upgrade package ntpdate from 1:4.2.6.p5+dfsg-3ubuntu2.14.04.6 to 1:4.2.6.p5+dfsg-3ubuntu2.14.04.11 (fixed version) in th | [scanner_guidance] Upgrade ntpdate from 1:4.2.6.p5+dfsg-3ubuntu2.14.04.6 to 1:4.2.6.p5+dfsg-3ubuntu2.14.04.11"
689,21.5,P4,720,appsec-legacy,bwapp,trivy,openssh: Missing character encoding in progress display allows for spoofing of scp client output,medium,CVE-2019-6109,CWE-116,raesene/bwapp:latest (ubuntu 14.04),,,,,False,,False,,0.0,openssh-client,1:6.6p1-2ubuntu2.12,"An issue was discovered in OpenSSH 7.9. Due to missing character encoding in the progress display, a malicious server (or Man-in-The-Middle attacker) can employ crafted object names to manipulate the client output, e.g., by using ANSI control codes to hide additional files being transferred. This affects refresh_progress_meter() in progressmeter.c.","[first_aid] Apply the vendor security patch for CVE-2019-6109; if unavailable, isolate the container and restrict egress. | [full_remediation] Upgrade package openssh-client from 1:6.6p1-2ubuntu2.6 to 1:6.6p1-2ubuntu2.12 (fixed version) in the image and rebuild/r | [scanner_guidance] Upgrade openssh-client from 1:6.6p1-2ubuntu2.6 to 1:6.6p1-2ubuntu2.12"
690,21.0,P4,720,appsec-legacy,bwapp,trivy,krb5: DN container check bypass by supplying special crafted data,low,CVE-2018-5730,CWE-90,raesene/bwapp:latest (ubuntu 14.04),,,,,False,,False,,0.0,krb5-locales,1.12+dfsg-2ubuntu5.4,"MIT krb5 1.6 or later allows an authenticated kadmin with permission to add principals to an LDAP Kerberos database to circumvent a DN containership check by supplying both a ""linkdn"" and ""containerdn"" database argument, or by supplying a DN string which is a left extension of a container DN string but is not hierarchically within the container DN.","[first_aid] Apply the vendor security patch for CVE-2018-5730; if unavailable, isolate the container and restrict egress. | [full_remediation] Upgrade package krb5-locales from 1.12+dfsg-2ubuntu5.2 to 1.12+dfsg-2ubuntu5.4 (fixed version) in the image and rebuild/ | [scanner_guidance] Upgrade krb5-locales from 1.12+dfsg-2ubuntu5.2 to 1.12+dfsg-2ubuntu5.4"
691,20.7,P4,720,appsec-legacy,bwapp,trivy,curl: URL unescape heap overflow via integer truncation,medium,CVE-2016-8622,CWE-122,raesene/bwapp:latest (ubuntu 14.04),,,,,False,,False,,0.0,libcurl3-gnutls,7.35.0-1ubuntu2.10,"The URL percent-encoding decode function in libcurl before 7.51.0 is called `curl_easy_unescape`. Internally, even if this function would be made to allocate a unscape destination buffer larger than 2GB, it would return that new length in a signed 32 bit integer variable, thus the length would get either just truncated or both truncated and turned negative. That could then lead to libcurl writing outside of its heap based buffer.","[first_aid] Apply the vendor security patch for CVE-2016-8622; if unavailable, isolate the container and restrict egress. | [full_remediation] Upgrade package libcurl3-gnutls from 7.35.0-1ubuntu2.6 to 7.35.0-1ubuntu2.10 (fixed version) in the image and rebuild/re | [scanner_guidance] Upgrade libcurl3-gnutls from 7.35.0-1ubuntu2.6 to 7.35.0-1ubuntu2.10"
692,20.7,P4,720,appsec-legacy,bwapp,trivy,curl: Case insensitive password comparison,low,CVE-2016-8616,CWE-592,raesene/bwapp:latest (ubuntu 14.04),,,,,False,,False,,0.0,libcurl3-gnutls,7.35.0-1ubuntu2.10,"A flaw was found in curl before version 7.51.0 When re-using a connection, curl was doing case insensitive comparisons of user name and password with the existing connections. This means that if an unused connection with proper credentials exists for a protocol that has connection-scoped credentials, an attacker can cause that connection to be reused if s/he knows the case-insensitive version of the correct password.","[first_aid] Apply the vendor security patch for CVE-2016-8616; if unavailable, isolate the container and restrict egress. | [full_remediation] Upgrade package libcurl3-gnutls from 7.35.0-1ubuntu2.6 to 7.35.0-1ubuntu2.10 (fixed version) in the image and rebuild/re | [scanner_guidance] Upgrade libcurl3-gnutls from 7.35.0-1ubuntu2.6 to 7.35.0-1ubuntu2.10"
693,20.7,P4,720,appsec-legacy,bwapp,trivy,mysql: Server: Replication unspecified vulnerability (CPU Apr 2018),medium,CVE-2018-2755,,raesene/bwapp:latest (ubuntu 14.04),,,,,False,,False,,,libmysqlclient18,5.5.60-0ubuntu0.14.04.1,"Vulnerability in the MySQL Server component of Oracle MySQL (subcomponent: Server: Replication). Supported versions that are affected are 5.5.59 and prior, 5.6.39 and prior and 5.7.21 and prior. Difficult to exploit vulnerability allows unauthenticated attacker with logon to the infrastructure where MySQL Server executes to compromise MySQL Server. Successful attacks require human interaction from a person other than the attacker and while the vulnerability is in MySQL Server, attacks may significantly impact additional products. Successful attacks of this vulnerability can result in takeover of MySQL Server. CVSS 3.0 Base Score 7.7 (Confidentiality, Integrity and Availability impacts). CVSS Vector: (CVSS:3.0/AV:L/AC:H/PR:N/UI:R/S:C/C:H/I:H/A:H).","[first_aid] Apply the vendor security patch for CVE-2018-2755; if unavailable, isolate the container and restrict egress. | [full_remediation] Upgrade package libmysqlclient18 from 5.5.47-0ubuntu0.14.04.1 to 5.5.60-0ubuntu0.14.04.1 (fixed version) in the image an | [scanner_guidance] Upgrade libmysqlclient18 from 5.5.47-0ubuntu0.14.04.1 to 5.5.60-0ubuntu0.14.04.1"
694,20.3,P4,720,appsec-legacy,bwapp,nuclei,PHPinfo Page - Detect,low,,cwe-200,http://bwapp:80/phpinfo.php,,,,,False,,False,,0.513,,,PHPinfo page was detected. The output of the phpinfo() command can reveal sensitive and detailed PHP environment information.,"[first_aid] Restrict access to the exposed resource (auth, IP allow-list, remove from public routing). | [full_remediation] Redact/remove the sensitive data from responses and apply least-privilege access controls."
695,20.3,P4,720,appsec-legacy,bwapp,trivy,httpd: Improper handling of headers in mod_session can allow a remote user to modify session data for CGI applications,low,CVE-2018-1283,,raesene/bwapp:latest (ubuntu 14.04),,,,,False,,False,,,apache2,2.4.7-1ubuntu4.20,"In Apache httpd 2.4.0 to 2.4.29, when mod_session is configured to forward its session data to CGI applications (SessionEnv on, not the default), a remote user may influence their content by using a ""Session"" header. This comes from the ""HTTP_SESSION"" variable name used by mod_session to forward its data to CGIs, since the prefix ""HTTP_"" is also used by the Apache HTTP Server to pass HTTP header fields, per CGI specifications.","[first_aid] Apply the vendor security patch for CVE-2018-1283; if unavailable, isolate the container and restrict egress. | [full_remediation] Upgrade package apache2 from 2.4.7-1ubuntu4.9 to 2.4.7-1ubuntu4.20 (fixed version) in the image and rebuild/redeploy. | [scanner_guidance] Upgrade apache2 from 2.4.7-1ubuntu4.9 to 2.4.7-1ubuntu4.20"
696,20.3,P4,720,appsec-legacy,bwapp,trivy,mysql: unspecified vulnerability in subcomponent: Server: Security: Privileges (CPU April 2016),medium,CVE-2016-0666,,raesene/bwapp:latest (ubuntu 14.04),,,,,False,,False,,,libmysqlclient18,5.5.49-0ubuntu0.14.04.1,"Unspecified vulnerability in Oracle MySQL 5.5.48 and earlier, 5.6.29 and earlier, and 5.7.11 and earlier and MariaDB before 5.5.49, 10.0.x before 10.0.25, and 10.1.x before 10.1.14 allows local users to affect availability via vectors related to Security: Privileges.","[first_aid] Apply the vendor security patch for CVE-2016-0666; if unavailable, isolate the container and restrict egress. | [full_remediation] Upgrade package libmysqlclient18 from 5.5.47-0ubuntu0.14.04.1 to 5.5.49-0ubuntu0.14.04.1 (fixed version) in the image an | [scanner_guidance] Upgrade libmysqlclient18 from 5.5.47-0ubuntu0.14.04.1 to 5.5.49-0ubuntu0.14.04.1"
697,20.3,P4,720,appsec-legacy,bwapp,trivy,mysql: unspecified vulnerability in subcomponent: Server: Security: Encryption (CPU October 2016),medium,CVE-2016-5584,,raesene/bwapp:latest (ubuntu 14.04),,,,,False,,False,,,libmysqlclient18,5.5.53-0ubuntu0.14.04.1,"Unspecified vulnerability in Oracle MySQL 5.5.52 and earlier, 5.6.33 and earlier, and 5.7.15 and earlier allows remote administrators to affect confidentiality via vectors related to Server: Security: Encryption.","[first_aid] Apply the vendor security patch for CVE-2016-5584; if unavailable, isolate the container and restrict egress. | [full_remediation] Upgrade package libmysqlclient18 from 5.5.47-0ubuntu0.14.04.1 to 5.5.53-0ubuntu0.14.04.1 (fixed version) in the image an | [scanner_guidance] Upgrade libmysqlclient18 from 5.5.47-0ubuntu0.14.04.1 to 5.5.53-0ubuntu0.14.04.1"
698,20.3,P4,720,appsec-legacy,bwapp,trivy,mysql: Server: Charsets unspecified vulnerability (CPU Jan 2017),medium,CVE-2017-3243,,raesene/bwapp:latest (ubuntu 14.04),,,,,False,,False,,,libmysqlclient18,5.5.54-0ubuntu0.14.04.1,Vulnerability in the MySQL Server component of Oracle MySQL (subcomponent: Server: Charsets). Supported versions that are affected are 5.5.53 and earlier. Difficult to exploit vulnerability allows high privileged attacker with network access via multiple protocols to compromise MySQL Server. Successful attacks of this vulnerability can result in unauthorized ability to cause a hang or frequently repeatable crash (complete DOS) of MySQL Server. CVSS v3.0 Base Score 4.4 (Availability impacts).,"[first_aid] Apply the vendor security patch for CVE-2017-3243; if unavailable, isolate the container and restrict egress. | [full_remediation] Upgrade package libmysqlclient18 from 5.5.47-0ubuntu0.14.04.1 to 5.5.54-0ubuntu0.14.04.1 (fixed version) in the image an | [scanner_guidance] Upgrade libmysqlclient18 from 5.5.47-0ubuntu0.14.04.1 to 5.5.54-0ubuntu0.14.04.1"
699,20.3,P4,720,appsec-legacy,bwapp,trivy,mysql: unrestricted mysqld_safe's ledir (CPU Jan 2017),medium,CVE-2017-3291,,raesene/bwapp:latest (ubuntu 14.04),,,,,False,,False,,,libmysqlclient18,5.5.54-0ubuntu0.14.04.1,"Vulnerability in the MySQL Server component of Oracle MySQL (subcomponent: Server: Packaging). Supported versions that are affected are 5.5.53 and earlier, 5.6.34 and earlier and 5.7.16 and earlier. Difficult to exploit vulnerability allows high privileged attacker with logon to the infrastructure where MySQL Server executes to compromise MySQL Server. Successful attacks require human interaction from a person other than the attacker. Successful attacks of this vulnerability can result in takeover of MySQL Server. CVSS v3.0 Base Score 6.3 (Confidentiality, Integrity and Availability impacts).","[first_aid] Apply the vendor security patch for CVE-2017-3291; if unavailable, isolate the container and restrict egress. | [full_remediation] Upgrade package libmysqlclient18 from 5.5.47-0ubuntu0.14.04.1 to 5.5.54-0ubuntu0.14.04.1 (fixed version) in the image an | [scanner_guidance] Upgrade libmysqlclient18 from 5.5.47-0ubuntu0.14.04.1 to 5.5.54-0ubuntu0.14.04.1"
700,20.3,P4,720,appsec-legacy,bwapp,trivy,"mysql: insecure error log file handling in mysqld_safe, incomplete CVE-2016-6664 fix (CPU Jan 2017)",medium,CVE-2017-3312,,raesene/bwapp:latest (ubuntu 14.04),,,,,False,,False,,,libmysqlclient18,5.5.54-0ubuntu0.14.04.1,"Vulnerability in the MySQL Server component of Oracle MySQL (subcomponent: Server: Packaging). Supported versions that are affected are 5.5.53 and earlier, 5.6.34 and earlier and 5.7.16 and earlier. Difficult to exploit vulnerability allows low privileged attacker with logon to the infrastructure where MySQL Server executes to compromise MySQL Server. Successful attacks require human interaction from a person other than the attacker. Successful attacks of this vulnerability can result in takeover of MySQL Server. CVSS v3.0 Base Score 6.7 (Confidentiality, Integrity and Availability impacts).","[first_aid] Apply the vendor security patch for CVE-2017-3312; if unavailable, isolate the container and restrict egress. | [full_remediation] Upgrade package libmysqlclient18 from 5.5.47-0ubuntu0.14.04.1 to 5.5.54-0ubuntu0.14.04.1 (fixed version) in the image an | [scanner_guidance] Upgrade libmysqlclient18 from 5.5.47-0ubuntu0.14.04.1 to 5.5.54-0ubuntu0.14.04.1"
701,20.3,P4,720,appsec-legacy,bwapp,trivy,mysql: C API unspecified vulnerability (CPU Jul 2017),medium,CVE-2017-3635,,raesene/bwapp:latest (ubuntu 14.04),,,,,False,,False,,,libmysqlclient18,5.5.57-0ubuntu0.14.04.1,"Vulnerability in the MySQL Connectors component of Oracle MySQL (subcomponent: Connector/C). Supported versions that are affected are 6.1.10 and earlier. Difficult to exploit vulnerability allows low privileged attacker with network access via multiple protocols to compromise MySQL Connectors. Successful attacks of this vulnerability can result in unauthorized ability to cause a hang or frequently repeatable crash (complete DOS) of MySQL Connectors. Note: The documentation has also been updated for the correct way to use mysql_stmt_close(). Please see: https://dev.mysql.com/doc/refman/5.7/en/mysql-stmt-execute.html,  https://dev.mysql.com/doc/refman/5.7/en/mysql-stmt-fetch.html, https://dev.mysql.com/doc/refman/5.7/en/mysql-stmt-close.html, https://dev.mysql.com/doc/refman/5.7/en/mysql-stmt-error.html, https://dev.mysql.com/doc/refman/5.7/en/mysql-stmt-errno.html, and  https://dev.mysql.com/doc/refman/5.7/en/mysql-stmt-sqlstate.html. CVSS 3.0 Base Score 5.3 (Availability impacts). CVSS Vector: (CVSS:3.0/AV:N/AC:H/PR:L/UI:N/S:U/C:N/I:N/A:H).","[first_aid] Apply the vendor security patch for CVE-2017-3635; if unavailable, isolate the container and restrict egress. | [full_remediation] Upgrade package libmysqlclient18 from 5.5.47-0ubuntu0.14.04.1 to 5.5.57-0ubuntu0.14.04.1 (fixed version) in the image an | [scanner_guidance] Upgrade libmysqlclient18 from 5.5.47-0ubuntu0.14.04.1 to 5.5.57-0ubuntu0.14.04.1"
702,20.3,P4,720,appsec-legacy,bwapp,trivy,mysql: Server: DDL unspecified vulnerability (CPU Jul 2017),medium,CVE-2017-3653,,raesene/bwapp:latest (ubuntu 14.04),,,,,False,,False,,,libmysqlclient18,5.5.57-0ubuntu0.14.04.1,"Vulnerability in the MySQL Server component of Oracle MySQL (subcomponent: Server: DDL). Supported versions that are affected are 5.5.56 and earlier, 5.6.36 and earlier and 5.7.18 and earlier. Difficult to exploit vulnerability allows low privileged attacker with network access via multiple protocols to compromise MySQL Server. Successful attacks of this vulnerability can result in unauthorized update, insert or delete access to some of MySQL Server accessible data. CVSS 3.0 Base Score 3.1 (Integrity impacts). CVSS Vector: (CVSS:3.0/AV:N/AC:H/PR:L/UI:N/S:U/C:N/I:L/A:N).","[first_aid] Apply the vendor security patch for CVE-2017-3653; if unavailable, isolate the container and restrict egress. | [full_remediation] Upgrade package libmysqlclient18 from 5.5.47-0ubuntu0.14.04.1 to 5.5.57-0ubuntu0.14.04.1 (fixed version) in the image an | [scanner_guidance] Upgrade libmysqlclient18 from 5.5.47-0ubuntu0.14.04.1 to 5.5.57-0ubuntu0.14.04.1"
703,20.3,P4,720,appsec-legacy,bwapp,trivy,mysql: use of SSL/TLS not enforced in libmysqld (Return of BACKRONYM),medium,CVE-2018-2767,,raesene/bwapp:latest (ubuntu 14.04),,,,,False,,False,,,libmysqlclient18,5.5.61-0ubuntu0.14.04.1,"Vulnerability in the MySQL Server component of Oracle MySQL (subcomponent: Server: Security: Encryption). Supported versions that are affected are 5.5.60 and prior, 5.6.40 and prior and 5.7.22 and prior. Difficult to exploit vulnerability allows low privileged attacker with network access via multiple protocols to compromise MySQL Server. Successful attacks of this vulnerability can result in unauthorized read access to a subset of MySQL Server accessible data. CVSS 3.0 Base Score 3.1 (Confidentiality impacts). CVSS Vector: (CVSS:3.0/AV:N/AC:H/PR:L/UI:N/S:U/C:L/I:N/A:N).","[first_aid] Apply the vendor security patch for CVE-2018-2767; if unavailable, isolate the container and restrict egress. | [full_remediation] Upgrade package libmysqlclient18 from 5.5.47-0ubuntu0.14.04.1 to 5.5.61-0ubuntu0.14.04.1 (fixed version) in the image an | [scanner_guidance] Upgrade libmysqlclient18 from 5.5.47-0ubuntu0.14.04.1 to 5.5.61-0ubuntu0.14.04.1"
704,20.3,P4,720,appsec-legacy,bwapp,wapiti,HttpOnly Flag cookie: HttpOnly flag is not set on the cookie 'PHPSESSID' set at 'http://bwapp/portal.php',low,,,/portal.php,,,,,False,,False,,,,,HttpOnly is an additional flag included in a Set-Cookie HTTP response header. Using the HttpOnly flag when generating a cookie helps mitigate the risk of client side script accessing the protected cookie (if the browser supports it).,"[first_aid] Disable or restrict the affected functionality/endpoint at the perimeter (WAF rule, network ACL, feature flag) while the | [full_remediation] Patch or upgrade the affected component to the latest fixed version and re-run the scan to confirm the finding is gone. | [scanner_guidance] While creation of the cookie, make sure to set the HttpOnly Flag to True."
705,20.3,P4,720,appsec-legacy,bwapp,wapiti,Unencrypted Channels: No HTTPS redirection for this host. All HTTP requests are served in clear text.,low,,,/,,,,,False,,False,,,,,Sensitive data must be protected when it is transmitted through the network.,"[first_aid] Disable or restrict the affected functionality/endpoint at the perimeter (WAF rule, network ACL, feature flag) while the | [full_remediation] Patch or upgrade the affected component to the latest fixed version and re-run the scan to confirm the finding is gone. | [scanner_guidance] Use HTTPS for the whole web site and redirect any HTTP requests to HTTPS."
706,20.3,P4,720,appsec-legacy,bwapp,wapiti,Unencrypted Channels: Sensitive data (cookie in the response) was sent over an unencrypted HTTP connection to http://bwapp/portal.php. The ser,low,,,/portal.php,,,,,False,,False,,,,,Sensitive data must be protected when it is transmitted through the network.,"[first_aid] Disable or restrict the affected functionality/endpoint at the perimeter (WAF rule, network ACL, feature flag) while the | [full_remediation] Patch or upgrade the affected component to the latest fixed version and re-run the scan to confirm the finding is gone. | [scanner_guidance] Use HTTPS for the whole web site and redirect any HTTP requests to HTTPS."
707,20.3,P4,720,appsec-legacy,bwapp,zap,"Server Leaks Information via ""X-Powered-By"" HTTP Response Header Field(s)",low,,CWE-497,http://bwapp,,,,,False,,False,,0.0,,,"<p>The web/application server is leaking information via one or more ""X-Powered-By"" HTTP response headers. Access to such information may facilitate attackers identifying other frameworks/components your web application is reliant upon and the vulnerabilities such components may be subject to.</p>","[first_aid] Disable or restrict the affected functionality/endpoint at the perimeter (WAF rule, network ACL, feature flag) while the | [full_remediation] Patch or upgrade the affected component to the latest fixed version and re-run the scan to confirm the finding is gone. | [scanner_guidance] <p>Ensure that your web server, application server, load balancer, etc. is configured to suppress ""X-Powered-By"" headers"
708,19.7,P4,720,appsec-legacy,bwapp,trivy,mysql: Server: Options unspecified vulnerability (CPU Jul 2018),medium,CVE-2018-3066,,raesene/bwapp:latest (ubuntu 14.04),,,,,False,,False,,,libmysqlclient18,5.5.61-0ubuntu0.14.04.1,"Vulnerability in the MySQL Server component of Oracle MySQL (subcomponent: Server: Options). Supported versions that are affected are 5.5.60 and prior, 5.6.40 and prior and 5.7.22 and prior. Difficult to exploit vulnerability allows high privileged attacker with network access via multiple protocols to compromise MySQL Server. Successful attacks of this vulnerability can result in unauthorized update, insert or delete access to some of MySQL Server accessible data as well as unauthorized read access to a subset of MySQL Server accessible data. CVSS 3.0 Base Score 3.3 (Confidentiality and Integrity impacts). CVSS Vector: (CVSS:3.0/AV:N/AC:H/PR:H/UI:N/S:U/C:L/I:L/A:N).","[first_aid] Apply the vendor security patch for CVE-2018-3066; if unavailable, isolate the container and restrict egress. | [full_remediation] Upgrade package libmysqlclient18 from 5.5.47-0ubuntu0.14.04.1 to 5.5.61-0ubuntu0.14.04.1 (fixed version) in the image an | [scanner_guidance] Upgrade libmysqlclient18 from 5.5.47-0ubuntu0.14.04.1 to 5.5.61-0ubuntu0.14.04.1"
709,19.7,P4,720,appsec-legacy,bwapp,trivy,python: Heap-Buffer-Overflow and Heap-Use-After-Free in Objects/fileobject.c,low,CVE-2018-1000030,CWE-416,raesene/bwapp:latest (ubuntu 14.04),,,,,False,,False,,0.0,libpython2.7-minimal,2.7.6-8ubuntu0.5,"Python 2.7.14 is vulnerable to a Heap-Buffer-Overflow as well as a Heap-Use-After-Free. Python versions prior to 2.7.14 may also be vulnerable and it appears that Python 2.7.17 and prior may also be vulnerable however this has not been confirmed. The vulnerability lies when multiply threads are handling large amounts of data. In both cases there is essentially a race condition that occurs. For the Heap-Buffer-Overflow, Thread 2 is creating the size for a buffer, but Thread1 is already writing to the buffer without knowing how much to write. So when a large amount of data is being processed, it is very easy to cause memory corruption using a Heap-Buffer-Overflow. As for the Use-After-Free, Thread3->Malloc->Thread1->Free's->Thread2-Re-uses-Free'd Memory. The PSRT has stated that this is not a security vulnerability due to the fact that the attacker must be able to run code, however in some situations, such as function as a service, this vulnerability can potentially be used by an attacker to violate a trust boundary, as such the DWF feels this issue deserves a CVE.","[first_aid] Apply the vendor security patch for CVE-2018-1000030; if unavailable, isolate the container and restrict egress. | [full_remediation] Upgrade package libpython2.7-minimal from 2.7.6-8ubuntu0.2 to 2.7.6-8ubuntu0.5 (fixed version) in the image and rebuild/ | [scanner_guidance] Upgrade libpython2.7-minimal from 2.7.6-8ubuntu0.2 to 2.7.6-8ubuntu0.5"
710,19.7,P4,720,appsec-legacy,bwapp,trivy,ntp: Broadcast Mode Poll Interval Enforcement DoS,low,CVE-2016-7428,CWE-400,raesene/bwapp:latest (ubuntu 14.04),,,,,False,,False,,0.0,ntpdate,1:4.2.6.p5+dfsg-3ubuntu2.14.04.11,ntpd in NTP before 4.2.8p9 allows remote attackers to cause a denial of service (reject broadcast mode packets) via the poll interval in a broadcast packet.,"[first_aid] Apply the vendor security patch for CVE-2016-7428; if unavailable, isolate the container and restrict egress. | [full_remediation] Upgrade package ntpdate from 1:4.2.6.p5+dfsg-3ubuntu2.14.04.6 to 1:4.2.6.p5+dfsg-3ubuntu2.14.04.11 (fixed version) in th | [scanner_guidance] Upgrade ntpdate from 1:4.2.6.p5+dfsg-3ubuntu2.14.04.6 to 1:4.2.6.p5+dfsg-3ubuntu2.14.04.11"
711,18.0,P4,720,appsec-legacy,bwapp,trivy,(pt_chown): Improper pseudotty ownership and permissions changes when granting access to the slave pseudoterminal,low,CVE-2013-2207,CWE-264,raesene/bwapp:latest (ubuntu 14.04),,,,,False,,False,,0.0,libc-bin,2.19-0ubuntu6.8,"pt_chown in GNU C Library (aka glibc or libc6) before 2.18 does not properly check permissions for tty files, which allows local users to change the permission on the files and obtain access to arbitrary pseudo-terminals by leveraging a FUSE file system.","[first_aid] Apply the vendor security patch for CVE-2013-2207; if unavailable, isolate the container and restrict egress. | [full_remediation] Upgrade package libc-bin from 2.19-0ubuntu6.6 to 2.19-0ubuntu6.8 (fixed version) in the image and rebuild/redeploy. | [scanner_guidance] Upgrade libc-bin from 2.19-0ubuntu6.6 to 2.19-0ubuntu6.8"
712,18.0,P4,720,appsec-legacy,bwapp,trivy,openssl: Padding oracle in AES-NI CBC MAC check,high,CVE-2016-2107,CWE-200,raesene/bwapp:latest (ubuntu 14.04),,,,,False,,False,,0.513,libssl1.0.0,1.0.1f-1ubuntu2.19,"The AES-NI implementation in OpenSSL before 1.0.1t and 1.0.2 before 1.0.2h does not consider memory allocation during a certain padding check, which allows remote attackers to obtain sensitive cleartext information via a padding-oracle attack against an AES CBC session. NOTE: this vulnerability exists because of an incorrect fix for CVE-2013-0169.","[first_aid] Apply the vendor security patch for CVE-2016-2107; if unavailable, isolate the container and restrict egress. | [full_remediation] Upgrade package libssl1.0.0 from 1.0.1f-1ubuntu2.16 to 1.0.1f-1ubuntu2.19 (fixed version) in the image and rebuild/redep | [scanner_guidance] Upgrade libssl1.0.0 from 1.0.1f-1ubuntu2.16 to 1.0.1f-1ubuntu2.19"
713,18.0,P4,720,appsec-legacy,bwapp,trivy,openssh: scp client improper directory name validation,medium,CVE-2018-20685,CWE-863,raesene/bwapp:latest (ubuntu 14.04),,,,,False,,False,,0.0,openssh-client,1:6.6p1-2ubuntu2.12,"In OpenSSH 7.9, scp.c in the scp client allows remote SSH servers to bypass intended access restrictions via the filename of . or an empty filename. The impact is modifying the permissions of the target directory on the client side.","[first_aid] Apply the vendor security patch for CVE-2018-20685; if unavailable, isolate the container and restrict egress. | [full_remediation] Upgrade package openssh-client from 1:6.6p1-2ubuntu2.6 to 1:6.6p1-2ubuntu2.12 (fixed version) in the image and rebuild/r | [scanner_guidance] Upgrade openssh-client from 1:6.6p1-2ubuntu2.6 to 1:6.6p1-2ubuntu2.12"
714,16.8,P4,720,appsec-legacy,bwapp,trivy,bash: popd controlled free,low,CVE-2016-9401,CWE-416,raesene/bwapp:latest (ubuntu 14.04),,,,,False,,False,,0.0,bash,4.3-7ubuntu1.7,popd in bash might allow local users to bypass the restricted shell and cause a use-after-free via a crafted address.,"[first_aid] Apply the vendor security patch for CVE-2016-9401; if unavailable, isolate the container and restrict egress. | [full_remediation] Upgrade package bash from 4.3-7ubuntu1.5 to 4.3-7ubuntu1.7 (fixed version) in the image and rebuild/redeploy. | [scanner_guidance] Upgrade bash from 4.3-7ubuntu1.5 to 4.3-7ubuntu1.7"
715,16.8,P4,720,appsec-legacy,bwapp,trivy,busybox: unprivileged arbitrary module load via basename abuse,low,CVE-2014-9645,CWE-20,raesene/bwapp:latest (ubuntu 14.04),,,,,False,,False,,0.0,busybox-initramfs,1:1.21.0-1ubuntu1.4,"The add_probe function in modutils/modprobe.c in BusyBox before 1.23.0 allows local users to bypass intended restrictions on loading kernel modules via a / (slash) character in a module name, as demonstrated by an ""ifconfig /usbserial up"" command or a ""mount -t /snd_pcm none /"" command.","[first_aid] Apply the vendor security patch for CVE-2014-9645; if unavailable, isolate the container and restrict egress. | [full_remediation] Upgrade package busybox-initramfs from 1:1.21.0-1ubuntu1 to 1:1.21.0-1ubuntu1.4 (fixed version) in the image and rebuild | [scanner_guidance] Upgrade busybox-initramfs from 1:1.21.0-1ubuntu1 to 1:1.21.0-1ubuntu1.4"
716,16.8,P4,720,appsec-legacy,bwapp,trivy,curl: --write-out out of bounds read,low,CVE-2017-7407,CWE-119,raesene/bwapp:latest (ubuntu 14.04),,,,,False,,False,,0.0,libcurl3-gnutls,7.35.0-1ubuntu2.11,"The ourWriteOut function in tool_writeout.c in curl 7.53.1 might allow physically proximate attackers to obtain sensitive information from process memory in opportunistic circumstances by reading a workstation screen during use of a --write-out argument ending in a '%' character, which leads to a heap-based buffer over-read.","[first_aid] Apply the vendor security patch for CVE-2017-7407; if unavailable, isolate the container and restrict egress. | [full_remediation] Upgrade package libcurl3-gnutls from 7.35.0-1ubuntu2.6 to 7.35.0-1ubuntu2.11 (fixed version) in the image and rebuild/re | [scanner_guidance] Upgrade libcurl3-gnutls from 7.35.0-1ubuntu2.6 to 7.35.0-1ubuntu2.11"
717,16.8,P4,720,appsec-legacy,bwapp,trivy,yaSSL: AES key leak via cache-bank timing side channel attack,medium,CVE-2016-7440,,raesene/bwapp:latest (ubuntu 14.04),,,,,False,,False,,,libmysqlclient18,5.5.53-0ubuntu0.14.04.1,The C software implementation of AES Encryption and Decryption in wolfSSL (formerly CyaSSL) before 3.9.10 makes it easier for local users to discover AES keys by leveraging cache-bank timing differences.,"[first_aid] Apply the vendor security patch for CVE-2016-7440; if unavailable, isolate the container and restrict egress. | [full_remediation] Upgrade package libmysqlclient18 from 5.5.47-0ubuntu0.14.04.1 to 5.5.53-0ubuntu0.14.04.1 (fixed version) in the image an | [scanner_guidance] Upgrade libmysqlclient18 from 5.5.47-0ubuntu0.14.04.1 to 5.5.53-0ubuntu0.14.04.1"
718,16.8,P4,720,appsec-legacy,bwapp,trivy,openssl: ECDSA P-256 timing attack key recovery,medium,CVE-2016-7056,CWE-385,raesene/bwapp:latest (ubuntu 14.04),,,,,False,,False,,0.0,libssl1.0.0,1.0.1f-1ubuntu2.22,A timing attack flaw was found in OpenSSL 1.0.1u and before that could allow a malicious user with local access to recover ECDSA P-256 private keys.,"[first_aid] Apply the vendor security patch for CVE-2016-7056; if unavailable, isolate the container and restrict egress. | [full_remediation] Upgrade package libssl1.0.0 from 1.0.1f-1ubuntu2.16 to 1.0.1f-1ubuntu2.22 (fixed version) in the image and rebuild/redep | [scanner_guidance] Upgrade libssl1.0.0 from 1.0.1f-1ubuntu2.16 to 1.0.1f-1ubuntu2.22"
719,16.8,P4,720,appsec-legacy,bwapp,trivy,openssl: Non-constant time codepath followed for certain operations in DSA implementation,low,CVE-2016-2178,CWE-203,raesene/bwapp:latest (ubuntu 14.04),,,,,False,,False,,0.0,libssl1.0.0,1.0.1f-1ubuntu2.20,"The dsa_sign_setup function in crypto/dsa/dsa_ossl.c in OpenSSL through 1.0.2h does not properly ensure the use of constant-time operations, which makes it easier for local users to discover a DSA private key via a timing side-channel attack.","[first_aid] Apply the vendor security patch for CVE-2016-2178; if unavailable, isolate the container and restrict egress. | [full_remediation] Upgrade package libssl1.0.0 from 1.0.1f-1ubuntu2.16 to 1.0.1f-1ubuntu2.20 (fixed version) in the image and rebuild/redep | [scanner_guidance] Upgrade libssl1.0.0 from 1.0.1f-1ubuntu2.16 to 1.0.1f-1ubuntu2.20"
720,16.8,P4,720,appsec-legacy,bwapp,trivy,openssh: Leak of host private key material to privilege-separated child process via realloc(),low,CVE-2016-10011,CWE-320,raesene/bwapp:latest (ubuntu 14.04),,,,,False,,False,,0.0,openssh-client,1:6.6p1-2ubuntu2.10,"authfile.c in sshd in OpenSSH before 7.4 does not properly consider the effects of realloc on buffer contents, which might allow local users to obtain sensitive private-key information by leveraging access to a privilege-separated child process.","[first_aid] Apply the vendor security patch for CVE-2016-10011; if unavailable, isolate the container and restrict egress. | [full_remediation] Upgrade package openssh-client from 1:6.6p1-2ubuntu2.6 to 1:6.6p1-2ubuntu2.10 (fixed version) in the image and rebuild/r | [scanner_guidance] Upgrade openssh-client from 1:6.6p1-2ubuntu2.6 to 1:6.6p1-2ubuntu2.10"
721,16.8,P4,720,appsec-legacy,bwapp,trivy,perl-Data-Dumper: deep recursion stack overflow,low,CVE-2014-4330,CWE-119,raesene/bwapp:latest (ubuntu 14.04),,,,,False,,False,,0.0,perl,5.18.2-2ubuntu1.1,"The Dumper method in Data::Dumper before 2.154, as used in Perl 5.20.1 and earlier, allows context-dependent attackers to cause a denial of service (stack consumption and crash) via an Array-Reference with many nested Array-References, which triggers a large number of recursive calls to the DD_dump function.","[first_aid] Apply the vendor security patch for CVE-2014-4330; if unavailable, isolate the container and restrict egress. | [full_remediation] Upgrade package perl from 5.18.2-2ubuntu1 to 5.18.2-2ubuntu1.1 (fixed version) in the image and rebuild/redeploy. | [scanner_guidance] Upgrade perl from 5.18.2-2ubuntu1 to 5.18.2-2ubuntu1.1"
722,16.3,P4,720,appsec-legacy,bwapp,trivy,cpio: directory traversal through symlinks,low,CVE-2015-1197,,raesene/bwapp:latest (ubuntu 14.04),,,,,False,,False,,,cpio,2.11+dfsg-1ubuntu1.2,"cpio 2.11, when using the --no-absolute-filenames option, allows local users to write to arbitrary files via a symlink attack on a file in an archive.","[first_aid] Apply the vendor security patch for CVE-2015-1197; if unavailable, isolate the container and restrict egress. | [full_remediation] Upgrade package cpio from 2.11+dfsg-1ubuntu1.1 to 2.11+dfsg-1ubuntu1.2 (fixed version) in the image and rebuild/redeploy | [scanner_guidance] Upgrade cpio from 2.11+dfsg-1ubuntu1.1 to 2.11+dfsg-1ubuntu1.2"
723,16.3,P4,720,appsec-legacy,bwapp,trivy,dbus: denial of service in dbus systemd activation,medium,CVE-2015-0245,CWE-362,raesene/bwapp:latest (ubuntu 14.04),,,,,False,,False,,0.0,libdbus-1-3,1.6.18-0ubuntu4.4,"D-Bus 1.4.x through 1.6.x before 1.6.30, 1.8.x before 1.8.16, and 1.9.x before 1.9.10 does not validate the source of ActivationFailure signals, which allows local users to cause a denial of service (activation failure error returned) by leveraging a race condition involving sending an ActivationFailure signal before systemd responds.","[first_aid] Apply the vendor security patch for CVE-2015-0245; if unavailable, isolate the container and restrict egress. | [full_remediation] Upgrade package libdbus-1-3 from 1.6.18-0ubuntu4.3 to 1.6.18-0ubuntu4.4 (fixed version) in the image and rebuild/redeplo | [scanner_guidance] Upgrade libdbus-1-3 from 1.6.18-0ubuntu4.3 to 1.6.18-0ubuntu4.4"
724,16.3,P4,720,appsec-legacy,bwapp,trivy,libgcrypt: side-channel attack on ECDH with Weierstrass curves,medium,CVE-2015-7511,CWE-200,raesene/bwapp:latest (ubuntu 14.04),,,,,False,,False,,0.513,libgcrypt11,1.5.3-2ubuntu4.3,"Libgcrypt before 1.6.5 does not properly perform elliptic-point curve multiplication during decryption, which makes it easier for physically proximate attackers to extract ECDH keys by measuring electromagnetic emanations.","[first_aid] Apply the vendor security patch for CVE-2015-7511; if unavailable, isolate the container and restrict egress. | [full_remediation] Upgrade package libgcrypt11 from 1.5.3-2ubuntu4.2 to 1.5.3-2ubuntu4.3 (fixed version) in the image and rebuild/redeploy. | [scanner_guidance] Upgrade libgcrypt11 from 1.5.3-2ubuntu4.2 to 1.5.3-2ubuntu4.3"
725,16.3,P4,720,appsec-legacy,bwapp,trivy,ROHNP: Key Extraction Side Channel in Multiple Crypto Libraries,low,CVE-2018-0495,CWE-203,raesene/bwapp:latest (ubuntu 14.04),,,,,False,,False,,0.0,libgcrypt11,1.5.3-2ubuntu4.6,"Libgcrypt before 1.7.10 and 1.8.x before 1.8.3 allows a memory-cache side-channel attack on ECDSA signatures that can be mitigated through the use of blinding during the signing process in the _gcry_ecc_ecdsa_sign function in cipher/ecc-ecdsa.c, aka the Return Of the Hidden Number Problem or ROHNP. To discover an ECDSA key, the attacker needs access to either the local machine or a different virtual machine on the same physical host.","[first_aid] Apply the vendor security patch for CVE-2018-0495; if unavailable, isolate the container and restrict egress. | [full_remediation] Upgrade package libgcrypt11 from 1.5.3-2ubuntu4.2 to 1.5.3-2ubuntu4.6 (fixed version) in the image and rebuild/redeploy. | [scanner_guidance] Upgrade libgcrypt11 from 1.5.3-2ubuntu4.2 to 1.5.3-2ubuntu4.6"
726,16.3,P4,720,appsec-legacy,bwapp,trivy,mysql: pid file can be created in a world-writeable directory (CPU Apr 2018),medium,CVE-2018-2773,,raesene/bwapp:latest (ubuntu 14.04),,,,,False,,False,,,libmysqlclient18,5.5.60-0ubuntu0.14.04.1,"Vulnerability in the MySQL Server component of Oracle MySQL (subcomponent: Client programs). Supported versions that are affected are 5.5.59 and prior, 5.6.39 and prior and 5.7.21 and prior. Difficult to exploit vulnerability allows high privileged attacker with logon to the infrastructure where MySQL Server executes to compromise MySQL Server. Successful attacks of this vulnerability can result in unauthorized ability to cause a hang or frequently repeatable crash (complete DOS) of MySQL Server. CVSS 3.0 Base Score 4.1 (Availability impacts). CVSS Vector: (CVSS:3.0/AV:L/AC:H/PR:H/UI:N/S:U/C:N/I:N/A:H).","[first_aid] Apply the vendor security patch for CVE-2018-2773; if unavailable, isolate the container and restrict egress. | [full_remediation] Upgrade package libmysqlclient18 from 5.5.47-0ubuntu0.14.04.1 to 5.5.60-0ubuntu0.14.04.1 (fixed version) in the image an | [scanner_guidance] Upgrade libmysqlclient18 from 5.5.47-0ubuntu0.14.04.1 to 5.5.60-0ubuntu0.14.04.1"
727,16.3,P4,720,appsec-legacy,bwapp,trivy,mysql: Init script calling kill with root privileges using pid from pidfile owned by mysql user (CPU Oct 2018),medium,CVE-2018-3174,,raesene/bwapp:latest (ubuntu 14.04),,,,,False,,False,,,libmysqlclient18,5.5.62-0ubuntu0.14.04.1,"Vulnerability in the MySQL Server component of Oracle MySQL (subcomponent: Client programs). Supported versions that are affected are 5.5.61 and prior, 5.6.41 and prior, 5.7.23 and prior and 8.0.12 and prior. Difficult to exploit vulnerability allows high privileged attacker with logon to the infrastructure where MySQL Server executes to compromise MySQL Server. While the vulnerability is in MySQL Server, attacks may significantly impact additional products. Successful attacks of this vulnerability can result in unauthorized ability to cause a hang or frequently repeatable crash (complete DOS) of MySQL Server. CVSS 3.0 Base Score 5.3 (Availability impacts). CVSS Vector: (CVSS:3.0/AV:L/AC:H/PR:H/UI:N/S:C/C:N/I:N/A:H).","[first_aid] Apply the vendor security patch for CVE-2018-3174; if unavailable, isolate the container and restrict egress. | [full_remediation] Upgrade package libmysqlclient18 from 5.5.47-0ubuntu0.14.04.1 to 5.5.62-0ubuntu0.14.04.1 (fixed version) in the image an | [scanner_guidance] Upgrade libmysqlclient18 from 5.5.47-0ubuntu0.14.04.1 to 5.5.62-0ubuntu0.14.04.1"
728,16.3,P4,720,appsec-legacy,bwapp,trivy,OpenSSL: Side channel attack on modular exponentiation,low,CVE-2016-0702,CWE-200,raesene/bwapp:latest (ubuntu 14.04),,,,,False,,False,,0.513,libssl1.0.0,1.0.1f-1ubuntu2.18,"The MOD_EXP_CTIME_COPY_FROM_PREBUF function in crypto/bn/bn_exp.c in OpenSSL 1.0.1 before 1.0.1s and 1.0.2 before 1.0.2g does not properly consider cache-bank access times during modular exponentiation, which makes it easier for local users to discover RSA keys by running a crafted application on the same Intel Sandy Bridge CPU core as a victim and leveraging cache-bank conflicts, aka a ""CacheBleed"" attack.","[first_aid] Apply the vendor security patch for CVE-2016-0702; if unavailable, isolate the container and restrict egress. | [full_remediation] Upgrade package libssl1.0.0 from 1.0.1f-1ubuntu2.16 to 1.0.1f-1ubuntu2.18 (fixed version) in the image and rebuild/redep | [scanner_guidance] Upgrade libssl1.0.0 from 1.0.1f-1ubuntu2.16 to 1.0.1f-1ubuntu2.18"
729,15.3,P4,720,appsec-legacy,bwapp,trivy,mysql: Server: MyISAM unspecified vulnerability (CPU Jan 2017),medium,CVE-2017-3313,,raesene/bwapp:latest (ubuntu 14.04),,,,,False,,False,,,libmysqlclient18,5.5.54-0ubuntu0.14.04.1,"Vulnerability in the MySQL Server component of Oracle MySQL (subcomponent: Server: MyISAM). Supported versions that are affected are 5.5.53 and earlier, 5.6.34 and earlier and 5.7.16 and earlier. Difficult to exploit vulnerability allows low privileged attacker with logon to the infrastructure where MySQL Server executes to compromise MySQL Server. Successful attacks of this vulnerability can result in unauthorized access to critical data or complete access to all MySQL Server accessible data. CVSS v3.0 Base Score 4.7 (Confidentiality impacts).","[first_aid] Apply the vendor security patch for CVE-2017-3313; if unavailable, isolate the container and restrict egress. | [full_remediation] Upgrade package libmysqlclient18 from 5.5.47-0ubuntu0.14.04.1 to 5.5.54-0ubuntu0.14.04.1 (fixed version) in the image an | [scanner_guidance] Upgrade libmysqlclient18 from 5.5.47-0ubuntu0.14.04.1 to 5.5.54-0ubuntu0.14.04.1"
730,15.3,P4,720,appsec-legacy,bwapp,trivy,mysql: Logging unspecified vulnerability (CPU Jan 2017),medium,CVE-2017-3317,,raesene/bwapp:latest (ubuntu 14.04),,,,,False,,False,,,libmysqlclient18,5.5.54-0ubuntu0.14.04.1,"Vulnerability in the MySQL Server component of Oracle MySQL (subcomponent: Logging). Supported versions that are affected are 5.5.53 and earlier, 5.6.34 and earlier and 5.7.16 and earlier. Difficult to exploit vulnerability allows high privileged attacker with logon to the infrastructure where MySQL Server executes to compromise MySQL Server. Successful attacks require human interaction from a person other than the attacker. Successful attacks of this vulnerability can result in unauthorized ability to cause a hang or frequently repeatable crash (complete DOS) of MySQL Server. CVSS v3.0 Base Score 4.0 (Availability impacts).","[first_aid] Apply the vendor security patch for CVE-2017-3317; if unavailable, isolate the container and restrict egress. | [full_remediation] Upgrade package libmysqlclient18 from 5.5.47-0ubuntu0.14.04.1 to 5.5.54-0ubuntu0.14.04.1 (fixed version) in the image an | [scanner_guidance] Upgrade libmysqlclient18 from 5.5.47-0ubuntu0.14.04.1 to 5.5.54-0ubuntu0.14.04.1"
