===========================================================================
🚀 FULL-POTENTIAL VULNERABILITY SCAN SUITE
   Mode: quick | Parallel: 0 | Resume: 1
===========================================================================
ℹ️  Reports: /mnt/c/Users/guest_pf20gqp/CTS/scan_reports_20260815_055822
ℹ️  Pre-flight checks passed
⏳ Waiting for targets...
   ✅ juice_shop is up
   ✅ nodegoat is up
   ✅ bwapp is up
===========================================================================
🔍 SCANNING: juice_shop  (http://juice-shop:3000)
===========================================================================
ℹ️  Authenticated to juice_shop via api

[1/4] Nuclei → juice_shop

                     __     _
   ____  __  _______/ /__  (_)
  / __ \/ / / / ___/ / _ \/ /
 / / / / /_/ / /__/ /  __/ /
/_/ /_/\__,_/\___/_/\___/_/   v3.11.1

		projectdiscovery.io

[[34mINF[0m] Your current nuclei-templates  are outdated. Latest is v10.4.7
[[34mINF[0m] Successfully updated nuclei-templates (v10.4.7) to /root/nuclei-templates. GoodLuck!

Nuclei Templates v10.4.7 Changelog
┌───────┬───────┬──────────┬─────────┐
│ TOTAL │ ADDED │ MODIFIED │ REMOVED │
├───────┼───────┼──────────┼─────────┤
│ 2     │ 0     │ 2        │ 0       │
└───────┴───────┴──────────┴─────────┘
[[34mINF[0m] Current nuclei version: v3.11.1 ([92mlatest[0m)
[[34mINF[0m] Current nuclei-templates version: v10.4.7 ([92mlatest[0m)
[[34mINF[0m] New templates added in latest release: 122
[[34mINF[0m] Templates loaded for current scan: 10621
[[34mINF[0m] Executing 10621 signed templates from projectdiscovery/nuclei-templates
[[34mINF[0m] Targets loaded for current scan: 1
[[34mINF[0m] Templates clustered: 2467 (Reduced 2335 Requests)
[[34mINF[0m] Using Interactsh Server: oast.fun
[[92mswagger-api[0m] [[94mhttp[0m] [[34minfo[0m] http://juice-shop:3000/api-docs/swagger.json [[93mpaths[0m=[93m"/api-docs/swagger.json"[0m]
[[34mINF[0m] Skipped juice-shop:3000 from target list as found unresponsive 30 times
[[34mINF[0m] Skipped juice-shop:3000 from target list as found unresponsive 30 times
[[34mINF[0m] Skipped juice-shop:3000 from target list as found unresponsive 32 times
[[34mINF[0m] Skipped juice-shop:3000 from target list as found unresponsive 30 times
[[34mINF[0m] Skipped juice-shop:3000 from target list as found unresponsive 32 times
[[34mINF[0m] Skipped juice-shop:3000 from target list as found unresponsive 30 times
[[34mINF[0m] Skipped juice-shop:5814 from target list as found unresponsive permanently: Get "https://juice-shop:5814/autopass": cause="port closed or filtered" address=juice-shop:5814 chain="connection refused"
[[92mrobots-txt-endpoint[0m:[1;92mendpoints[0m] [[94mhttp[0m] [[34minfo[0m] http://juice-shop:3000/robots.txt [[96m"/ftp"[0m]
[[92msecurity-txt[0m] [[94mhttp[0m] [[34minfo[0m] http://juice-shop:3000/.well-known/security.txt [[96m"mailto:donotreply@owasp-juice.shop"[0m]
[[92mx-recruiting-header[0m] [[94mhttp[0m] [[34minfo[0m] http://juice-shop:3000 [[96m"/#/jobs"[0m]
[[92mhttp-missing-security-headers[0m:[1;92mpermissions-policy[0m] [[94mhttp[0m] [[34minfo[0m] http://juice-shop:3000
[[92mhttp-missing-security-headers[0m:[1;92mx-permitted-cross-domain-policies[0m] [[94mhttp[0m] [[34minfo[0m] http://juice-shop:3000
[[92mhttp-missing-security-headers[0m:[1;92mreferrer-policy[0m] [[94mhttp[0m] [[34minfo[0m] http://juice-shop:3000
[[92mhttp-missing-security-headers[0m:[1;92mcross-origin-embedder-policy[0m] [[94mhttp[0m] [[34minfo[0m] http://juice-shop:3000
[[92mhttp-missing-security-headers[0m:[1;92mcross-origin-opener-policy[0m] [[94mhttp[0m] [[34minfo[0m] http://juice-shop:3000
[[92mhttp-missing-security-headers[0m:[1;92mcross-origin-resource-policy[0m] [[94mhttp[0m] [[34minfo[0m] http://juice-shop:3000
[[92mhttp-missing-security-headers[0m:[1;92mstrict-transport-security[0m] [[94mhttp[0m] [[34minfo[0m] http://juice-shop:3000
[[92mhttp-missing-security-headers[0m:[1;92mcontent-security-policy[0m] [[94mhttp[0m] [[34minfo[0m] http://juice-shop:3000
[[92mrobots-txt[0m] [[94mhttp[0m] [[34minfo[0m] http://juice-shop:3000/robots.txt
[[92mprometheus-metrics[0m] [[94mhttp[0m] [[33mmedium[0m] http://juice-shop:3000/metrics
[[92maddeventlistener-detect[0m] [[94mhttp[0m] [[34minfo[0m] http://juice-shop:3000
[[92mdeprecated-feature-policy[0m] [[94mhttp[0m] [[34minfo[0m] http://juice-shop:3000 [[96m"payment 'self'"[0m]
[[92mowasp-juice-shop-detect[0m] [[94mhttp[0m] [[34minfo[0m] http://juice-shop:3000
[[34mINF[0m] Skipped juice-shop:4040 from target list as found unresponsive permanently: cause="port closed or filtered" address=juice-shop:4040 chain="connection refused; got err while executing https://juice-shop:4040/jobs/?\"'><script>alert(document.domain)</script>"
[[34mINF[0m] Skipped juice-shop:3000 from target list as found unresponsive 30 times
[[34mINF[0m] Skipped juice-shop:3000 from target list as found unresponsive 30 times
[[34mINF[0m] Skipped juice-shop:3000 from target list as found unresponsive 32 times
[[34mINF[0m] Skipped juice-shop:3000 from target list as found unresponsive 34 times
[[34mINF[0m] Skipped juice-shop:3000 from target list as found unresponsive 31 times
[[92mfingerprinthub-web-fingerprints[0m:[1;92mqm-system[0m] [[94mhttp[0m] [[34minfo[0m] http://juice-shop:3000
[[92mtech-detect[0m:[1;92mgoogle-font-api[0m] [[94mhttp[0m] [[34minfo[0m] http://juice-shop:3000
[[34mINF[0m] Scan completed in 2m. 19 matches found.
[[34mINF[0m] HTTP connections: 11927 total, 3208 new, 8719 reused (73.1%)
   ✅ Nuclei: 19 findings
   📄 HTML report written: ./scan_reports_20260815_055822/juice_shop_nuclei.html (19 findings)

[2/4] Wapiti → juice_shop
usage: wapiti [-h] [-u URL] [--swagger URI] [--data data]
              [--scope {url,page,folder,subdomain,domain,punk}]
              [-m MODULES_LIST] [--list-modules] [-l LEVEL] [-p PROXY_URL]
              [--tor] [--mitm-port PORT] [--headless {no,hidden,visible,both}]
              [--wait TIME] [-a CREDENTIALS] [--auth-user USERNAME]
              [--auth-password PASSWORD] [--auth-method {basic,digest,ntlm}]
              [--form-cred CREDENTIALS] [--form-user USERNAME]
              [--form-password PASSWORD] [--form-url URL] [--form-data DATA]
              [--form-enctype DATA] [--form-script FILENAME] [-c COOKIE_FILE]
              [-sf SIDE_FILE] [-C COOKIE_VALUE] [--jwt JWT]
              [--drop-set-cookie] [--skip-crawl] [--resume-crawl]
              [--flush-attacks] [--flush-session] [--store-session PATH]
              [--store-config PATH] [-s URL] [-x URL] [-r PARAMETER]
              [--skip PARAMETER] [-d DEPTH] [--max-links-per-page MAX]
              [--max-files-per-dir MAX] [--max-scan-time SECONDS]
              [--max-attack-time SECONDS] [--max-parameters MAX] [-S FORCE]
              [--tasks tasks] [--external-endpoint EXTERNAL_ENDPOINT_URL]
              [--internal-endpoint INTERNAL_ENDPOINT_URL]
              [--endpoint ENDPOINT_URL] [--dns-endpoint DNS_ENDPOINT_DOMAIN]
              [-t SECONDS] [-H HEADER] [-A AGENT] [--verify-ssl {0,1}]
              [--color] [-v LEVEL] [--log OUTPUT_PATH] [-f FORMAT]
              [-o OUTPUT_PATH] [-dr DETAILED_REPORT_LEVEL] [--no-bugreport]
              [--update] [--version] [--cms CMS_LIST] [--wapp-url WAPP_URL]
              [--wapp-dir WAPP_DIR]
wapiti: error: unrecognized arguments: --max-depth 10 --max-files-per-folder 50

     __      __               .__  __  .__________
    /  \    /  \_____  ______ |__|/  |_|__\_____  \
    \   \/\/   /\__  \ \____ \|  \   __\  | _(__  <
     \        /  / __ \|  |_> >  ||  | |  |/       \
      \__/\  /  (____  /   __/|__||__| |__/______  /
           \/        \/|__|                      \/
   ⚠️  Wapiti produced no JSON

[3/4] OWASP ZAP (full/active) → juice_shop
2026-08-15 06:01:16,506 Invalid option H : option -H not recognized
Usage: zap-full-scan.py -t <target> [options]
    -t target         target URL including the protocol, e.g. https://www.example.com
Options:
    -h                print this help message
    -c config_file    config file to use to INFO, IGNORE or FAIL warnings
    -u config_url     URL of config file to use to INFO, IGNORE or FAIL warnings
    -g gen_file       generate default config file(all rules set to WARN)
    -m mins           the number of minutes to spider for (defaults to no limit)
    -r report_html    file to write the full ZAP HTML report
    -w report_md      file to write the full ZAP Wiki(Markdown) report
    -x report_xml     file to write the full ZAP XML report
    -J report_json    file to write the full ZAP JSON document
    -a                include the alpha active and passive scan rules as well
    -d                show debug messages
    -P                specify listen port
    -D                delay in seconds to wait for passive scanning 
    -i                default rules not in the config file to INFO
    -I                do not return failure on warning
    -j                use the modern spider in addition to the traditional one (default: Ajax spider)
    -l level          minimum level to show: PASS, IGNORE, INFO, WARN or FAIL, use with -s to hide example URLs
    -n context_file   context file which will be loaded prior to scanning the target
    -p progress_file  progress file which specifies issues that are being addressed
    -s                short output format - dont show PASSes or example URLs
    -T                max time in minutes to wait for ZAP to start and the passive scan to run
    -U user           username to use for authenticated scans - must be defined in the given context file
    -z zap_options    ZAP command line options e.g. -z "-config aaa=bbb -config ccc=ddd"
    --hook            path to python file that define your custom hooks
    --ajax-spider     use the Ajax spider instead of the Client spider when -j is specified
    --client-spider   use the Client spider when -j is specified (default)

For more details see https://www.zaproxy.org/docs/docker/full-scan/
   ⚠️  ZAP produced no JSON

[4/4] Trivy → bkimminich/juice-shop:latest
2026-08-15T06:01:17Z	INFO	[vuln] Vulnerability scanning is enabled
2026-08-15T06:01:17Z	INFO	[secret] Secret scanning is enabled
2026-08-15T06:01:17Z	INFO	[secret] If your scanning is slow, please try '--scanners vuln' to disable secret scanning
2026-08-15T06:01:17Z	INFO	[secret] Please see https://trivy.dev/docs/v0.74/guide/scanner/secret#recommendation for faster secret detection
2026-08-15T06:01:17Z	INFO	Detected OS	family="debian" version="13.6"
2026-08-15T06:01:17Z	INFO	[debian] Detecting vulnerabilities...	os_version="13" pkg_num=13
2026-08-15T06:01:17Z	INFO	Number of language-specific files	num=1
2026-08-15T06:01:17Z	INFO	[node-pkg] Detecting vulnerabilities...
2026-08-15T06:01:17Z	WARN	Using severities from other vendors for some vulnerabilities. Read https://trivy.dev/docs/v0.74/guide/scanner/vulnerability#severity-selection for details.
   ✅ Trivy: 102 vulns
   📄 HTML report written: ./scan_reports_20260815_055822/juice_shop_trivy.html (102 findings)

===========================================================================
🔍 SCANNING: nodegoat  (http://nodegoat:4000)
===========================================================================
jq: error (at <stdin>:0): url is not a valid format
jq: error (at <stdin>:0): url is not a valid format
===========================================================================
🚀 FULL-POTENTIAL VULNERABILITY SCAN SUITE
   Mode: quick | Parallel: 0 | Resume: 1
===========================================================================
ℹ️  Reports: /mnt/c/Users/guest_pf20gqp/CTS/scan_reports_20260815_055822
ℹ️  Pre-flight checks passed
⏳ Waiting for targets...
   ✅ juice_shop is up
   ✅ nodegoat is up
   ✅ bwapp is up
===========================================================================
🔍 SCANNING: juice_shop  (http://juice-shop:3000)
===========================================================================
ℹ️  Authenticated to juice_shop via api

[1/4] Nuclei → juice_shop
scan.sh: line 304: scanner: unbound variable
===========================================================================
🚀 FULL-POTENTIAL VULNERABILITY SCAN SUITE
   Mode: quick | Parallel: 0 | Resume: 1
===========================================================================
ℹ️  Reports: /mnt/c/Users/guest_pf20gqp/CTS/scan_reports_20260815_055822
ℹ️  Pre-flight checks passed
⏳ Waiting for targets...
   ✅ juice_shop is up
   ✅ nodegoat is up
   ✅ bwapp is up
===========================================================================
🔍 SCANNING: juice_shop  (http://juice-shop:3000)
===========================================================================
ℹ️  Authenticated to juice_shop via api

[1/4] Nuclei → juice_shop
   ⏭️  Skipping (resume — scan_reports_20260815_055822/juice_shop_nuclei.json exists)

[2/4] Wapiti → juice_shop

     __      __               .__  __  .__________
    /  \    /  \_____  ______ |__|/  |_|__\_____  \
    \   \/\/   /\__  \ \____ \|  \   __\  | _(__  <
     \        /  / __ \|  |_> >  ||  | |  |/       \
      \__/\  /  (____  /   __/|__||__| |__/______  /
           \/        \/|__|                      \/
Wapiti 3.3.1 (wapiti-scanner.github.io)
CSP is not set for URL: http://juice-shop:3000/
Host juice-shop:3000 serves HTTP content without redirecting to HTTPS.
[*] Saving scan state, please wait...
This scan has been saved in the file /root/.wapiti/scans/juice-shop_3000_domain_40a08911.db
[*] Wapiti found 4 URLs and forms during the scan

[*] Launching module file

[*] Launching module upload

[*] Launching module ssrf
[*] Asking endpoint URL https://wapiti3.ovh/get_ssrf.php?session_id=f0pioi for results, please wait...

[*] Launching module ssl
sslscan is not installed or not found in PATH, module will be skipped

[*] Launching module exec

[*] Launching module sql

[*] Launching module redirect

[*] Launching module xss

[*] Launching module permanentxss

[*] Generating report...
A report has been generated in the file /reports/juice_shop_wapiti.json
   ✅ Wapiti: 2 findings
   📄 HTML report written: scan_reports_20260815_055822/juice_shop_wapiti.html (2 findings)

[3/4] OWASP ZAP (full/active) → juice_shop
2026-08-15 06:09:58,228 Unexpected error: <class 'TypeError'>
Traceback (most recent call last):
  File "/zap/zap-full-scan.py", line 330, in main
    trigger_hook('zap_started', zap, target)
  File "/zap/zap_common.py", line 135, in trigger_hook
    response = hook_fn(*args_list, **kwargs)
               ^^^^^^^^^^^^^^^^^^^^^^^^^^^^^
  File "/zap/auth/juice_shop.hook", line 3, in zap_started
    zap.replacer.add_rule(
TypeError: replacer.add_rule() got an unexpected keyword argument 'matchstr'
Found Java version 17.0.20
Available memory: 7558 MB
Using JVM args: -Xmx1889m
662 [main] INFO  org.parosproxy.paros.Constant - Copying default configuration to /home/zap/.ZAP/config.xml
828 [main] INFO  org.parosproxy.paros.Constant - Creating directory /home/zap/.ZAP/session
829 [main] INFO  org.parosproxy.paros.Constant - Creating directory /home/zap/.ZAP/dirbuster
830 [main] INFO  org.parosproxy.paros.Constant - Creating directory /home/zap/.ZAP/fuzzers
831 [main] INFO  org.parosproxy.paros.Constant - Creating directory /home/zap/.ZAP/plugin
941 [main] INFO  org.zaproxy.zap.DaemonBootstrap - ZAP 2.17.0 started 15/08/2026, 06:09:00 with home: /home/zap/.ZAP/ cores: 16 maxMemory: 1 GB
981 [main] INFO  org.parosproxy.paros.common.AbstractParam - Setting config database.recoverylog = false was null
981 [main] INFO  org.parosproxy.paros.common.AbstractParam - Setting config api.disablekey = true was null
982 [main] INFO  org.parosproxy.paros.common.AbstractParam - Setting config api.addrs.addr.name = .* was null
983 [main] INFO  org.parosproxy.paros.common.AbstractParam - Setting config api.addrs.addr.regex = true was null
983 [main] INFO  org.parosproxy.paros.common.AbstractParam - Setting config spider.maxDuration = 15 was null
983 [main] INFO  org.parosproxy.paros.common.AbstractParam - Setting config stats.pkg.fullscan-api = 1 was null
3132 [ZAP-daemon] INFO  org.zaproxy.zap.control.ExtensionFactory - Installed add-ons: [[id=alertFilters, version=27.0.0], [id=ascanrules, version=83.0.0], [id=authhelper, version=0.41.0], [id=automation, version=0.60.0], [id=bruteforce, version=21.0.0], [id=callhome, version=0.23.0], [id=client, version=0.30.0], [id=commonlib, version=1.43.0], [id=database, version=0.9.0], [id=diff, version=18.0.0], [id=directorylistv1, version=9.0.0], [id=domxss, version=24.0.0], [id=encoder, version=1.9.0], [id=exim, version=0.21.0], [id=formhandler, version=6.8.0], [id=fuzz, version=13.17.0], [id=gettingStarted, version=20.0.0], [id=graaljs, version=0.14.0], [id=graphql, version=0.33.0], [id=help, version=22.0.0], [id=hud, version=0.19.0], [id=insights, version=0.5.0], [id=invoke, version=17.0.0], [id=network, version=0.29.0], [id=oast, version=0.24.0], [id=onlineMenu, version=15.0.0], [id=openapi, version=57.0.0], [id=postman, version=0.9.0], [id=pscan, version=0.6.0], [id=pscanrules, version=75.0.0], [id=quickstart, version=59.0.0], [id=replacer, version=22.0.0], [id=reports, version=0.46.0], [id=requester, version=7.10.0], [id=retest, version=0.11.0], [id=retire, version=0.63.0], [id=reveal, version=10.0.0], [id=scanpolicies, version=0.8.0], [id=scripts, version=45.20.0], [id=selenium, version=15.53.0], [id=sequence, version=10.0.0], [id=soap, version=31.0.0], [id=spider, version=0.20.0], [id=spiderAjax, version=23.32.0], [id=tips, version=16.0.0], [id=webdriverlinux, version=215.0.0], [id=websocket, version=38.0.0], [id=zest, version=48.14.0]]
3133 [ZAP-daemon] INFO  org.zaproxy.zap.control.ExtensionFactory - Loading extensions
3795 [ZAP-daemon] INFO  org.zaproxy.addon.network.internal.TlsUtils - Using supported SSL/TLS protocols: [TLSv1.2, TLSv1.3]
4049 [ZAP-daemon] INFO  org.zaproxy.zap.control.ExtensionFactory - Extensions loaded
4262 [ZAP-daemon] INFO  org.flywaydb.core.FlywayExecutor - Database: jdbc:hsqldb:file:/home/zap/.ZAP/session/untitled1 (HSQL Database Engine 2.7)
4310 [ZAP-daemon] INFO  org.flywaydb.core.internal.schemahistory.JdbcTableSchemaHistory - Schema history table "PUBLIC"."SCRIPTS_FLYWAY_SCHEMA_HISTORY" does not exist yet
4314 [ZAP-daemon] INFO  org.flywaydb.core.internal.command.DbValidate - Successfully validated 1 migration (execution time 00:00.012s)
4323 [ZAP-daemon] INFO  org.flywaydb.core.internal.schemahistory.JdbcTableSchemaHistory - Creating Schema History table "PUBLIC"."SCRIPTS_FLYWAY_SCHEMA_HISTORY" with baseline ...
4378 [ZAP-daemon] INFO  org.flywaydb.core.internal.command.DbBaseline - Successfully baselined schema with version: 0
4400 [ZAP-daemon] INFO  org.flywaydb.core.internal.command.DbMigrate - Current version of schema "PUBLIC": 0
4425 [ZAP-daemon] INFO  org.flywaydb.core.internal.command.DbMigrate - Migrating schema "PUBLIC" to version "1 - Create scripts run tables"
4447 [ZAP-daemon] INFO  org.flywaydb.core.internal.command.DbMigrate - Successfully applied 1 migration to schema "PUBLIC", now at version v1 (execution time 00:00.006s)
4855 [ZAP-daemon] INFO  org.flywaydb.core.FlywayExecutor - Database: jdbc:hsqldb:file:/home/zap/.ZAP/session/untitled1 (HSQL Database Engine 2.7)
4868 [ZAP-daemon] INFO  org.flywaydb.core.internal.schemahistory.JdbcTableSchemaHistory - Schema history table "PUBLIC"."CLIENT_FLYWAY_SCHEMA_HISTORY" does not exist yet
4868 [ZAP-daemon] INFO  org.flywaydb.core.internal.command.DbValidate - Successfully validated 1 migration (execution time 00:00.004s)
4874 [ZAP-daemon] INFO  org.flywaydb.core.internal.schemahistory.JdbcTableSchemaHistory - Creating Schema History table "PUBLIC"."CLIENT_FLYWAY_SCHEMA_HISTORY" with baseline ...
4884 [ZAP-daemon] INFO  org.flywaydb.core.internal.command.DbBaseline - Successfully baselined schema with version: 0
4890 [ZAP-daemon] INFO  org.flywaydb.core.internal.command.DbMigrate - Current version of schema "PUBLIC": 0
4896 [ZAP-daemon] INFO  org.flywaydb.core.internal.command.DbMigrate - Migrating schema "PUBLIC" to version "1 - Create history table"
4906 [ZAP-daemon] INFO  org.flywaydb.core.internal.command.DbMigrate - Successfully applied 1 migration to schema "PUBLIC", now at version v1 (execution time 00:00.002s)
5707 [ZAP-daemon] INFO  org.parosproxy.paros.extension.ExtensionLoader - Initializing Auto-update Extension - Allows ZAP to check for updates
5709 [ZAP-daemon] INFO  org.parosproxy.paros.extension.ExtensionLoader - Initializing Options Extension - Options Extension
5709 [ZAP-daemon] INFO  org.parosproxy.paros.extension.ExtensionLoader - Initializing Edit Menu Extension - Edit Menu Extension
5709 [ZAP-daemon] INFO  org.parosproxy.paros.extension.ExtensionLoader - Initializing API Extension - Provides a rest based API for controlling and accessing ZAP
5715 [ZAP-daemon] INFO  org.parosproxy.paros.extension.ExtensionLoader - Initializing History Extension - History Extension
5716 [ZAP-daemon] INFO  org.parosproxy.paros.extension.ExtensionLoader - Initializing ExtensionReveal - Show hidden fields and enable disabled fields
5716 [ZAP-daemon] INFO  org.parosproxy.paros.extension.ExtensionLoader - Initializing Search Extension - Search messages for strings and regular expressions
5718 [ZAP-daemon] INFO  org.parosproxy.paros.extension.ExtensionLoader - Initializing Breakpoint Extension - Allows you to intercept and modify requests and responses
5719 [ZAP-daemon] INFO  org.parosproxy.paros.extension.ExtensionLoader - Initializing Passive Scan Extension - Passive scanner
5719 [ZAP-daemon] INFO  org.parosproxy.paros.extension.ExtensionLoader - Initializing Alerts Extension - Allows you to view and manage alerts
5720 [ZAP-daemon] INFO  org.parosproxy.paros.extension.ExtensionLoader - Initializing Active Scan Extension - Active scanner, heavily based on the original Paros active scanner, but with additional tests added
5725 [ZAP-daemon] INFO  org.parosproxy.paros.extension.ExtensionLoader - Initializing ExtensionSequence - ExtensionSequence
5726 [ZAP-daemon] INFO  org.parosproxy.paros.extension.ExtensionLoader - Initializing Standard Menus Extension - A set of common popup menus for miscellaneous tasks
5726 [ZAP-daemon] INFO  org.parosproxy.paros.extension.ExtensionLoader - Initializing ExtensionBruteForce - Forced browsing of files and directories using code from the OWASP DirBuster tool
5727 [ZAP-daemon] INFO  org.parosproxy.paros.extension.ExtensionLoader - Initializing Compare Extension - Compares 2 sessions and generates an HTML file showing the differences
5727 [ZAP-daemon] INFO  org.parosproxy.paros.extension.ExtensionLoader - Initializing ExtensionInvoke - Invoke external applications passing context related information such as URLs and parameters
5728 [ZAP-daemon] INFO  org.parosproxy.paros.extension.ExtensionLoader - Initializing Anti-CSRF Extension - Handles anti cross site request forgery (CSRF) tokens
5732 [ZAP-daemon] INFO  org.parosproxy.paros.extension.ExtensionLoader - Initializing Authentication Extension - Authentication Extension
5737 [ZAP-daemon] INFO  org.zaproxy.zap.extension.authentication.ExtensionAuthentication - Loaded authentication method types: [Form-based Authentication, HTTP/NTLM Authentication, Manual Authentication, Script-based Authentication, JSON-based Authentication]
5738 [ZAP-daemon] INFO  org.parosproxy.paros.extension.ExtensionLoader - Initializing Users Extension - Users Extension
5739 [ZAP-daemon] INFO  org.parosproxy.paros.extension.ExtensionLoader - Initializing Parameters Extension - Summarise and analyse FORM and URL parameters as well as cookies
5739 [ZAP-daemon] INFO  org.parosproxy.paros.extension.ExtensionLoader - Initializing Script Extension - Script integration
5742 [ZAP-daemon] INFO  org.parosproxy.paros.extension.ExtensionLoader - Initializing ExtensionScripts - Scripting console, supports all JSR 223 scripting languages
5747 [ZAP-daemon] INFO  org.parosproxy.paros.extension.ExtensionLoader - Initializing Forced User Extension - Forced User Extension
5748 [ZAP-daemon] INFO  org.parosproxy.paros.extension.ExtensionLoader - Initializing HTTP Sessions Extension - Extension handling HTTP sessions
5749 [ZAP-daemon] INFO  org.parosproxy.paros.extension.ExtensionLoader - Initializing ExtensionZest - Zest is a specialized scripting language, originally, from Mozilla specifically designed to be used in security tools
5827 [ZAP-daemon] INFO  org.parosproxy.paros.extension.ExtensionLoader - Initializing ExtensionDiff - ExtensionDiff
5827 [ZAP-daemon] INFO  org.parosproxy.paros.extension.ExtensionLoader - Initializing HTTP Panel Post Table View Extension - HTTP Panel Post Table View Extension
5827 [ZAP-daemon] INFO  org.parosproxy.paros.extension.ExtensionLoader - Initializing Encoder Addon - Adds support for scriptable encoders to ZAP.
5828 [ZAP-daemon] INFO  org.parosproxy.paros.extension.ExtensionLoader - Initializing Session Management Extension - Session Management Extension
5830 [ZAP-daemon] INFO  org.zaproxy.zap.extension.sessions.ExtensionSessionManagement - Loaded session management method types: [Cookie-based Session Management, HTTP Authentication Session Management, Script-based Session Management]
5831 [ZAP-daemon] INFO  org.parosproxy.paros.extension.ExtensionLoader - Initializing HTTP Panel Form Table View Extension - HTTP Panel Form Table View Extension
5831 [ZAP-daemon] INFO  org.parosproxy.paros.extension.ExtensionLoader - Initializing WebSockets Support - Capture messages from WebSockets with the ability to set breakpoints.
5841 [ZAP-daemon] INFO  org.parosproxy.paros.extension.ExtensionLoader - Initializing SOAP/WSDL Support - Allows you to import a WSDL file containing operations which ZAP will access, adding them to the Sites tree.
5841 [ZAP-daemon] INFO  org.parosproxy.paros.extension.ExtensionLoader - Initializing Core UI Extension - Core UI related functionality.
5841 [ZAP-daemon] INFO  org.parosproxy.paros.extension.ExtensionLoader - Initializing Authorization Extension - Authorization Extension
5842 [ZAP-daemon] INFO  org.parosproxy.paros.extension.ExtensionLoader - Initializing Requester - Allows to manually edit and send messages.
5843 [ZAP-daemon] INFO  org.parosproxy.paros.extension.ExtensionLoader - Initializing AJAX Spider - AJAX Spider, uses Crawljax
5846 [ZAP-daemon] INFO  org.parosproxy.paros.extension.ExtensionLoader - Initializing WebDriver Provider - Provides WebDrivers to control several browsers using Selenium and includes HtmlUnit browser.
5859 [ZAP-daemon] INFO  org.parosproxy.paros.extension.ExtensionLoader - Initializing ExtensionClientIntegration - Client Side Integration
5863 [ZAP-daemon] INFO  org.parosproxy.paros.extension.ExtensionLoader - Initializing Refresh Sites Tree Extension - Adds menu item to refresh the Sites tree
5864 [ZAP-daemon] INFO  org.parosproxy.paros.extension.ExtensionLoader - Initializing Help Extension - ZAP User Guide
5864 [ZAP-daemon] INFO  org.parosproxy.paros.extension.ExtensionLoader - Initializing Call Home - Handles all of the calls to ZAP services
5864 [ZAP-daemon] INFO  org.parosproxy.paros.extension.ExtensionLoader - Initializing Network Extension - Provides core networking capabilities.
5886 [ZAP-daemon] INFO  org.zaproxy.addon.network.ConnectionOptions - Unsafe SSL/TLS renegotiation disabled.
5887 [ZAP-daemon] INFO  org.parosproxy.paros.extension.ExtensionLoader - Initializing Extension Configuration Extension - Allows you to configure which extensions are loaded when ZAP starts
5887 [ZAP-daemon] INFO  org.parosproxy.paros.extension.ExtensionLoader - Initializing Combined HTTP Panels Extension - Combined HTTP Panels Extension
5887 [ZAP-daemon] INFO  org.parosproxy.paros.extension.ExtensionLoader - Initializing HTTP Panel Hex View Extension - HTTP Panel Hex View Extension
5887 [ZAP-daemon] INFO  org.parosproxy.paros.extension.ExtensionLoader - Initializing HTTP Panel Image View Extension - HTTP Panel Image View Extension
5888 [ZAP-daemon] INFO  org.parosproxy.paros.extension.ExtensionLoader - Initializing HTTP Panel Query Table View Extension - HTTP Panel Query Table View Extension
5888 [ZAP-daemon] INFO  org.parosproxy.paros.extension.ExtensionLoader - Initializing HTTP Panel Syntax Highlighter View Extension - HTTP Panel Syntax Highlighter View Extension
5888 [ZAP-daemon] INFO  org.parosproxy.paros.extension.ExtensionLoader - Initializing Keyboard Configuration Extension - Adds support for configurable keyboard shortcuts for all of the ZAP menus.
5888 [ZAP-daemon] INFO  org.parosproxy.paros.extension.ExtensionLoader - Initializing Scanner Rule Configuration Extension - Active and passive rule configuration
5889 [ZAP-daemon] INFO  org.parosproxy.paros.extension.ExtensionLoader - Initializing Statistics Extension - Statistics
5890 [ZAP-daemon] INFO  org.zaproxy.zap.extension.stats.ExtensionStats - Start recording in memory stats
5890 [ZAP-daemon] INFO  org.parosproxy.paros.extension.ExtensionLoader - Initializing Custom Pages Extension - Custom Pages Definition
5890 [ZAP-daemon] INFO  org.parosproxy.paros.extension.ExtensionLoader - Initializing SOAP Automation - SOAP Automation Framework Integration
5891 [ZAP-daemon] INFO  org.parosproxy.paros.extension.ExtensionLoader - Initializing SOAP Spider - SOAP Spider Integration
5892 [ZAP-daemon] INFO  org.parosproxy.paros.extension.ExtensionLoader - Initializing Retest - Facilitates the verification of presence/absence of certain alerts.
5893 [ZAP-daemon] INFO  org.parosproxy.paros.extension.ExtensionLoader - Initializing Spider Extension - Spider used for automatically finding URIs on a site.
5917 [ZAP-daemon] INFO  org.parosproxy.paros.extension.ExtensionLoader - Initializing Spider Automation - Spider Automation Integration
5919 [ZAP-daemon] INFO  org.parosproxy.paros.extension.ExtensionLoader - Initializing ExtensionDomXSS - DOM XSS Active Scan Rule
5962 [ZAP-daemon] INFO  org.parosproxy.paros.extension.ExtensionLoader - Initializing ExtensionGettingStarted - The ZAP Getting Started Guide
5963 [ZAP-daemon] INFO  org.parosproxy.paros.extension.ExtensionLoader - Initializing Common Library - A library of shared functionality
5964 [ZAP-daemon] INFO  org.parosproxy.paros.extension.ExtensionLoader - Initializing ExtensionAlertFilters - Context alert rules filter
5974 [ZAP-daemon] INFO  org.parosproxy.paros.extension.ExtensionLoader - Initializing Alert Filters Automation - Alert Filters Automation Framework Integration
5977 [ZAP-daemon] INFO  org.parosproxy.paros.extension.ExtensionLoader - Initializing Postman Import - Allows you to spider and import Postman collections
5980 [ZAP-daemon] INFO  org.parosproxy.paros.extension.ExtensionLoader - Initializing Postman Automation - Postman Automation Framework Integration
5990 [ZAP-daemon] INFO  org.parosproxy.paros.extension.ExtensionLoader - Initializing ExtensionGraphQl - Allows you to inspect and attack GraphQL endpoints.
5997 [ZAP-daemon] INFO  org.parosproxy.paros.extension.ExtensionLoader - Initializing GraphQL Automation - GraphQL Automation Framework Integration
5998 [ZAP-daemon] INFO  org.parosproxy.paros.extension.ExtensionLoader - Initializing GraphQL Spider - GraphQL Spider Integration
5999 [ZAP-daemon] INFO  org.parosproxy.paros.extension.ExtensionLoader - Initializing WebSocket Fuzzer - Allows to fuzz WebSocket messages.
6000 [ZAP-daemon] INFO  org.parosproxy.paros.extension.ExtensionLoader - Initializing WebSocket Message Editor - Provides the WebSocket Message Editor dialogues.
6000 [ZAP-daemon] INFO  org.parosproxy.paros.extension.ExtensionLoader - Initializing Retire.js - Retire.js
6004 [ZAP-daemon] INFO  org.zaproxy.addon.pscan.internal.ScanRuleManager - Loaded passive scan rule: Vulnerable JS Library (Powered by Retire.js)
6005 [ZAP-daemon] INFO  org.parosproxy.paros.extension.ExtensionLoader - Initializing Automation Framework - Provides functionality to simplify using ZAP in an automated manner
6008 [ZAP-daemon] INFO  org.parosproxy.paros.extension.ExtensionLoader - Initializing Advance Fuzzer - Provides the foundation for concrete message types (for example, HTTP, WebSockets) expose fuzzer implementations.
6009 [ZAP-daemon] INFO  org.parosproxy.paros.extension.ExtensionLoader - Initializing HTTP Fuzzer - Allows to fuzz HTTP messages.
6010 [ZAP-daemon] INFO  org.parosproxy.paros.extension.ExtensionLoader - Initializing Out-of-band Application Security Testing - Adds Out-of-band Application Security Testing functionality.
6020 [ZAP-daemon] INFO  org.parosproxy.paros.extension.ExtensionLoader - Initializing OAST Scripts - Adds OAST scripts.
6020 [ZAP-daemon] INFO  org.parosproxy.paros.extension.ExtensionLoader - Initializing Report Generator - Templated and themed report generation functionality
6032 [ZAP-daemon] INFO  org.parosproxy.paros.extension.ExtensionLoader - Initializing Report Generation Automation Integration - Report Generation Automation Integration
6035 [ZAP-daemon] INFO  org.parosproxy.paros.extension.ExtensionLoader - Initializing Quick Start panel  - Adds the Quick Start panel for scanning and exploring applications
6038 [ZAP-daemon] INFO  org.parosproxy.paros.extension.ExtensionLoader - Initializing Quick Start Ajax Spider integration - Add the option to use the Ajax Spider in the Quick Start scan
6038 [ZAP-daemon] INFO  org.parosproxy.paros.extension.ExtensionLoader - Initializing Quick Start Client Spider Integration - Provides the option to use the Client Spider when running a quick scan
6039 [ZAP-daemon] INFO  org.parosproxy.paros.extension.ExtensionLoader - Initializing Quick Start HUD Integration - HUD integration for the quick start panel
6039 [ZAP-daemon] INFO  org.parosproxy.paros.extension.ExtensionLoader - Initializing Quick Start Browser Launcher - Launch browsers preset proxying through ZAP
6039 [ZAP-daemon] INFO  org.parosproxy.paros.extension.ExtensionLoader - Initializing Quick Start Spider Integration - Adds the option to use the traditional Spider in the Quick Start scan.
6041 [ZAP-daemon] INFO  org.parosproxy.paros.extension.ExtensionLoader - Initializing Database Extension - Provides databases and persistence capabilities.
6042 [ZAP-daemon] INFO  org.parosproxy.paros.extension.ExtensionLoader - Initializing OpenAPI Import - Allows you to spider and import OpenAPI (Swagger) definitions 
6045 [ZAP-daemon] INFO  org.parosproxy.paros.extension.ExtensionLoader - Initializing OpenAPI Automation - OpenAPI Automation Framework Integration
6055 [ZAP-daemon] INFO  org.parosproxy.paros.extension.ExtensionLoader - Initializing OpenAPI Scripts - Adds scripts relevant to OpenAPI specifications.
6055 [ZAP-daemon] INFO  org.parosproxy.paros.extension.ExtensionLoader - Initializing OpenAPI Spider - OpenAPI Spider Integration
6060 [ZAP-daemon] INFO  org.parosproxy.paros.extension.ExtensionLoader - Initializing Passive Scan Rules - Release status passive scan rules.
6062 [ZAP-daemon] INFO  org.parosproxy.paros.extension.ExtensionLoader - Initializing Import/Export - Import and Export functionality supporting multiple formats.
6064 [ZAP-daemon] INFO  org.parosproxy.paros.extension.ExtensionLoader - Initializing Import/Export Automation - Import/Export Automation Framework Integration
6074 [ZAP-daemon] INFO  org.parosproxy.paros.extension.ExtensionLoader - Initializing ExtensionTipsAndTricks - Tips and Tricks
6075 [ZAP-daemon] INFO  org.parosproxy.paros.extension.ExtensionLoader - Initializing Passive Scanner Extension - Provides core passive scanning capabilities.
6165 [ZAP-daemon] INFO  org.parosproxy.paros.extension.ExtensionLoader - Initializing Passive Scanner Automation Framework Extension - Provides jobs and result data related to the passive scanner.
6171 [ZAP-daemon] INFO  org.parosproxy.paros.extension.ExtensionLoader - Initializing Sequence Automation - Sequence Automation Framework Integration
6177 [ZAP-daemon] INFO  org.parosproxy.paros.extension.ExtensionLoader - Initializing Authentication Helper - Authentication Helper
6180 [ZAP-daemon] INFO  org.parosproxy.paros.extension.ExtensionLoader - Initializing Authentication Helper Automation - Authentication Helper Automation Framework Integration
6193 [ZAP-daemon] INFO  org.parosproxy.paros.extension.ExtensionLoader - Initializing Client Spider Browser Based Authentication Support - Enables browser based authentication when performing an authenticated Client Spider scan.
6199 [ZAP-daemon] INFO  org.parosproxy.paros.extension.ExtensionLoader - Initializing Authentication Helper Reports - Authentication Helper Reports
6201 [ZAP-daemon] INFO  org.parosproxy.paros.extension.ExtensionLoader - Initializing AJAX Spider Browser Based Authentication Support - Enables browser based authentication when performing an authenticated AJAX Spider scan.
6202 [ZAP-daemon] INFO  org.parosproxy.paros.extension.ExtensionLoader - Initializing Client Spider Automation - Client Spider Automation Framework Integration
6205 [ZAP-daemon] INFO  org.parosproxy.paros.extension.ExtensionLoader - Initializing Client Map Import/Export - Client Map export support for Import/Export.
6206 [ZAP-daemon] INFO  org.parosproxy.paros.extension.ExtensionLoader - Initializing Client Zest Script Recording Support - Allows recording client events as Zest scripts.
6212 [ZAP-daemon] INFO  org.parosproxy.paros.extension.ExtensionLoader - Initializing Ajax Spider Automation - Ajax Spider Automation Framework Integration
6216 [ZAP-daemon] INFO  org.parosproxy.paros.extension.ExtensionLoader - Initializing Active Scan Rules - Release status active scan rules
6217 [ZAP-daemon] INFO  org.parosproxy.paros.extension.ExtensionLoader - Initializing Scripts Automation Framework Integration - Scripts Automation
6236 [ZAP-daemon] INFO  org.parosproxy.paros.extension.ExtensionLoader - Initializing Script Console Report Data - Supplies script data to reports when the session database contains recorded output.
6239 [ZAP-daemon] INFO  org.parosproxy.paros.extension.ExtensionLoader - Initializing ExtensionFormHandler - This extension allows a user to change the default values used for generated content (e.g. spiders, importers).
6244 [ZAP-daemon] INFO  org.parosproxy.paros.extension.ExtensionLoader - Initializing GraalVM JavaScript Engine Extension - Provides the GraalVM JavaScript engine for ZAP scripting.
6278 [ZAP-daemon] INFO  org.parosproxy.paros.extension.ExtensionLoader - Initializing Zest Import/Export - Zest script export and import support for Import/Export.
6283 [ZAP-daemon] INFO  org.parosproxy.paros.extension.ExtensionLoader - Initializing ExtensionOnlineMenu - The Online menu links
6284 [ZAP-daemon] INFO  org.parosproxy.paros.extension.ExtensionLoader - Initializing ExtensionInsights - Insights Extension
6286 [ZAP-daemon] INFO  org.parosproxy.paros.extension.ExtensionLoader - Initializing Alert Filters Automation - Alert Filters Automation Framework Integration
6287 [ZAP-daemon] INFO  org.parosproxy.paros.extension.ExtensionLoader - Initializing Insights Reports Extension - Adds Insights to the report data
6288 [ZAP-daemon] INFO  org.parosproxy.paros.extension.ExtensionLoader - Initializing Match and Replace - Easy way to replace strings in requests and responses
6292 [ZAP-daemon] INFO  org.parosproxy.paros.extension.ExtensionLoader - Initializing Replacer Automation - Replacer Automation Framework Integration
6299 [ZAP-daemon] INFO  org.parosproxy.paros.extension.ExtensionLoader - Initializing ExtensionHUD - Heads Up Display
6643 [ZAP-daemon] INFO  org.parosproxy.paros.extension.ExtensionLoader - Initializing ExtensionHUDlaunch - ExtensionHUDlaunch
6999 [ZAP-daemon] INFO  org.zaproxy.addon.oast.services.callback.CallbackService - Started callback service on 0.0.0.0:40659
9112 [ZAP-daemon] INFO  org.zaproxy.addon.pscan.internal.ScanRuleManager - Loaded passive scan rule: WSDL File Detection
9155 [ZAP-daemon] INFO  org.zaproxy.addon.pscan.internal.ScanRuleManager - Loaded passive scan rule: Anti-clickjacking Header
9155 [ZAP-daemon] INFO  org.zaproxy.addon.pscan.internal.ScanRuleManager - Loaded passive scan rule: Application Error Disclosure
9155 [ZAP-daemon] INFO  org.zaproxy.addon.pscan.internal.ScanRuleManager - Loaded passive scan rule: Big Redirect Detected (Potential Sensitive Information Leak)
9155 [ZAP-daemon] INFO  org.zaproxy.addon.pscan.internal.ScanRuleManager - Loaded passive scan rule: Re-examine Cache-control Directives
9155 [ZAP-daemon] INFO  org.zaproxy.addon.pscan.internal.ScanRuleManager - Loaded passive scan rule: Charset Mismatch
9156 [ZAP-daemon] INFO  org.zaproxy.addon.pscan.internal.ScanRuleManager - Loaded passive scan rule: Content Security Policy (CSP) Header Not Set
9156 [ZAP-daemon] INFO  org.zaproxy.addon.pscan.internal.ScanRuleManager - Loaded passive scan rule: CSP
9156 [ZAP-daemon] INFO  org.zaproxy.addon.pscan.internal.ScanRuleManager - Loaded passive scan rule: Content-Type Header Missing
9157 [ZAP-daemon] INFO  org.zaproxy.addon.pscan.internal.ScanRuleManager - Loaded passive scan rule: Cookie No HttpOnly Flag
9157 [ZAP-daemon] INFO  org.zaproxy.addon.pscan.internal.ScanRuleManager - Loaded passive scan rule: Loosely Scoped Cookie
9158 [ZAP-daemon] INFO  org.zaproxy.addon.pscan.internal.ScanRuleManager - Loaded passive scan rule: Cookie without SameSite Attribute
9158 [ZAP-daemon] INFO  org.zaproxy.addon.pscan.internal.ScanRuleManager - Loaded passive scan rule: Cookie Without Secure Flag
9158 [ZAP-daemon] INFO  org.zaproxy.addon.pscan.internal.ScanRuleManager - Loaded passive scan rule: Cross-Domain Misconfiguration
9158 [ZAP-daemon] INFO  org.zaproxy.addon.pscan.internal.ScanRuleManager - Loaded passive scan rule: Cross-Domain JavaScript Source File Inclusion
9158 [ZAP-daemon] INFO  org.zaproxy.addon.pscan.internal.ScanRuleManager - Loaded passive scan rule: Absence of Anti-CSRF Tokens
9158 [ZAP-daemon] INFO  org.zaproxy.addon.pscan.internal.ScanRuleManager - Loaded passive scan rule: Directory Browsing
9158 [ZAP-daemon] INFO  org.zaproxy.addon.pscan.internal.ScanRuleManager - Loaded passive scan rule: Hash Disclosure
9158 [ZAP-daemon] INFO  org.zaproxy.addon.pscan.internal.ScanRuleManager - Loaded passive scan rule: Heartbleed OpenSSL Vulnerability (Indicative)
9159 [ZAP-daemon] INFO  org.zaproxy.addon.pscan.internal.ScanRuleManager - Loaded passive scan rule: In Page Banner Information Leak
9159 [ZAP-daemon] INFO  org.zaproxy.addon.pscan.internal.ScanRuleManager - Loaded passive scan rule: Private IP Disclosure
9159 [ZAP-daemon] INFO  org.zaproxy.addon.pscan.internal.ScanRuleManager - Loaded passive scan rule: Session ID in URL Rewrite
9159 [ZAP-daemon] INFO  org.zaproxy.addon.pscan.internal.ScanRuleManager - Loaded passive scan rule: Information Disclosure - Debug Error Messages
9159 [ZAP-daemon] INFO  org.zaproxy.addon.pscan.internal.ScanRuleManager - Loaded passive scan rule: Information Disclosure - Sensitive Information in URL
9159 [ZAP-daemon] INFO  org.zaproxy.addon.pscan.internal.ScanRuleManager - Loaded passive scan rule: Information Disclosure - Sensitive Information in HTTP Referrer Header
9159 [ZAP-daemon] INFO  org.zaproxy.addon.pscan.internal.ScanRuleManager - Loaded passive scan rule: Information Disclosure - Suspicious Comments
9159 [ZAP-daemon] INFO  org.zaproxy.addon.pscan.internal.ScanRuleManager - Loaded passive scan rule: Weak Authentication Method
9160 [ZAP-daemon] INFO  org.zaproxy.addon.pscan.internal.ScanRuleManager - Loaded passive scan rule: HTTP to HTTPS Insecure Transition in Form Post
9160 [ZAP-daemon] INFO  org.zaproxy.addon.pscan.internal.ScanRuleManager - Loaded passive scan rule: HTTPS to HTTP Insecure Transition in Form Post
9160 [ZAP-daemon] INFO  org.zaproxy.addon.pscan.internal.ScanRuleManager - Loaded passive scan rule: Insecure JSF ViewState
9160 [ZAP-daemon] INFO  org.zaproxy.addon.pscan.internal.ScanRuleManager - Loaded passive scan rule: Java Serialization Object
9160 [ZAP-daemon] INFO  org.zaproxy.addon.pscan.internal.ScanRuleManager - Loaded passive scan rule: Reverse Tabnabbing
9160 [ZAP-daemon] INFO  org.zaproxy.addon.pscan.internal.ScanRuleManager - Loaded passive scan rule: Secure Pages Include Mixed Content
9160 [ZAP-daemon] INFO  org.zaproxy.addon.pscan.internal.ScanRuleManager - Loaded passive scan rule: Modern Web Application
9160 [ZAP-daemon] INFO  org.zaproxy.addon.pscan.internal.ScanRuleManager - Loaded passive scan rule: PII Disclosure
9161 [ZAP-daemon] INFO  org.zaproxy.addon.pscan.internal.ScanRuleManager - Loaded passive scan rule: Script Served From Malicious Domain (polyfill)
9162 [ZAP-daemon] INFO  org.zaproxy.addon.pscan.internal.ScanRuleManager - Loaded passive scan rule: Retrieved from Cache
9162 [ZAP-daemon] INFO  org.zaproxy.addon.pscan.internal.ScanRuleManager - Loaded passive scan rule: HTTP Server Response Header
9162 [ZAP-daemon] INFO  org.zaproxy.addon.pscan.internal.ScanRuleManager - Loaded passive scan rule: Strict-Transport-Security Header
9162 [ZAP-daemon] INFO  org.zaproxy.addon.pscan.internal.ScanRuleManager - Loaded passive scan rule: Sub Resource Integrity Attribute Missing
9162 [ZAP-daemon] INFO  org.zaproxy.addon.pscan.internal.ScanRuleManager - Loaded passive scan rule: Timestamp Disclosure
9162 [ZAP-daemon] INFO  org.zaproxy.addon.pscan.internal.ScanRuleManager - Loaded passive scan rule: User Controllable Charset
9162 [ZAP-daemon] INFO  org.zaproxy.addon.pscan.internal.ScanRuleManager - Loaded passive scan rule: Cookie Poisoning
9162 [ZAP-daemon] INFO  org.zaproxy.addon.pscan.internal.ScanRuleManager - Loaded passive scan rule: User Controllable HTML Element Attribute (Potential XSS)
9162 [ZAP-daemon] INFO  org.zaproxy.addon.pscan.internal.ScanRuleManager - Loaded passive scan rule: User Controllable JavaScript Event (XSS)
9162 [ZAP-daemon] INFO  org.zaproxy.addon.pscan.internal.ScanRuleManager - Loaded passive scan rule: Off-site Redirect
9163 [ZAP-daemon] INFO  org.zaproxy.addon.pscan.internal.ScanRuleManager - Loaded passive scan rule: Username Hash Found
9163 [ZAP-daemon] INFO  org.zaproxy.addon.pscan.internal.ScanRuleManager - Loaded passive scan rule: Viewstate
9163 [ZAP-daemon] INFO  org.zaproxy.addon.pscan.internal.ScanRuleManager - Loaded passive scan rule: X-AspNet-Version Response Header
9163 [ZAP-daemon] INFO  org.zaproxy.addon.pscan.internal.ScanRuleManager - Loaded passive scan rule: X-Backend-Server Header Information Leak
9163 [ZAP-daemon] INFO  org.zaproxy.addon.pscan.internal.ScanRuleManager - Loaded passive scan rule: X-ChromeLogger-Data (XCOLD) Header Information Leak
9163 [ZAP-daemon] INFO  org.zaproxy.addon.pscan.internal.ScanRuleManager - Loaded passive scan rule: X-Content-Type-Options Header Missing
9163 [ZAP-daemon] INFO  org.zaproxy.addon.pscan.internal.ScanRuleManager - Loaded passive scan rule: X-Debug-Token Information Leak
9164 [ZAP-daemon] INFO  org.zaproxy.addon.pscan.internal.ScanRuleManager - Loaded passive scan rule: Server Leaks Information via "X-Powered-By" HTTP Response Header Field(s)
9164 [ZAP-daemon] INFO  org.zaproxy.addon.pscan.internal.ScanRuleManager - Loaded passive scan rule: ZAP is Out of Date
9166 [ZAP-daemon] INFO  org.zaproxy.addon.pscan.internal.ScanRuleManager - Loaded passive scan rule: Authentication Request Identified
9166 [ZAP-daemon] INFO  org.zaproxy.addon.pscan.internal.ScanRuleManager - Loaded passive scan rule: Session Management Response Identified
9167 [ZAP-daemon] INFO  org.zaproxy.addon.pscan.internal.ScanRuleManager - Loaded passive scan rule: Verification Request Identified
9168 [ZAP-daemon] INFO  org.zaproxy.addon.pscan.internal.ScanRuleManager - Loaded passive scan rule: Script Passive Scan Rules
9168 [ZAP-daemon] INFO  org.zaproxy.addon.pscan.internal.ScanRuleManager - Loaded passive scan rule: Stats Passive Scan Rule
9169 [ZAP-daemon] INFO  org.zaproxy.addon.network.ExtensionNetwork - Creating new root CA certificate.
9904 [ZAP-daemon] INFO  org.zaproxy.addon.network.ExtensionNetwork - New root CA certificate created.
30923 [ZAP-daemon] INFO  org.zaproxy.zap.extension.autoupdate.ExtensionAutoUpdate - There is/are 8 newer addons
55118 [ZAP-DownloadInstaller] INFO  org.zaproxy.zap.extension.autoupdate.ExtensionAutoUpdate - Installing new addon selenium v15.54.0
55739 [ZAP-DownloadInstaller] INFO  org.zaproxy.addon.pscan.internal.ScanRuleManager - Loaded passive scan rule: Authentication Request Identified
55739 [ZAP-DownloadInstaller] INFO  org.zaproxy.addon.pscan.internal.ScanRuleManager - Loaded passive scan rule: Session Management Response Identified
55739 [ZAP-DownloadInstaller] INFO  org.zaproxy.addon.pscan.internal.ScanRuleManager - Loaded passive scan rule: Verification Request Identified
55740 [ZAP-DownloadInstaller] INFO  org.zaproxy.zap.extension.autoupdate.ExtensionAutoUpdate - Finished installing new addon selenium v15.54.0
55752 [ZAP-DownloadInstaller] INFO  org.zaproxy.zap.extension.autoupdate.ExtensionAutoUpdate - Installing new addon soap v32.0.0
55783 [ZAP-DownloadInstaller] INFO  org.zaproxy.addon.pscan.internal.ScanRuleManager - Loaded passive scan rule: WSDL File Detection
55786 [ZAP-DownloadInstaller] INFO  org.zaproxy.zap.extension.autoupdate.ExtensionAutoUpdate - Finished installing new addon soap v32.0.0
55792 [ZAP-DownloadInstaller] INFO  org.zaproxy.zap.extension.autoupdate.ExtensionAutoUpdate - Installing new addon graphql v0.34.0
55809 [ZAP-DownloadInstaller] INFO  org.zaproxy.zap.extension.autoupdate.ExtensionAutoUpdate - Finished installing new addon graphql v0.34.0
55827 [ZAP-DownloadInstaller] INFO  org.zaproxy.zap.extension.autoupdate.ExtensionAutoUpdate - Installing new addon webdriverlinux v216.0.0
56088 [ZAP-DownloadInstaller] INFO  org.zaproxy.zap.extension.autoupdate.ExtensionAutoUpdate - Finished installing new addon webdriverlinux v216.0.0
56096 [ZAP-DownloadInstaller] INFO  org.zaproxy.zap.extension.autoupdate.ExtensionAutoUpdate - Installing new addon exim v0.22.0
56122 [ZAP-DownloadInstaller] INFO  org.zaproxy.zap.extension.autoupdate.ExtensionAutoUpdate - Finished installing new addon exim v0.22.0
56129 [ZAP-DownloadInstaller] INFO  org.zaproxy.zap.extension.autoupdate.ExtensionAutoUpdate - Installing new addon openapi v58.0.0
56263 [ZAP-DownloadInstaller] INFO  org.zaproxy.zap.extension.autoupdate.ExtensionAutoUpdate - Finished installing new addon openapi v58.0.0
56267 [ZAP-DownloadInstaller] INFO  org.zaproxy.zap.extension.autoupdate.ExtensionAutoUpdate - Installing new addon postman v0.10.0
56273 [ZAP-DownloadInstaller] INFO  org.zaproxy.zap.extension.autoupdate.ExtensionAutoUpdate - Finished installing new addon postman v0.10.0
56310 [ZAP-DownloadInstaller] INFO  org.zaproxy.zap.extension.autoupdate.ExtensionAutoUpdate - Installing new addon client v0.31.0
56419 [ZAP-DownloadInstaller] INFO  org.zaproxy.zap.extension.autoupdate.ExtensionAutoUpdate - Finished installing new addon client v0.31.0
56564 [ZAP-daemon] INFO  org.parosproxy.paros.CommandLine - Add-on downloaded to: /home/zap/.ZAP/plugin/postman-alpha-0.10.0.zap
56564 [ZAP-daemon] INFO  org.parosproxy.paros.CommandLine - Add-on downloaded to: /home/zap/.ZAP/plugin/exim-beta-0.22.0.zap
56564 [ZAP-daemon] INFO  org.parosproxy.paros.CommandLine - Add-on downloaded to: /home/zap/.ZAP/plugin/client-alpha-0.31.0.zap
56564 [ZAP-daemon] INFO  org.parosproxy.paros.CommandLine - Add-on downloaded to: /home/zap/.ZAP/plugin/graphql-alpha-0.34.0.zap
56564 [ZAP-daemon] INFO  org.parosproxy.paros.CommandLine - Add-on downloaded to: /home/zap/.ZAP/plugin/soap-beta-32.zap
56564 [ZAP-daemon] INFO  org.parosproxy.paros.CommandLine - Add-on downloaded to: /home/zap/.ZAP/plugin/openapi-beta-58.zap
56564 [ZAP-daemon] INFO  org.parosproxy.paros.CommandLine - Add-on downloaded to: /home/zap/.ZAP/plugin/webdriverlinux-release-216.zap
56564 [ZAP-daemon] INFO  org.parosproxy.paros.CommandLine - Add-on downloaded to: /home/zap/.ZAP/plugin/selenium-release-15.54.0.zap
56566 [ZAP-daemon] INFO  org.parosproxy.paros.CommandLine - Add-on downloaded to: /home/zap/.ZAP/plugin/postman-alpha-0.10.0.zap
56566 [ZAP-daemon] INFO  org.parosproxy.paros.CommandLine - Add-on downloaded to: /home/zap/.ZAP/plugin/exim-beta-0.22.0.zap
56566 [ZAP-daemon] INFO  org.parosproxy.paros.CommandLine - Add-on downloaded to: /home/zap/.ZAP/plugin/client-alpha-0.31.0.zap
56566 [ZAP-daemon] INFO  org.parosproxy.paros.CommandLine - Add-on downloaded to: /home/zap/.ZAP/plugin/graphql-alpha-0.34.0.zap
56566 [ZAP-daemon] INFO  org.parosproxy.paros.CommandLine - Add-on downloaded to: /home/zap/.ZAP/plugin/soap-beta-32.zap
56567 [ZAP-daemon] INFO  org.parosproxy.paros.CommandLine - Add-on downloaded to: /home/zap/.ZAP/plugin/openapi-beta-58.zap
56567 [ZAP-daemon] INFO  org.parosproxy.paros.CommandLine - Add-on downloaded to: /home/zap/.ZAP/plugin/webdriverlinux-release-216.zap
56567 [ZAP-daemon] INFO  org.parosproxy.paros.CommandLine - Add-on downloaded to: /home/zap/.ZAP/plugin/selenium-release-15.54.0.zap
56567 [ZAP-daemon] INFO  org.parosproxy.paros.CommandLine - Add-on update check complete
56569 [ZAP-daemon] INFO  org.parosproxy.paros.CommandLine - Downloading add-on from: https://github.com/zaproxy/zap-extensions/releases/download/pscanrulesBeta-v50/pscanrulesBeta-beta-50.zap
56572 [ZAP-daemon] INFO  org.parosproxy.paros.CommandLine - Downloading add-on from: https://github.com/zaproxy/zap-extensions/releases/download/ascanrulesBeta-v66/ascanrulesBeta-beta-66.zap
57873 [ZAP-DownloadInstaller] INFO  org.zaproxy.zap.extension.autoupdate.ExtensionAutoUpdate - Installing new addon pscanrulesBeta v50.0.0
57882 [ZAP-DownloadInstaller] INFO  org.zaproxy.addon.pscan.internal.ScanRuleManager - Loaded passive scan rule: Content Cacheability
57882 [ZAP-DownloadInstaller] INFO  org.zaproxy.addon.pscan.internal.ScanRuleManager - Loaded passive scan rule: Dangerous JS Functions
57882 [ZAP-DownloadInstaller] INFO  org.zaproxy.addon.pscan.internal.ScanRuleManager - Loaded passive scan rule: Permissions Policy Header Not Set
57882 [ZAP-DownloadInstaller] INFO  org.zaproxy.addon.pscan.internal.ScanRuleManager - Loaded passive scan rule: HTTP Parameter Override
57882 [ZAP-DownloadInstaller] INFO  org.zaproxy.addon.pscan.internal.ScanRuleManager - Loaded passive scan rule: Insufficient Site Isolation Against Spectre Vulnerability
57882 [ZAP-DownloadInstaller] INFO  org.zaproxy.addon.pscan.internal.ScanRuleManager - Loaded passive scan rule: Source Code Disclosure
57884 [ZAP-DownloadInstaller] INFO  org.zaproxy.zap.extension.autoupdate.ExtensionAutoUpdate - Finished installing new addon pscanrulesBeta v50.0.0
57885 [ZAP-DownloadInstaller] INFO  org.zaproxy.zap.extension.autoupdate.ExtensionAutoUpdate - Installing new addon ascanrulesBeta v66.0.0
57905 [ZAP-DownloadInstaller] INFO  org.zaproxy.zap.extension.autoupdate.ExtensionAutoUpdate - Finished installing new addon ascanrulesBeta v66.0.0
57973 [ZAP-daemon] INFO  org.parosproxy.paros.CommandLine - Add-on downloaded to: /home/zap/.ZAP/plugin/postman-alpha-0.10.0.zap
57974 [ZAP-daemon] INFO  org.parosproxy.paros.CommandLine - Add-on downloaded to: /home/zap/.ZAP/plugin/exim-beta-0.22.0.zap
57974 [ZAP-daemon] INFO  org.parosproxy.paros.CommandLine - Add-on downloaded to: /home/zap/.ZAP/plugin/client-alpha-0.31.0.zap
57974 [ZAP-daemon] INFO  org.parosproxy.paros.CommandLine - Add-on downloaded to: /home/zap/.ZAP/plugin/graphql-alpha-0.34.0.zap
57974 [ZAP-daemon] INFO  org.parosproxy.paros.CommandLine - Add-on downloaded to: /home/zap/.ZAP/plugin/soap-beta-32.zap
57974 [ZAP-daemon] INFO  org.parosproxy.paros.CommandLine - Add-on downloaded to: /home/zap/.ZAP/plugin/openapi-beta-58.zap
57974 [ZAP-daemon] INFO  org.parosproxy.paros.CommandLine - Add-on downloaded to: /home/zap/.ZAP/plugin/webdriverlinux-release-216.zap
57974 [ZAP-daemon] INFO  org.parosproxy.paros.CommandLine - Add-on downloaded to: /home/zap/.ZAP/plugin/selenium-release-15.54.0.zap
57974 [ZAP-daemon] INFO  org.parosproxy.paros.CommandLine - Add-on downloaded to: /home/zap/.ZAP/plugin/pscanrulesBeta-beta-50.zap
57974 [ZAP-daemon] INFO  org.parosproxy.paros.CommandLine - Add-on downloaded to: /home/zap/.ZAP/plugin/ascanrulesBeta-beta-66.zap
57980 [ZAP-daemon] INFO  org.zaproxy.addon.network.ExtensionNetwork - ZAP is now listening on 0.0.0.0:38984
ERROR <class 'TypeError'>
   ⚠️  ZAP produced no JSON

[4/4] Trivy → bkimminich/juice-shop:latest
   ⏭️  Skipping (resume — scan_reports_20260815_055822/juice_shop_trivy.json exists)

===========================================================================
🔍 SCANNING: nodegoat  (http://nodegoat:4000)
===========================================================================
ℹ️  Authenticated to nodegoat via form

[1/4] Nuclei → nodegoat

                     __     _
   ____  __  _______/ /__  (_)
  / __ \/ / / / ___/ / _ \/ /
 / / / / /_/ / /__/ /  __/ /
/_/ /_/\__,_/\___/_/\___/_/   v3.11.1

		projectdiscovery.io

[[34mINF[0m] Your current nuclei-templates  are outdated. Latest is v10.4.7
[[34mINF[0m] Successfully updated nuclei-templates (v10.4.7) to /root/nuclei-templates. GoodLuck!

Nuclei Templates v10.4.7 Changelog
┌───────┬───────┬──────────┬─────────┐
│ TOTAL │ ADDED │ MODIFIED │ REMOVED │
├───────┼───────┼──────────┼─────────┤
│ 2     │ 0     │ 2        │ 0       │
└───────┴───────┴──────────┴─────────┘
[[34mINF[0m] Current nuclei version: v3.11.1 ([92mlatest[0m)
[[34mINF[0m] Current nuclei-templates version: v10.4.7 ([92mlatest[0m)
[[34mINF[0m] New templates added in latest release: 122
[[34mINF[0m] Templates loaded for current scan: 10621
[[34mINF[0m] Executing 10621 signed templates from projectdiscovery/nuclei-templates
[[34mINF[0m] Targets loaded for current scan: 1
[[34mINF[0m] Templates clustered: 2467 (Reduced 2335 Requests)
[[34mINF[0m] Using Interactsh Server: oast.live
[[92mcookies-without-secure[0m] [[94mjavascript[0m] [[34minfo[0m] nodegoat:4000 [[96m"sid"[0m,[96m"connect"[0m]
[[92moptions-method[0m] [[94mhttp[0m] [[34minfo[0m] http://nodegoat:4000 [[96m"GET,HEAD"[0m]
[[34mINF[0m] Skipped nodegoat:4040 from target list as found unresponsive permanently: cause="port closed or filtered" address=nodegoat:4040 chain="connection refused; got err while executing http://nodegoat:4040/jobs/"
[[34mINF[0m] Skipped nodegoat:5814 from target list as found unresponsive permanently: Get "https://nodegoat:5814/autopass": cause="port closed or filtered" address=nodegoat:5814 chain="connection refused"
[[92mhttp-missing-security-headers[0m:[1;92mcontent-security-policy[0m] [[94mhttp[0m] [[34minfo[0m] http://nodegoat:4000/login
[[92mhttp-missing-security-headers[0m:[1;92mpermissions-policy[0m] [[94mhttp[0m] [[34minfo[0m] http://nodegoat:4000/login
[[92mhttp-missing-security-headers[0m:[1;92mx-content-type-options[0m] [[94mhttp[0m] [[34minfo[0m] http://nodegoat:4000/login
[[92mhttp-missing-security-headers[0m:[1;92mreferrer-policy[0m] [[94mhttp[0m] [[34minfo[0m] http://nodegoat:4000/login
[[92mhttp-missing-security-headers[0m:[1;92mcross-origin-resource-policy[0m] [[94mhttp[0m] [[34minfo[0m] http://nodegoat:4000/login
[[92mhttp-missing-security-headers[0m:[1;92mstrict-transport-security[0m] [[94mhttp[0m] [[34minfo[0m] http://nodegoat:4000/login
[[92mhttp-missing-security-headers[0m:[1;92mx-frame-options[0m] [[94mhttp[0m] [[34minfo[0m] http://nodegoat:4000/login
[[92mhttp-missing-security-headers[0m:[1;92mx-permitted-cross-domain-policies[0m] [[94mhttp[0m] [[34minfo[0m] http://nodegoat:4000/login
[[92mhttp-missing-security-headers[0m:[1;92mcross-origin-embedder-policy[0m] [[94mhttp[0m] [[34minfo[0m] http://nodegoat:4000/login
[[92mhttp-missing-security-headers[0m:[1;92mcross-origin-opener-policy[0m] [[94mhttp[0m] [[34minfo[0m] http://nodegoat:4000/login
[[92mtech-detect[0m:[1;92mfont-awesome[0m] [[94mhttp[0m] [[34minfo[0m] http://nodegoat:4000/login
[[92mtech-detect[0m:[1;92mbootstrap[0m] [[94mhttp[0m] [[34minfo[0m] http://nodegoat:4000/login
[[92mtech-detect[0m:[1;92mexpress[0m] [[94mhttp[0m] [[34minfo[0m] http://nodegoat:4000/login
[[92mmissing-cookie-samesite-strict[0m] [[94mhttp[0m] [[34minfo[0m] http://nodegoat:4000 [[96m"connect.sid=s%3AYbGazL4fYZmfZ1SNxb5B2pf6PoNVXte5.i8JjXblngZUwQgIE%2BSPUmm2jVNTbknL3%2FWfhdbq1M%2B8; Path=/; HttpOnly"[0m]
[[92mtech-detect[0m:[1;92mexpress[0m] [[94mhttp[0m] [[34minfo[0m] http://nodegoat:4000
[[92mform-detection[0m] [[94mhttp[0m] [[34minfo[0m] http://nodegoat:4000/login
[[34mINF[0m] Scan completed in 2m. 18 matches found.
[[34mINF[0m] HTTP connections: 13711 total, 5414 new, 8297 reused (60.5%)
   ✅ Nuclei: 18 findings
   📄 HTML report written: scan_reports_20260815_055822/nodegoat_nuclei.html (18 findings)

[2/4] Wapiti → nodegoat

     __      __               .__  __  .__________
    /  \    /  \_____  ______ |__|/  |_|__\_____  \
    \   \/\/   /\__  \ \____ \|  \   __\  | _(__  <
     \        /  / __ \|  |_> >  ||  | |  |/       \
      \__/\  /  (____  /   __/|__||__| |__/______  /
           \/        \/|__|                      \/
Wapiti 3.3.1 (wapiti-scanner.github.io)
[!] Login failed : Credentials might be invalid
CSP is not set for URL: http://nodegoat:4000/
Host nodegoat:4000 serves HTTP content without redirecting to HTTPS.
X-Frame-Options is not set on http://nodegoat:4000/
X-Content-Type-Options is not set on http://nodegoat:4000/
Cleartext transmission of sensitive information: Password field 'password' is sent over unencrypted connections from URL http://nodegoat:4000/login
Sensitive data (POST data) was sent over an unencrypted HTTP connection to http://nodegoat:4000/login. The server did not enforce HTTPS.
Cleartext transmission of sensitive information: Password field 'password' is sent over unencrypted connections from URL http://nodegoat:4000/signup
Cleartext transmission of sensitive information: Password field 'verify' is sent over unencrypted connections from URL http://nodegoat:4000/signup
CSP "object-src" value is not safe for URL: http://nodegoat:4000/src
CSP attribute "base-uri" is missing for URL: http://nodegoat:4000/src
[!] RemoteProtocolError with URL http://nodegoat:4000/tutorial/a2
[!] RemoteProtocolError with URL http://nodegoat:4000/tutorial/a10
[!] RemoteProtocolError with URL http://nodegoat:4000/signup
[!] RemoteProtocolError with URL http://nodegoat:4000/tutorial/a8
CSP attribute "frame-ancestors" is missing for URL: http://nodegoat:4000/src
CSP attribute "form-action" is missing for URL: http://nodegoat:4000/src
GET http://nodegoat:4000/tutorial/a7 (3) generated an exception: RemoteProtocolError

[*] Some similar passive alerts were suppressed to keep the report readable:
    unsecure_password: 1 similar alert(s) suppressed
    csp: 12 similar alert(s) suppressed
    https_redirect: 12 similar alert(s) suppressed
    http_headers: 29 similar alert(s) suppressed
[*] Saving scan state, please wait...
This scan has been saved in the file /root/.wapiti/scans/nodegoat_4000_domain_9c4ecd32.db
[*] Wapiti found 16 URLs and forms during the scan

[*] Launching module file
37 requests were skipped due to network issues

[*] Launching module upload

[*] Launching module ssrf
[*] Asking endpoint URL https://wapiti3.ovh/get_ssrf.php?session_id=r5b6tc for results, please wait...

[*] Launching module ssl
sslscan is not installed or not found in PATH, module will be skipped

[*] Launching module exec

[*] Launching module sql

[*] Launching module redirect

[*] Launching module xss
---
Reflected Cross Site Scripting in http://nodegoat:4000/login via injection in the parameter userName
Evil request:
    POST /login HTTP/1.1
    host: nodegoat:4000
    connection: keep-alive
    user-agent: Mozilla/5.0 (Windows NT 10.0; Win64; x64; rv:128.0) Gecko/20100101 Firefox/128.0
    accept-language: en-US
    accept-encoding: gzip, deflate, br
    accept: text/html,application/xhtml+xml,application/xml;q=0.9,image/webp,*/*;q=0.8
    content-type: application/x-www-form-urlencoded
    referer: http://nodegoat:4000/login
    cookie: connect.sid=s%3ApowCbxx1oqjeZ8hdtNE4EkznwHZhGiiq.m%2BRAE2YDmNRP%2FHBejh%2B7DUZGO9xLjBDxOdtptu83qNw
    content-length: 101
    Content-Type: application/x-www-form-urlencoded

    userName=%22%3E%3CScRiPt%3Ealert%28%27wa9eyjblw6%27%29%3C%2FsCrIpT%3E&password=Letm3in_&_csrf=default
---

[*] Launching module permanentxss

[*] Generating report...
A report has been generated in the file /reports/nodegoat_wapiti.json
   ✅ Wapiti: 13 findings
   📄 HTML report written: scan_reports_20260815_055822/nodegoat_wapiti.html (13 findings)

[3/4] OWASP ZAP (full/active) → nodegoat
2026-08-15 06:13:43,551 Unexpected error: <class 'TypeError'>
Traceback (most recent call last):
  File "/zap/zap-full-scan.py", line 330, in main
    trigger_hook('zap_started', zap, target)
  File "/zap/zap_common.py", line 135, in trigger_hook
    response = hook_fn(*args_list, **kwargs)
               ^^^^^^^^^^^^^^^^^^^^^^^^^^^^^
  File "/zap/auth/nodegoat.hook", line 3, in zap_started
    zap.replacer.add_rule(
TypeError: replacer.add_rule() got an unexpected keyword argument 'matchstr'
Found Java version 17.0.20
Available memory: 7558 MB
Using JVM args: -Xmx1889m
463 [main] INFO  org.parosproxy.paros.Constant - Copying default configuration to /home/zap/.ZAP/config.xml
576 [main] INFO  org.parosproxy.paros.Constant - Creating directory /home/zap/.ZAP/session
578 [main] INFO  org.parosproxy.paros.Constant - Creating directory /home/zap/.ZAP/dirbuster
578 [main] INFO  org.parosproxy.paros.Constant - Creating directory /home/zap/.ZAP/fuzzers
579 [main] INFO  org.parosproxy.paros.Constant - Creating directory /home/zap/.ZAP/plugin
674 [main] INFO  org.zaproxy.zap.DaemonBootstrap - ZAP 2.17.0 started 15/08/2026, 06:12:45 with home: /home/zap/.ZAP/ cores: 16 maxMemory: 1 GB
703 [main] INFO  org.parosproxy.paros.common.AbstractParam - Setting config database.recoverylog = false was null
704 [main] INFO  org.parosproxy.paros.common.AbstractParam - Setting config api.disablekey = true was null
704 [main] INFO  org.parosproxy.paros.common.AbstractParam - Setting config api.addrs.addr.name = .* was null
705 [main] INFO  org.parosproxy.paros.common.AbstractParam - Setting config api.addrs.addr.regex = true was null
705 [main] INFO  org.parosproxy.paros.common.AbstractParam - Setting config spider.maxDuration = 15 was null
705 [main] INFO  org.parosproxy.paros.common.AbstractParam - Setting config stats.pkg.fullscan-api = 1 was null
2555 [ZAP-daemon] INFO  org.zaproxy.zap.control.ExtensionFactory - Installed add-ons: [[id=alertFilters, version=27.0.0], [id=ascanrules, version=83.0.0], [id=authhelper, version=0.41.0], [id=automation, version=0.60.0], [id=bruteforce, version=21.0.0], [id=callhome, version=0.23.0], [id=client, version=0.30.0], [id=commonlib, version=1.43.0], [id=database, version=0.9.0], [id=diff, version=18.0.0], [id=directorylistv1, version=9.0.0], [id=domxss, version=24.0.0], [id=encoder, version=1.9.0], [id=exim, version=0.21.0], [id=formhandler, version=6.8.0], [id=fuzz, version=13.17.0], [id=gettingStarted, version=20.0.0], [id=graaljs, version=0.14.0], [id=graphql, version=0.33.0], [id=help, version=22.0.0], [id=hud, version=0.19.0], [id=insights, version=0.5.0], [id=invoke, version=17.0.0], [id=network, version=0.29.0], [id=oast, version=0.24.0], [id=onlineMenu, version=15.0.0], [id=openapi, version=57.0.0], [id=postman, version=0.9.0], [id=pscan, version=0.6.0], [id=pscanrules, version=75.0.0], [id=quickstart, version=59.0.0], [id=replacer, version=22.0.0], [id=reports, version=0.46.0], [id=requester, version=7.10.0], [id=retest, version=0.11.0], [id=retire, version=0.63.0], [id=reveal, version=10.0.0], [id=scanpolicies, version=0.8.0], [id=scripts, version=45.20.0], [id=selenium, version=15.53.0], [id=sequence, version=10.0.0], [id=soap, version=31.0.0], [id=spider, version=0.20.0], [id=spiderAjax, version=23.32.0], [id=tips, version=16.0.0], [id=webdriverlinux, version=215.0.0], [id=websocket, version=38.0.0], [id=zest, version=48.14.0]]
2556 [ZAP-daemon] INFO  org.zaproxy.zap.control.ExtensionFactory - Loading extensions
2950 [ZAP-daemon] INFO  org.zaproxy.addon.network.internal.TlsUtils - Using supported SSL/TLS protocols: [TLSv1.2, TLSv1.3]
3203 [ZAP-daemon] INFO  org.zaproxy.zap.control.ExtensionFactory - Extensions loaded
3439 [ZAP-daemon] INFO  org.flywaydb.core.FlywayExecutor - Database: jdbc:hsqldb:file:/home/zap/.ZAP/session/untitled1 (HSQL Database Engine 2.7)
3486 [ZAP-daemon] INFO  org.flywaydb.core.internal.schemahistory.JdbcTableSchemaHistory - Schema history table "PUBLIC"."SCRIPTS_FLYWAY_SCHEMA_HISTORY" does not exist yet
3490 [ZAP-daemon] INFO  org.flywaydb.core.internal.command.DbValidate - Successfully validated 1 migration (execution time 00:00.011s)
3499 [ZAP-daemon] INFO  org.flywaydb.core.internal.schemahistory.JdbcTableSchemaHistory - Creating Schema History table "PUBLIC"."SCRIPTS_FLYWAY_SCHEMA_HISTORY" with baseline ...
3556 [ZAP-daemon] INFO  org.flywaydb.core.internal.command.DbBaseline - Successfully baselined schema with version: 0
3581 [ZAP-daemon] INFO  org.flywaydb.core.internal.command.DbMigrate - Current version of schema "PUBLIC": 0
3601 [ZAP-daemon] INFO  org.flywaydb.core.internal.command.DbMigrate - Migrating schema "PUBLIC" to version "1 - Create scripts run tables"
3630 [ZAP-daemon] INFO  org.flywaydb.core.internal.command.DbMigrate - Successfully applied 1 migration to schema "PUBLIC", now at version v1 (execution time 00:00.009s)
4038 [ZAP-daemon] INFO  org.flywaydb.core.FlywayExecutor - Database: jdbc:hsqldb:file:/home/zap/.ZAP/session/untitled1 (HSQL Database Engine 2.7)
4053 [ZAP-daemon] INFO  org.flywaydb.core.internal.schemahistory.JdbcTableSchemaHistory - Schema history table "PUBLIC"."CLIENT_FLYWAY_SCHEMA_HISTORY" does not exist yet
4054 [ZAP-daemon] INFO  org.flywaydb.core.internal.command.DbValidate - Successfully validated 1 migration (execution time 00:00.004s)
4060 [ZAP-daemon] INFO  org.flywaydb.core.internal.schemahistory.JdbcTableSchemaHistory - Creating Schema History table "PUBLIC"."CLIENT_FLYWAY_SCHEMA_HISTORY" with baseline ...
4073 [ZAP-daemon] INFO  org.flywaydb.core.internal.command.DbBaseline - Successfully baselined schema with version: 0
4078 [ZAP-daemon] INFO  org.flywaydb.core.internal.command.DbMigrate - Current version of schema "PUBLIC": 0
4083 [ZAP-daemon] INFO  org.flywaydb.core.internal.command.DbMigrate - Migrating schema "PUBLIC" to version "1 - Create history table"
4092 [ZAP-daemon] INFO  org.flywaydb.core.internal.command.DbMigrate - Successfully applied 1 migration to schema "PUBLIC", now at version v1 (execution time 00:00.002s)
4760 [ZAP-daemon] INFO  org.parosproxy.paros.extension.ExtensionLoader - Initializing Auto-update Extension - Allows ZAP to check for updates
4762 [ZAP-daemon] INFO  org.parosproxy.paros.extension.ExtensionLoader - Initializing Options Extension - Options Extension
4762 [ZAP-daemon] INFO  org.parosproxy.paros.extension.ExtensionLoader - Initializing Edit Menu Extension - Edit Menu Extension
4763 [ZAP-daemon] INFO  org.parosproxy.paros.extension.ExtensionLoader - Initializing API Extension - Provides a rest based API for controlling and accessing ZAP
4767 [ZAP-daemon] INFO  org.parosproxy.paros.extension.ExtensionLoader - Initializing History Extension - History Extension
4768 [ZAP-daemon] INFO  org.parosproxy.paros.extension.ExtensionLoader - Initializing ExtensionReveal - Show hidden fields and enable disabled fields
4768 [ZAP-daemon] INFO  org.parosproxy.paros.extension.ExtensionLoader - Initializing Search Extension - Search messages for strings and regular expressions
4769 [ZAP-daemon] INFO  org.parosproxy.paros.extension.ExtensionLoader - Initializing Breakpoint Extension - Allows you to intercept and modify requests and responses
4770 [ZAP-daemon] INFO  org.parosproxy.paros.extension.ExtensionLoader - Initializing Passive Scan Extension - Passive scanner
4770 [ZAP-daemon] INFO  org.parosproxy.paros.extension.ExtensionLoader - Initializing Alerts Extension - Allows you to view and manage alerts
4771 [ZAP-daemon] INFO  org.parosproxy.paros.extension.ExtensionLoader - Initializing Active Scan Extension - Active scanner, heavily based on the original Paros active scanner, but with additional tests added
4777 [ZAP-daemon] INFO  org.parosproxy.paros.extension.ExtensionLoader - Initializing ExtensionSequence - ExtensionSequence
4778 [ZAP-daemon] INFO  org.parosproxy.paros.extension.ExtensionLoader - Initializing Standard Menus Extension - A set of common popup menus for miscellaneous tasks
4778 [ZAP-daemon] INFO  org.parosproxy.paros.extension.ExtensionLoader - Initializing ExtensionBruteForce - Forced browsing of files and directories using code from the OWASP DirBuster tool
4779 [ZAP-daemon] INFO  org.parosproxy.paros.extension.ExtensionLoader - Initializing Compare Extension - Compares 2 sessions and generates an HTML file showing the differences
4779 [ZAP-daemon] INFO  org.parosproxy.paros.extension.ExtensionLoader - Initializing ExtensionInvoke - Invoke external applications passing context related information such as URLs and parameters
4779 [ZAP-daemon] INFO  org.parosproxy.paros.extension.ExtensionLoader - Initializing Anti-CSRF Extension - Handles anti cross site request forgery (CSRF) tokens
4783 [ZAP-daemon] INFO  org.parosproxy.paros.extension.ExtensionLoader - Initializing Authentication Extension - Authentication Extension
4788 [ZAP-daemon] INFO  org.zaproxy.zap.extension.authentication.ExtensionAuthentication - Loaded authentication method types: [Form-based Authentication, HTTP/NTLM Authentication, Manual Authentication, Script-based Authentication, JSON-based Authentication]
4789 [ZAP-daemon] INFO  org.parosproxy.paros.extension.ExtensionLoader - Initializing Users Extension - Users Extension
4790 [ZAP-daemon] INFO  org.parosproxy.paros.extension.ExtensionLoader - Initializing Parameters Extension - Summarise and analyse FORM and URL parameters as well as cookies
4790 [ZAP-daemon] INFO  org.parosproxy.paros.extension.ExtensionLoader - Initializing Script Extension - Script integration
4794 [ZAP-daemon] INFO  org.parosproxy.paros.extension.ExtensionLoader - Initializing ExtensionScripts - Scripting console, supports all JSR 223 scripting languages
4800 [ZAP-daemon] INFO  org.parosproxy.paros.extension.ExtensionLoader - Initializing Forced User Extension - Forced User Extension
4800 [ZAP-daemon] INFO  org.parosproxy.paros.extension.ExtensionLoader - Initializing HTTP Sessions Extension - Extension handling HTTP sessions
4801 [ZAP-daemon] INFO  org.parosproxy.paros.extension.ExtensionLoader - Initializing ExtensionZest - Zest is a specialized scripting language, originally, from Mozilla specifically designed to be used in security tools
4852 [ZAP-daemon] INFO  org.parosproxy.paros.extension.ExtensionLoader - Initializing ExtensionDiff - ExtensionDiff
4853 [ZAP-daemon] INFO  org.parosproxy.paros.extension.ExtensionLoader - Initializing HTTP Panel Post Table View Extension - HTTP Panel Post Table View Extension
4853 [ZAP-daemon] INFO  org.parosproxy.paros.extension.ExtensionLoader - Initializing Encoder Addon - Adds support for scriptable encoders to ZAP.
4854 [ZAP-daemon] INFO  org.parosproxy.paros.extension.ExtensionLoader - Initializing Session Management Extension - Session Management Extension
4856 [ZAP-daemon] INFO  org.zaproxy.zap.extension.sessions.ExtensionSessionManagement - Loaded session management method types: [Cookie-based Session Management, HTTP Authentication Session Management, Script-based Session Management]
4856 [ZAP-daemon] INFO  org.parosproxy.paros.extension.ExtensionLoader - Initializing HTTP Panel Form Table View Extension - HTTP Panel Form Table View Extension
4856 [ZAP-daemon] INFO  org.parosproxy.paros.extension.ExtensionLoader - Initializing WebSockets Support - Capture messages from WebSockets with the ability to set breakpoints.
4865 [ZAP-daemon] INFO  org.parosproxy.paros.extension.ExtensionLoader - Initializing SOAP/WSDL Support - Allows you to import a WSDL file containing operations which ZAP will access, adding them to the Sites tree.
4866 [ZAP-daemon] INFO  org.parosproxy.paros.extension.ExtensionLoader - Initializing Core UI Extension - Core UI related functionality.
4866 [ZAP-daemon] INFO  org.parosproxy.paros.extension.ExtensionLoader - Initializing Authorization Extension - Authorization Extension
4867 [ZAP-daemon] INFO  org.parosproxy.paros.extension.ExtensionLoader - Initializing Requester - Allows to manually edit and send messages.
4868 [ZAP-daemon] INFO  org.parosproxy.paros.extension.ExtensionLoader - Initializing AJAX Spider - AJAX Spider, uses Crawljax
4871 [ZAP-daemon] INFO  org.parosproxy.paros.extension.ExtensionLoader - Initializing WebDriver Provider - Provides WebDrivers to control several browsers using Selenium and includes HtmlUnit browser.
4880 [ZAP-daemon] INFO  org.parosproxy.paros.extension.ExtensionLoader - Initializing ExtensionClientIntegration - Client Side Integration
4885 [ZAP-daemon] INFO  org.parosproxy.paros.extension.ExtensionLoader - Initializing Refresh Sites Tree Extension - Adds menu item to refresh the Sites tree
4885 [ZAP-daemon] INFO  org.parosproxy.paros.extension.ExtensionLoader - Initializing Help Extension - ZAP User Guide
4886 [ZAP-daemon] INFO  org.parosproxy.paros.extension.ExtensionLoader - Initializing Call Home - Handles all of the calls to ZAP services
4886 [ZAP-daemon] INFO  org.parosproxy.paros.extension.ExtensionLoader - Initializing Network Extension - Provides core networking capabilities.
4905 [ZAP-daemon] INFO  org.zaproxy.addon.network.ConnectionOptions - Unsafe SSL/TLS renegotiation disabled.
4907 [ZAP-daemon] INFO  org.parosproxy.paros.extension.ExtensionLoader - Initializing Extension Configuration Extension - Allows you to configure which extensions are loaded when ZAP starts
4907 [ZAP-daemon] INFO  org.parosproxy.paros.extension.ExtensionLoader - Initializing Combined HTTP Panels Extension - Combined HTTP Panels Extension
4908 [ZAP-daemon] INFO  org.parosproxy.paros.extension.ExtensionLoader - Initializing HTTP Panel Hex View Extension - HTTP Panel Hex View Extension
4908 [ZAP-daemon] INFO  org.parosproxy.paros.extension.ExtensionLoader - Initializing HTTP Panel Image View Extension - HTTP Panel Image View Extension
4908 [ZAP-daemon] INFO  org.parosproxy.paros.extension.ExtensionLoader - Initializing HTTP Panel Query Table View Extension - HTTP Panel Query Table View Extension
4908 [ZAP-daemon] INFO  org.parosproxy.paros.extension.ExtensionLoader - Initializing HTTP Panel Syntax Highlighter View Extension - HTTP Panel Syntax Highlighter View Extension
4908 [ZAP-daemon] INFO  org.parosproxy.paros.extension.ExtensionLoader - Initializing Keyboard Configuration Extension - Adds support for configurable keyboard shortcuts for all of the ZAP menus.
4908 [ZAP-daemon] INFO  org.parosproxy.paros.extension.ExtensionLoader - Initializing Scanner Rule Configuration Extension - Active and passive rule configuration
4909 [ZAP-daemon] INFO  org.parosproxy.paros.extension.ExtensionLoader - Initializing Statistics Extension - Statistics
4910 [ZAP-daemon] INFO  org.zaproxy.zap.extension.stats.ExtensionStats - Start recording in memory stats
4910 [ZAP-daemon] INFO  org.parosproxy.paros.extension.ExtensionLoader - Initializing Custom Pages Extension - Custom Pages Definition
4910 [ZAP-daemon] INFO  org.parosproxy.paros.extension.ExtensionLoader - Initializing SOAP Automation - SOAP Automation Framework Integration
4911 [ZAP-daemon] INFO  org.parosproxy.paros.extension.ExtensionLoader - Initializing SOAP Spider - SOAP Spider Integration
4912 [ZAP-daemon] INFO  org.parosproxy.paros.extension.ExtensionLoader - Initializing Retest - Facilitates the verification of presence/absence of certain alerts.
4913 [ZAP-daemon] INFO  org.parosproxy.paros.extension.ExtensionLoader - Initializing Spider Extension - Spider used for automatically finding URIs on a site.
4930 [ZAP-daemon] INFO  org.parosproxy.paros.extension.ExtensionLoader - Initializing Spider Automation - Spider Automation Integration
4933 [ZAP-daemon] INFO  org.parosproxy.paros.extension.ExtensionLoader - Initializing ExtensionDomXSS - DOM XSS Active Scan Rule
4982 [ZAP-daemon] INFO  org.parosproxy.paros.extension.ExtensionLoader - Initializing ExtensionGettingStarted - The ZAP Getting Started Guide
4982 [ZAP-daemon] INFO  org.parosproxy.paros.extension.ExtensionLoader - Initializing Common Library - A library of shared functionality
4982 [ZAP-daemon] INFO  org.parosproxy.paros.extension.ExtensionLoader - Initializing ExtensionAlertFilters - Context alert rules filter
4983 [ZAP-daemon] INFO  org.parosproxy.paros.extension.ExtensionLoader - Initializing Alert Filters Automation - Alert Filters Automation Framework Integration
4985 [ZAP-daemon] INFO  org.parosproxy.paros.extension.ExtensionLoader - Initializing Postman Import - Allows you to spider and import Postman collections
4985 [ZAP-daemon] INFO  org.parosproxy.paros.extension.ExtensionLoader - Initializing Postman Automation - Postman Automation Framework Integration
4986 [ZAP-daemon] INFO  org.parosproxy.paros.extension.ExtensionLoader - Initializing ExtensionGraphQl - Allows you to inspect and attack GraphQL endpoints.
4989 [ZAP-daemon] INFO  org.parosproxy.paros.extension.ExtensionLoader - Initializing GraphQL Automation - GraphQL Automation Framework Integration
4990 [ZAP-daemon] INFO  org.parosproxy.paros.extension.ExtensionLoader - Initializing GraphQL Spider - GraphQL Spider Integration
4991 [ZAP-daemon] INFO  org.parosproxy.paros.extension.ExtensionLoader - Initializing WebSocket Fuzzer - Allows to fuzz WebSocket messages.
4991 [ZAP-daemon] INFO  org.parosproxy.paros.extension.ExtensionLoader - Initializing WebSocket Message Editor - Provides the WebSocket Message Editor dialogues.
4991 [ZAP-daemon] INFO  org.parosproxy.paros.extension.ExtensionLoader - Initializing Retire.js - Retire.js
4992 [ZAP-daemon] INFO  org.zaproxy.addon.pscan.internal.ScanRuleManager - Loaded passive scan rule: Vulnerable JS Library (Powered by Retire.js)
4992 [ZAP-daemon] INFO  org.parosproxy.paros.extension.ExtensionLoader - Initializing Automation Framework - Provides functionality to simplify using ZAP in an automated manner
4993 [ZAP-daemon] INFO  org.parosproxy.paros.extension.ExtensionLoader - Initializing Advance Fuzzer - Provides the foundation for concrete message types (for example, HTTP, WebSockets) expose fuzzer implementations.
4994 [ZAP-daemon] INFO  org.parosproxy.paros.extension.ExtensionLoader - Initializing HTTP Fuzzer - Allows to fuzz HTTP messages.
4994 [ZAP-daemon] INFO  org.parosproxy.paros.extension.ExtensionLoader - Initializing Out-of-band Application Security Testing - Adds Out-of-band Application Security Testing functionality.
4996 [ZAP-daemon] INFO  org.parosproxy.paros.extension.ExtensionLoader - Initializing OAST Scripts - Adds OAST scripts.
4996 [ZAP-daemon] INFO  org.parosproxy.paros.extension.ExtensionLoader - Initializing Report Generator - Templated and themed report generation functionality
4997 [ZAP-daemon] INFO  org.parosproxy.paros.extension.ExtensionLoader - Initializing Report Generation Automation Integration - Report Generation Automation Integration
4998 [ZAP-daemon] INFO  org.parosproxy.paros.extension.ExtensionLoader - Initializing Quick Start panel  - Adds the Quick Start panel for scanning and exploring applications
4999 [ZAP-daemon] INFO  org.parosproxy.paros.extension.ExtensionLoader - Initializing Quick Start Ajax Spider integration - Add the option to use the Ajax Spider in the Quick Start scan
5000 [ZAP-daemon] INFO  org.parosproxy.paros.extension.ExtensionLoader - Initializing Quick Start Client Spider Integration - Provides the option to use the Client Spider when running a quick scan
5000 [ZAP-daemon] INFO  org.parosproxy.paros.extension.ExtensionLoader - Initializing Quick Start HUD Integration - HUD integration for the quick start panel
5000 [ZAP-daemon] INFO  org.parosproxy.paros.extension.ExtensionLoader - Initializing Quick Start Browser Launcher - Launch browsers preset proxying through ZAP
5001 [ZAP-daemon] INFO  org.parosproxy.paros.extension.ExtensionLoader - Initializing Quick Start Spider Integration - Adds the option to use the traditional Spider in the Quick Start scan.
5001 [ZAP-daemon] INFO  org.parosproxy.paros.extension.ExtensionLoader - Initializing Database Extension - Provides databases and persistence capabilities.
5002 [ZAP-daemon] INFO  org.parosproxy.paros.extension.ExtensionLoader - Initializing OpenAPI Import - Allows you to spider and import OpenAPI (Swagger) definitions 
5003 [ZAP-daemon] INFO  org.parosproxy.paros.extension.ExtensionLoader - Initializing OpenAPI Automation - OpenAPI Automation Framework Integration
5004 [ZAP-daemon] INFO  org.parosproxy.paros.extension.ExtensionLoader - Initializing OpenAPI Scripts - Adds scripts relevant to OpenAPI specifications.
5004 [ZAP-daemon] INFO  org.parosproxy.paros.extension.ExtensionLoader - Initializing OpenAPI Spider - OpenAPI Spider Integration
5006 [ZAP-daemon] INFO  org.parosproxy.paros.extension.ExtensionLoader - Initializing Passive Scan Rules - Release status passive scan rules.
5007 [ZAP-daemon] INFO  org.parosproxy.paros.extension.ExtensionLoader - Initializing Import/Export - Import and Export functionality supporting multiple formats.
5008 [ZAP-daemon] INFO  org.parosproxy.paros.extension.ExtensionLoader - Initializing Import/Export Automation - Import/Export Automation Framework Integration
5010 [ZAP-daemon] INFO  org.parosproxy.paros.extension.ExtensionLoader - Initializing ExtensionTipsAndTricks - Tips and Tricks
5010 [ZAP-daemon] INFO  org.parosproxy.paros.extension.ExtensionLoader - Initializing Passive Scanner Extension - Provides core passive scanning capabilities.
5021 [ZAP-daemon] INFO  org.parosproxy.paros.extension.ExtensionLoader - Initializing Passive Scanner Automation Framework Extension - Provides jobs and result data related to the passive scanner.
5021 [ZAP-daemon] INFO  org.parosproxy.paros.extension.ExtensionLoader - Initializing Sequence Automation - Sequence Automation Framework Integration
5024 [ZAP-daemon] INFO  org.parosproxy.paros.extension.ExtensionLoader - Initializing Authentication Helper - Authentication Helper
5026 [ZAP-daemon] INFO  org.parosproxy.paros.extension.ExtensionLoader - Initializing Authentication Helper Automation - Authentication Helper Automation Framework Integration
5027 [ZAP-daemon] INFO  org.parosproxy.paros.extension.ExtensionLoader - Initializing Client Spider Browser Based Authentication Support - Enables browser based authentication when performing an authenticated Client Spider scan.
5028 [ZAP-daemon] INFO  org.parosproxy.paros.extension.ExtensionLoader - Initializing Authentication Helper Reports - Authentication Helper Reports
5029 [ZAP-daemon] INFO  org.parosproxy.paros.extension.ExtensionLoader - Initializing AJAX Spider Browser Based Authentication Support - Enables browser based authentication when performing an authenticated AJAX Spider scan.
5030 [ZAP-daemon] INFO  org.parosproxy.paros.extension.ExtensionLoader - Initializing Client Spider Automation - Client Spider Automation Framework Integration
5031 [ZAP-daemon] INFO  org.parosproxy.paros.extension.ExtensionLoader - Initializing Client Map Import/Export - Client Map export support for Import/Export.
5032 [ZAP-daemon] INFO  org.parosproxy.paros.extension.ExtensionLoader - Initializing Client Zest Script Recording Support - Allows recording client events as Zest scripts.
5032 [ZAP-daemon] INFO  org.parosproxy.paros.extension.ExtensionLoader - Initializing Ajax Spider Automation - Ajax Spider Automation Framework Integration
5034 [ZAP-daemon] INFO  org.parosproxy.paros.extension.ExtensionLoader - Initializing Active Scan Rules - Release status active scan rules
5034 [ZAP-daemon] INFO  org.parosproxy.paros.extension.ExtensionLoader - Initializing Scripts Automation Framework Integration - Scripts Automation
5040 [ZAP-daemon] INFO  org.parosproxy.paros.extension.ExtensionLoader - Initializing Script Console Report Data - Supplies script data to reports when the session database contains recorded output.
5041 [ZAP-daemon] INFO  org.parosproxy.paros.extension.ExtensionLoader - Initializing ExtensionFormHandler - This extension allows a user to change the default values used for generated content (e.g. spiders, importers).
5042 [ZAP-daemon] INFO  org.parosproxy.paros.extension.ExtensionLoader - Initializing GraalVM JavaScript Engine Extension - Provides the GraalVM JavaScript engine for ZAP scripting.
5056 [ZAP-daemon] INFO  org.parosproxy.paros.extension.ExtensionLoader - Initializing Zest Import/Export - Zest script export and import support for Import/Export.
5056 [ZAP-daemon] INFO  org.parosproxy.paros.extension.ExtensionLoader - Initializing ExtensionOnlineMenu - The Online menu links
5057 [ZAP-daemon] INFO  org.parosproxy.paros.extension.ExtensionLoader - Initializing ExtensionInsights - Insights Extension
5058 [ZAP-daemon] INFO  org.parosproxy.paros.extension.ExtensionLoader - Initializing Alert Filters Automation - Alert Filters Automation Framework Integration
5059 [ZAP-daemon] INFO  org.parosproxy.paros.extension.ExtensionLoader - Initializing Insights Reports Extension - Adds Insights to the report data
5060 [ZAP-daemon] INFO  org.parosproxy.paros.extension.ExtensionLoader - Initializing Match and Replace - Easy way to replace strings in requests and responses
5061 [ZAP-daemon] INFO  org.parosproxy.paros.extension.ExtensionLoader - Initializing Replacer Automation - Replacer Automation Framework Integration
5062 [ZAP-daemon] INFO  org.parosproxy.paros.extension.ExtensionLoader - Initializing ExtensionHUD - Heads Up Display
5185 [ZAP-daemon] INFO  org.parosproxy.paros.extension.ExtensionLoader - Initializing ExtensionHUDlaunch - ExtensionHUDlaunch
5388 [ZAP-daemon] INFO  org.zaproxy.addon.oast.services.callback.CallbackService - Started callback service on 0.0.0.0:39597
6545 [ZAP-daemon] INFO  org.zaproxy.addon.pscan.internal.ScanRuleManager - Loaded passive scan rule: WSDL File Detection
6584 [ZAP-daemon] INFO  org.zaproxy.addon.pscan.internal.ScanRuleManager - Loaded passive scan rule: Anti-clickjacking Header
6585 [ZAP-daemon] INFO  org.zaproxy.addon.pscan.internal.ScanRuleManager - Loaded passive scan rule: Application Error Disclosure
6585 [ZAP-daemon] INFO  org.zaproxy.addon.pscan.internal.ScanRuleManager - Loaded passive scan rule: Big Redirect Detected (Potential Sensitive Information Leak)
6585 [ZAP-daemon] INFO  org.zaproxy.addon.pscan.internal.ScanRuleManager - Loaded passive scan rule: Re-examine Cache-control Directives
6585 [ZAP-daemon] INFO  org.zaproxy.addon.pscan.internal.ScanRuleManager - Loaded passive scan rule: Charset Mismatch
6585 [ZAP-daemon] INFO  org.zaproxy.addon.pscan.internal.ScanRuleManager - Loaded passive scan rule: Content Security Policy (CSP) Header Not Set
6586 [ZAP-daemon] INFO  org.zaproxy.addon.pscan.internal.ScanRuleManager - Loaded passive scan rule: CSP
6586 [ZAP-daemon] INFO  org.zaproxy.addon.pscan.internal.ScanRuleManager - Loaded passive scan rule: Content-Type Header Missing
6586 [ZAP-daemon] INFO  org.zaproxy.addon.pscan.internal.ScanRuleManager - Loaded passive scan rule: Cookie No HttpOnly Flag
6586 [ZAP-daemon] INFO  org.zaproxy.addon.pscan.internal.ScanRuleManager - Loaded passive scan rule: Loosely Scoped Cookie
6586 [ZAP-daemon] INFO  org.zaproxy.addon.pscan.internal.ScanRuleManager - Loaded passive scan rule: Cookie without SameSite Attribute
6586 [ZAP-daemon] INFO  org.zaproxy.addon.pscan.internal.ScanRuleManager - Loaded passive scan rule: Cookie Without Secure Flag
6587 [ZAP-daemon] INFO  org.zaproxy.addon.pscan.internal.ScanRuleManager - Loaded passive scan rule: Cross-Domain Misconfiguration
6587 [ZAP-daemon] INFO  org.zaproxy.addon.pscan.internal.ScanRuleManager - Loaded passive scan rule: Cross-Domain JavaScript Source File Inclusion
6587 [ZAP-daemon] INFO  org.zaproxy.addon.pscan.internal.ScanRuleManager - Loaded passive scan rule: Absence of Anti-CSRF Tokens
6587 [ZAP-daemon] INFO  org.zaproxy.addon.pscan.internal.ScanRuleManager - Loaded passive scan rule: Directory Browsing
6587 [ZAP-daemon] INFO  org.zaproxy.addon.pscan.internal.ScanRuleManager - Loaded passive scan rule: Hash Disclosure
6587 [ZAP-daemon] INFO  org.zaproxy.addon.pscan.internal.ScanRuleManager - Loaded passive scan rule: Heartbleed OpenSSL Vulnerability (Indicative)
6587 [ZAP-daemon] INFO  org.zaproxy.addon.pscan.internal.ScanRuleManager - Loaded passive scan rule: In Page Banner Information Leak
6587 [ZAP-daemon] INFO  org.zaproxy.addon.pscan.internal.ScanRuleManager - Loaded passive scan rule: Private IP Disclosure
6587 [ZAP-daemon] INFO  org.zaproxy.addon.pscan.internal.ScanRuleManager - Loaded passive scan rule: Session ID in URL Rewrite
6587 [ZAP-daemon] INFO  org.zaproxy.addon.pscan.internal.ScanRuleManager - Loaded passive scan rule: Information Disclosure - Debug Error Messages
6587 [ZAP-daemon] INFO  org.zaproxy.addon.pscan.internal.ScanRuleManager - Loaded passive scan rule: Information Disclosure - Sensitive Information in URL
6587 [ZAP-daemon] INFO  org.zaproxy.addon.pscan.internal.ScanRuleManager - Loaded passive scan rule: Information Disclosure - Sensitive Information in HTTP Referrer Header
6587 [ZAP-daemon] INFO  org.zaproxy.addon.pscan.internal.ScanRuleManager - Loaded passive scan rule: Information Disclosure - Suspicious Comments
6588 [ZAP-daemon] INFO  org.zaproxy.addon.pscan.internal.ScanRuleManager - Loaded passive scan rule: Weak Authentication Method
6588 [ZAP-daemon] INFO  org.zaproxy.addon.pscan.internal.ScanRuleManager - Loaded passive scan rule: HTTP to HTTPS Insecure Transition in Form Post
6588 [ZAP-daemon] INFO  org.zaproxy.addon.pscan.internal.ScanRuleManager - Loaded passive scan rule: HTTPS to HTTP Insecure Transition in Form Post
6588 [ZAP-daemon] INFO  org.zaproxy.addon.pscan.internal.ScanRuleManager - Loaded passive scan rule: Insecure JSF ViewState
6588 [ZAP-daemon] INFO  org.zaproxy.addon.pscan.internal.ScanRuleManager - Loaded passive scan rule: Java Serialization Object
6588 [ZAP-daemon] INFO  org.zaproxy.addon.pscan.internal.ScanRuleManager - Loaded passive scan rule: Reverse Tabnabbing
6588 [ZAP-daemon] INFO  org.zaproxy.addon.pscan.internal.ScanRuleManager - Loaded passive scan rule: Secure Pages Include Mixed Content
6588 [ZAP-daemon] INFO  org.zaproxy.addon.pscan.internal.ScanRuleManager - Loaded passive scan rule: Modern Web Application
6588 [ZAP-daemon] INFO  org.zaproxy.addon.pscan.internal.ScanRuleManager - Loaded passive scan rule: PII Disclosure
6588 [ZAP-daemon] INFO  org.zaproxy.addon.pscan.internal.ScanRuleManager - Loaded passive scan rule: Script Served From Malicious Domain (polyfill)
6589 [ZAP-daemon] INFO  org.zaproxy.addon.pscan.internal.ScanRuleManager - Loaded passive scan rule: Retrieved from Cache
6589 [ZAP-daemon] INFO  org.zaproxy.addon.pscan.internal.ScanRuleManager - Loaded passive scan rule: HTTP Server Response Header
6589 [ZAP-daemon] INFO  org.zaproxy.addon.pscan.internal.ScanRuleManager - Loaded passive scan rule: Strict-Transport-Security Header
6589 [ZAP-daemon] INFO  org.zaproxy.addon.pscan.internal.ScanRuleManager - Loaded passive scan rule: Sub Resource Integrity Attribute Missing
6589 [ZAP-daemon] INFO  org.zaproxy.addon.pscan.internal.ScanRuleManager - Loaded passive scan rule: Timestamp Disclosure
6589 [ZAP-daemon] INFO  org.zaproxy.addon.pscan.internal.ScanRuleManager - Loaded passive scan rule: User Controllable Charset
6589 [ZAP-daemon] INFO  org.zaproxy.addon.pscan.internal.ScanRuleManager - Loaded passive scan rule: Cookie Poisoning
6589 [ZAP-daemon] INFO  org.zaproxy.addon.pscan.internal.ScanRuleManager - Loaded passive scan rule: User Controllable HTML Element Attribute (Potential XSS)
6589 [ZAP-daemon] INFO  org.zaproxy.addon.pscan.internal.ScanRuleManager - Loaded passive scan rule: User Controllable JavaScript Event (XSS)
6589 [ZAP-daemon] INFO  org.zaproxy.addon.pscan.internal.ScanRuleManager - Loaded passive scan rule: Off-site Redirect
6589 [ZAP-daemon] INFO  org.zaproxy.addon.pscan.internal.ScanRuleManager - Loaded passive scan rule: Username Hash Found
6590 [ZAP-daemon] INFO  org.zaproxy.addon.pscan.internal.ScanRuleManager - Loaded passive scan rule: Viewstate
6590 [ZAP-daemon] INFO  org.zaproxy.addon.pscan.internal.ScanRuleManager - Loaded passive scan rule: X-AspNet-Version Response Header
6590 [ZAP-daemon] INFO  org.zaproxy.addon.pscan.internal.ScanRuleManager - Loaded passive scan rule: X-Backend-Server Header Information Leak
6590 [ZAP-daemon] INFO  org.zaproxy.addon.pscan.internal.ScanRuleManager - Loaded passive scan rule: X-ChromeLogger-Data (XCOLD) Header Information Leak
6590 [ZAP-daemon] INFO  org.zaproxy.addon.pscan.internal.ScanRuleManager - Loaded passive scan rule: X-Content-Type-Options Header Missing
6590 [ZAP-daemon] INFO  org.zaproxy.addon.pscan.internal.ScanRuleManager - Loaded passive scan rule: X-Debug-Token Information Leak
6591 [ZAP-daemon] INFO  org.zaproxy.addon.pscan.internal.ScanRuleManager - Loaded passive scan rule: Server Leaks Information via "X-Powered-By" HTTP Response Header Field(s)
6591 [ZAP-daemon] INFO  org.zaproxy.addon.pscan.internal.ScanRuleManager - Loaded passive scan rule: ZAP is Out of Date
6594 [ZAP-daemon] INFO  org.zaproxy.addon.pscan.internal.ScanRuleManager - Loaded passive scan rule: Authentication Request Identified
6594 [ZAP-daemon] INFO  org.zaproxy.addon.pscan.internal.ScanRuleManager - Loaded passive scan rule: Session Management Response Identified
6594 [ZAP-daemon] INFO  org.zaproxy.addon.pscan.internal.ScanRuleManager - Loaded passive scan rule: Verification Request Identified
6596 [ZAP-daemon] INFO  org.zaproxy.addon.pscan.internal.ScanRuleManager - Loaded passive scan rule: Script Passive Scan Rules
6597 [ZAP-daemon] INFO  org.zaproxy.addon.pscan.internal.ScanRuleManager - Loaded passive scan rule: Stats Passive Scan Rule
6597 [ZAP-daemon] INFO  org.zaproxy.addon.network.ExtensionNetwork - Creating new root CA certificate.
7200 [ZAP-daemon] INFO  org.zaproxy.addon.network.ExtensionNetwork - New root CA certificate created.
28219 [ZAP-daemon] INFO  org.zaproxy.zap.extension.autoupdate.ExtensionAutoUpdate - There is/are 8 newer addons
55904 [ZAP-DownloadInstaller] INFO  org.zaproxy.zap.extension.autoupdate.ExtensionAutoUpdate - Installing new addon selenium v15.54.0
56507 [ZAP-DownloadInstaller] INFO  org.zaproxy.addon.pscan.internal.ScanRuleManager - Loaded passive scan rule: Authentication Request Identified
56507 [ZAP-DownloadInstaller] INFO  org.zaproxy.addon.pscan.internal.ScanRuleManager - Loaded passive scan rule: Session Management Response Identified
56507 [ZAP-DownloadInstaller] INFO  org.zaproxy.addon.pscan.internal.ScanRuleManager - Loaded passive scan rule: Verification Request Identified
56508 [ZAP-DownloadInstaller] INFO  org.zaproxy.zap.extension.autoupdate.ExtensionAutoUpdate - Finished installing new addon selenium v15.54.0
56515 [ZAP-DownloadInstaller] INFO  org.zaproxy.zap.extension.autoupdate.ExtensionAutoUpdate - Installing new addon soap v32.0.0
56533 [ZAP-DownloadInstaller] INFO  org.zaproxy.addon.pscan.internal.ScanRuleManager - Loaded passive scan rule: WSDL File Detection
56536 [ZAP-DownloadInstaller] INFO  org.zaproxy.zap.extension.autoupdate.ExtensionAutoUpdate - Finished installing new addon soap v32.0.0
56543 [ZAP-DownloadInstaller] INFO  org.zaproxy.zap.extension.autoupdate.ExtensionAutoUpdate - Installing new addon graphql v0.34.0
56558 [ZAP-DownloadInstaller] INFO  org.zaproxy.zap.extension.autoupdate.ExtensionAutoUpdate - Finished installing new addon graphql v0.34.0
56577 [ZAP-DownloadInstaller] INFO  org.zaproxy.zap.extension.autoupdate.ExtensionAutoUpdate - Installing new addon webdriverlinux v216.0.0
56830 [ZAP-DownloadInstaller] INFO  org.zaproxy.zap.extension.autoupdate.ExtensionAutoUpdate - Finished installing new addon webdriverlinux v216.0.0
56837 [ZAP-DownloadInstaller] INFO  org.zaproxy.zap.extension.autoupdate.ExtensionAutoUpdate - Installing new addon exim v0.22.0
56867 [ZAP-DownloadInstaller] INFO  org.zaproxy.zap.extension.autoupdate.ExtensionAutoUpdate - Finished installing new addon exim v0.22.0
56876 [ZAP-DownloadInstaller] INFO  org.zaproxy.zap.extension.autoupdate.ExtensionAutoUpdate - Installing new addon openapi v58.0.0
57005 [ZAP-DownloadInstaller] INFO  org.zaproxy.zap.extension.autoupdate.ExtensionAutoUpdate - Finished installing new addon openapi v58.0.0
57008 [ZAP-DownloadInstaller] INFO  org.zaproxy.zap.extension.autoupdate.ExtensionAutoUpdate - Installing new addon postman v0.10.0
57015 [ZAP-DownloadInstaller] INFO  org.zaproxy.zap.extension.autoupdate.ExtensionAutoUpdate - Finished installing new addon postman v0.10.0
57049 [ZAP-DownloadInstaller] INFO  org.zaproxy.zap.extension.autoupdate.ExtensionAutoUpdate - Installing new addon client v0.31.0
57161 [ZAP-DownloadInstaller] INFO  org.zaproxy.zap.extension.autoupdate.ExtensionAutoUpdate - Finished installing new addon client v0.31.0
57249 [ZAP-daemon] INFO  org.parosproxy.paros.CommandLine - Add-on downloaded to: /home/zap/.ZAP/plugin/postman-alpha-0.10.0.zap
57250 [ZAP-daemon] INFO  org.parosproxy.paros.CommandLine - Add-on downloaded to: /home/zap/.ZAP/plugin/exim-beta-0.22.0.zap
57250 [ZAP-daemon] INFO  org.parosproxy.paros.CommandLine - Add-on downloaded to: /home/zap/.ZAP/plugin/client-alpha-0.31.0.zap
57250 [ZAP-daemon] INFO  org.parosproxy.paros.CommandLine - Add-on downloaded to: /home/zap/.ZAP/plugin/soap-beta-32.zap
57250 [ZAP-daemon] INFO  org.parosproxy.paros.CommandLine - Add-on downloaded to: /home/zap/.ZAP/plugin/webdriverlinux-release-216.zap
57250 [ZAP-daemon] INFO  org.parosproxy.paros.CommandLine - Add-on downloaded to: /home/zap/.ZAP/plugin/graphql-alpha-0.34.0.zap
57250 [ZAP-daemon] INFO  org.parosproxy.paros.CommandLine - Add-on downloaded to: /home/zap/.ZAP/plugin/openapi-beta-58.zap
57250 [ZAP-daemon] INFO  org.parosproxy.paros.CommandLine - Add-on downloaded to: /home/zap/.ZAP/plugin/selenium-release-15.54.0.zap
57253 [ZAP-daemon] INFO  org.parosproxy.paros.CommandLine - Add-on downloaded to: /home/zap/.ZAP/plugin/postman-alpha-0.10.0.zap
57253 [ZAP-daemon] INFO  org.parosproxy.paros.CommandLine - Add-on downloaded to: /home/zap/.ZAP/plugin/exim-beta-0.22.0.zap
57253 [ZAP-daemon] INFO  org.parosproxy.paros.CommandLine - Add-on downloaded to: /home/zap/.ZAP/plugin/client-alpha-0.31.0.zap
57253 [ZAP-daemon] INFO  org.parosproxy.paros.CommandLine - Add-on downloaded to: /home/zap/.ZAP/plugin/soap-beta-32.zap
57253 [ZAP-daemon] INFO  org.parosproxy.paros.CommandLine - Add-on downloaded to: /home/zap/.ZAP/plugin/webdriverlinux-release-216.zap
57254 [ZAP-daemon] INFO  org.parosproxy.paros.CommandLine - Add-on downloaded to: /home/zap/.ZAP/plugin/graphql-alpha-0.34.0.zap
57254 [ZAP-daemon] INFO  org.parosproxy.paros.CommandLine - Add-on downloaded to: /home/zap/.ZAP/plugin/openapi-beta-58.zap
57254 [ZAP-daemon] INFO  org.parosproxy.paros.CommandLine - Add-on downloaded to: /home/zap/.ZAP/plugin/selenium-release-15.54.0.zap
57254 [ZAP-daemon] INFO  org.parosproxy.paros.CommandLine - Add-on update check complete
57258 [ZAP-daemon] INFO  org.parosproxy.paros.CommandLine - Downloading add-on from: https://github.com/zaproxy/zap-extensions/releases/download/pscanrulesBeta-v50/pscanrulesBeta-beta-50.zap
57262 [ZAP-daemon] INFO  org.parosproxy.paros.CommandLine - Downloading add-on from: https://github.com/zaproxy/zap-extensions/releases/download/ascanrulesBeta-v66/ascanrulesBeta-beta-66.zap
58265 [ZAP-DownloadInstaller] INFO  org.zaproxy.zap.extension.autoupdate.ExtensionAutoUpdate - Installing new addon pscanrulesBeta v50.0.0
58284 [ZAP-DownloadInstaller] INFO  org.zaproxy.addon.pscan.internal.ScanRuleManager - Loaded passive scan rule: Content Cacheability
58284 [ZAP-DownloadInstaller] INFO  org.zaproxy.addon.pscan.internal.ScanRuleManager - Loaded passive scan rule: Dangerous JS Functions
58284 [ZAP-DownloadInstaller] INFO  org.zaproxy.addon.pscan.internal.ScanRuleManager - Loaded passive scan rule: Permissions Policy Header Not Set
58284 [ZAP-DownloadInstaller] INFO  org.zaproxy.addon.pscan.internal.ScanRuleManager - Loaded passive scan rule: HTTP Parameter Override
58284 [ZAP-DownloadInstaller] INFO  org.zaproxy.addon.pscan.internal.ScanRuleManager - Loaded passive scan rule: Insufficient Site Isolation Against Spectre Vulnerability
58284 [ZAP-DownloadInstaller] INFO  org.zaproxy.addon.pscan.internal.ScanRuleManager - Loaded passive scan rule: Source Code Disclosure
58286 [ZAP-DownloadInstaller] INFO  org.zaproxy.zap.extension.autoupdate.ExtensionAutoUpdate - Finished installing new addon pscanrulesBeta v50.0.0
58288 [ZAP-DownloadInstaller] INFO  org.zaproxy.zap.extension.autoupdate.ExtensionAutoUpdate - Installing new addon ascanrulesBeta v66.0.0
58337 [ZAP-DownloadInstaller] INFO  org.zaproxy.zap.extension.autoupdate.ExtensionAutoUpdate - Finished installing new addon ascanrulesBeta v66.0.0
58463 [ZAP-daemon] INFO  org.parosproxy.paros.CommandLine - Add-on downloaded to: /home/zap/.ZAP/plugin/postman-alpha-0.10.0.zap
58464 [ZAP-daemon] INFO  org.parosproxy.paros.CommandLine - Add-on downloaded to: /home/zap/.ZAP/plugin/exim-beta-0.22.0.zap
58464 [ZAP-daemon] INFO  org.parosproxy.paros.CommandLine - Add-on downloaded to: /home/zap/.ZAP/plugin/client-alpha-0.31.0.zap
58464 [ZAP-daemon] INFO  org.parosproxy.paros.CommandLine - Add-on downloaded to: /home/zap/.ZAP/plugin/soap-beta-32.zap
58464 [ZAP-daemon] INFO  org.parosproxy.paros.CommandLine - Add-on downloaded to: /home/zap/.ZAP/plugin/webdriverlinux-release-216.zap
58465 [ZAP-daemon] INFO  org.parosproxy.paros.CommandLine - Add-on downloaded to: /home/zap/.ZAP/plugin/graphql-alpha-0.34.0.zap
58465 [ZAP-daemon] INFO  org.parosproxy.paros.CommandLine - Add-on downloaded to: /home/zap/.ZAP/plugin/openapi-beta-58.zap
58465 [ZAP-daemon] INFO  org.parosproxy.paros.CommandLine - Add-on downloaded to: /home/zap/.ZAP/plugin/selenium-release-15.54.0.zap
58465 [ZAP-daemon] INFO  org.parosproxy.paros.CommandLine - Add-on downloaded to: /home/zap/.ZAP/plugin/pscanrulesBeta-beta-50.zap
58465 [ZAP-daemon] INFO  org.parosproxy.paros.CommandLine - Add-on downloaded to: /home/zap/.ZAP/plugin/ascanrulesBeta-beta-66.zap
58485 [ZAP-daemon] INFO  org.zaproxy.addon.network.ExtensionNetwork - ZAP is now listening on 0.0.0.0:43158
ERROR <class 'TypeError'>
   ⚠️  ZAP produced no JSON

[4/4] Trivy → nodegoat-web:latest
2026-08-15T06:13:44Z	INFO	[vuln] Vulnerability scanning is enabled
2026-08-15T06:13:44Z	INFO	[secret] Secret scanning is enabled
2026-08-15T06:13:44Z	INFO	[secret] If your scanning is slow, please try '--scanners vuln' to disable secret scanning
2026-08-15T06:13:44Z	INFO	[secret] Please see https://trivy.dev/docs/v0.74/guide/scanner/secret#recommendation for faster secret detection
2026-08-15T06:13:44Z	INFO	Detected OS	family="alpine" version="3.15.4"
2026-08-15T06:13:44Z	INFO	[alpine] Detecting vulnerabilities...	os_version="3.15" repository="3.15" pkg_num=16
2026-08-15T06:13:44Z	INFO	Number of language-specific files	num=1
2026-08-15T06:13:44Z	INFO	[node-pkg] Detecting vulnerabilities...
2026-08-15T06:13:45Z	WARN	This OS version is no longer supported by the distribution	family="alpine" version="3.15.4"
2026-08-15T06:13:45Z	WARN	The vulnerability detection may be insufficient because security updates are not provided
   ✅ Trivy: 134 vulns
   📄 HTML report written: scan_reports_20260815_055822/nodegoat_trivy.html (134 findings)

===========================================================================
🔍 SCANNING: bwapp  (http://bwapp:80)
===========================================================================
ℹ️  Authenticated to bwapp via form

[1/4] Nuclei → bwapp

                     __     _
   ____  __  _______/ /__  (_)
  / __ \/ / / / ___/ / _ \/ /
 / / / / /_/ / /__/ /  __/ /
/_/ /_/\__,_/\___/_/\___/_/   v3.11.1

		projectdiscovery.io

[[34mINF[0m] Your current nuclei-templates  are outdated. Latest is v10.4.7
[[34mINF[0m] Successfully updated nuclei-templates (v10.4.7) to /root/nuclei-templates. GoodLuck!

Nuclei Templates v10.4.7 Changelog
┌───────┬───────┬──────────┬─────────┐
│ TOTAL │ ADDED │ MODIFIED │ REMOVED │
├───────┼───────┼──────────┼─────────┤
│ 2     │ 0     │ 2        │ 0       │
└───────┴───────┴──────────┴─────────┘
[[34mINF[0m] Current nuclei version: v3.11.1 ([92mlatest[0m)
[[34mINF[0m] Current nuclei-templates version: v10.4.7 ([92mlatest[0m)
[[34mINF[0m] New templates added in latest release: 122
[[34mINF[0m] Templates loaded for current scan: 10621
[[34mINF[0m] Executing 10621 signed templates from projectdiscovery/nuclei-templates
[[34mINF[0m] Targets loaded for current scan: 1
[[34mINF[0m] Templates clustered: 2467 (Reduced 2335 Requests)
[[34mINF[0m] Using Interactsh Server: oast.site
[[92mphpinfo-files[0m] [[94mhttp[0m] [[32mlow[0m] http://bwapp:80/phpinfo.php [[96m"5.5.9"[0m] [[93mpaths[0m=[93m"/phpinfo.php"[0m]
[[92mwaf-detect[0m:[1;92mapachegeneric[0m] [[94mhttp[0m] [[34minfo[0m] http://bwapp:80
[[92mmysql-info[0m] [[94mjavascript[0m] [[34minfo[0m] bwapp:3306 [[96m"Version: 5.5.47-0ubuntu0.14.04.1"[0m,[96m"Transport: tcp"[0m]
[[92mweb-config[0m] [[94mhttp[0m] [[34minfo[0m] http://bwapp:80/web.config
[[92mrobots-txt-endpoint[0m:[1;92mendpoints[0m] [[94mhttp[0m] [[34minfo[0m] http://bwapp:80/robots.txt [[96m"/admin/"[0m,[96m"/documents/"[0m,[96m"/images/"[0m,[96m"/passwords/"[0m]
[[92mhttp-missing-security-headers[0m:[1;92mcontent-security-policy[0m] [[94mhttp[0m] [[34minfo[0m] http://bwapp:80/login.php
[[92mhttp-missing-security-headers[0m:[1;92mpermissions-policy[0m] [[94mhttp[0m] [[34minfo[0m] http://bwapp:80/login.php
[[92mhttp-missing-security-headers[0m:[1;92mx-content-type-options[0m] [[94mhttp[0m] [[34minfo[0m] http://bwapp:80/login.php
[[92mhttp-missing-security-headers[0m:[1;92mreferrer-policy[0m] [[94mhttp[0m] [[34minfo[0m] http://bwapp:80/login.php
[[92mhttp-missing-security-headers[0m:[1;92mcross-origin-embedder-policy[0m] [[94mhttp[0m] [[34minfo[0m] http://bwapp:80/login.php
[[92mhttp-missing-security-headers[0m:[1;92mcross-origin-resource-policy[0m] [[94mhttp[0m] [[34minfo[0m] http://bwapp:80/login.php
[[92mhttp-missing-security-headers[0m:[1;92mstrict-transport-security[0m] [[94mhttp[0m] [[34minfo[0m] http://bwapp:80/login.php
[[92mhttp-missing-security-headers[0m:[1;92mx-frame-options[0m] [[94mhttp[0m] [[34minfo[0m] http://bwapp:80/login.php
[[92mhttp-missing-security-headers[0m:[1;92mx-permitted-cross-domain-policies[0m] [[94mhttp[0m] [[34minfo[0m] http://bwapp:80/login.php
[[92mhttp-missing-security-headers[0m:[1;92mcross-origin-opener-policy[0m] [[94mhttp[0m] [[34minfo[0m] http://bwapp:80/login.php
[[34mINF[0m] Skipped bwapp:5814 from target list as found unresponsive permanently: Get "https://bwapp:5814/autopass": cause="port closed or filtered" address=bwapp:5814 chain="connection refused"
[[92mrobots-txt[0m] [[94mhttp[0m] [[34minfo[0m] http://bwapp:80/robots.txt
🛑 Interrupted — cleaning up...
===========================================================================
🚀 FULL-POTENTIAL VULNERABILITY SCAN SUITE
   Mode: quick | Parallel: 0 | Resume: 1
===========================================================================
ℹ️  Reports: /mnt/c/Users/guest_pf20gqp/CTS/scan_reports_20260815_055822
ℹ️  Pre-flight checks passed
⏳ Waiting for targets...
   ✅ juice_shop is up
   ✅ nodegoat is up
   ✅ bwapp is up
===========================================================================
🔍 SCANNING: juice_shop  (http://juice-shop:3000)
===========================================================================
ℹ️  Authenticated to juice_shop via api

[1/4] Nuclei → juice_shop
   ⏭️  Skipping (resume — scan_reports_20260815_055822/juice_shop_nuclei.json exists)

[2/4] Wapiti → juice_shop
   ⏭️  Skipping (resume — scan_reports_20260815_055822/juice_shop_wapiti.json exists)

[3/4] OWASP ZAP (full/active) → juice_shop
2026-08-15 06:17:25,006 Failed to load context file /zap/wrk/juice_shop.context : does_not_exist
===========================================================================
🚀 FULL-POTENTIAL VULNERABILITY SCAN SUITE
   Mode: quick | Parallel: 0 | Resume: 1
===========================================================================
ℹ️  Reports: /mnt/c/Users/guest_pf20gqp/CTS/scan_reports_20260815_055822
ℹ️  Pre-flight checks passed
⏳ Waiting for targets...
⚠️  juice_shop not ready after 180s (scanning anyway)
   ✅ nodegoat is up
🛑 Interrupted — cleaning up...
===========================================================================
🚀 FULL-POTENTIAL VULNERABILITY SCAN SUITE
   Mode: quick | Parallel: 0 | Resume: 1
===========================================================================
ℹ️  Reports: /mnt/c/Users/guest_pf20gqp/CTS/scan_reports_20260815_055822
ℹ️  Pre-flight checks passed
⏳ Waiting for targets...
   ✅ juice_shop is up
   ✅ nodegoat is up
⚠️  bwapp not ready after 180s (scanning anyway)
===========================================================================
🔍 SCANNING: juice_shop  (http://juice-shop:3000)
===========================================================================
ℹ️  Authenticated to juice_shop via api

[1/4] Nuclei → juice_shop
   ⏭️  Skipping (resume — scan_reports_20260815_055822/juice_shop_nuclei.json exists)

[2/4] Wapiti → juice_shop
   ⏭️  Skipping (resume — scan_reports_20260815_055822/juice_shop_wapiti.json exists)

[3/4] OWASP ZAP (full/active) → juice_shop
Traceback (most recent call last):
  File "/zap/zap-full-scan.py", line 351, in main
    zap_spider(zap, target)
  File "/zap/zap_common.py", line 108, in _wrap
    return_data = func(*args_list, **kwargs)
                  ^^^^^^^^^^^^^^^^^^^^^^^^^^
  File "/zap/zap_common.py", line 429, in zap_spider
    raise_scan_not_started()
  File "/zap/zap_common.py", line 416, in raise_scan_not_started
    raise ScanNotStartedException('Failed to start the scan, check the log/output for more details.')
zap_common.ScanNotStartedException: Failed to start the scan, check the log/output for more details.
Found Java version 17.0.20
Available memory: 7558 MB
Using JVM args: -Xmx1889m
591 [main] INFO  org.parosproxy.paros.Constant - Copying default configuration to /home/zap/.ZAP/config.xml
743 [main] INFO  org.parosproxy.paros.Constant - Creating directory /home/zap/.ZAP/session
744 [main] INFO  org.parosproxy.paros.Constant - Creating directory /home/zap/.ZAP/dirbuster
745 [main] INFO  org.parosproxy.paros.Constant - Creating directory /home/zap/.ZAP/fuzzers
745 [main] INFO  org.parosproxy.paros.Constant - Creating directory /home/zap/.ZAP/plugin
853 [main] INFO  org.zaproxy.zap.DaemonBootstrap - ZAP 2.17.0 started 15/08/2026, 06:41:49 with home: /home/zap/.ZAP/ cores: 16 maxMemory: 1 GB
892 [main] INFO  org.parosproxy.paros.common.AbstractParam - Setting config database.recoverylog = false was null
893 [main] INFO  org.parosproxy.paros.common.AbstractParam - Setting config api.disablekey = true was null
894 [main] INFO  org.parosproxy.paros.common.AbstractParam - Setting config api.addrs.addr.name = .* was null
895 [main] INFO  org.parosproxy.paros.common.AbstractParam - Setting config api.addrs.addr.regex = true was null
895 [main] INFO  org.parosproxy.paros.common.AbstractParam - Setting config spider.maxDuration = 15 was null
895 [main] INFO  org.parosproxy.paros.common.AbstractParam - Setting config stats.pkg.fullscan-api = 1 was null
3009 [ZAP-daemon] INFO  org.zaproxy.zap.control.ExtensionFactory - Installed add-ons: [[id=alertFilters, version=27.0.0], [id=ascanrules, version=83.0.0], [id=authhelper, version=0.41.0], [id=automation, version=0.60.0], [id=bruteforce, version=21.0.0], [id=callhome, version=0.23.0], [id=client, version=0.30.0], [id=commonlib, version=1.43.0], [id=database, version=0.9.0], [id=diff, version=18.0.0], [id=directorylistv1, version=9.0.0], [id=domxss, version=24.0.0], [id=encoder, version=1.9.0], [id=exim, version=0.21.0], [id=formhandler, version=6.8.0], [id=fuzz, version=13.17.0], [id=gettingStarted, version=20.0.0], [id=graaljs, version=0.14.0], [id=graphql, version=0.33.0], [id=help, version=22.0.0], [id=hud, version=0.19.0], [id=insights, version=0.5.0], [id=invoke, version=17.0.0], [id=network, version=0.29.0], [id=oast, version=0.24.0], [id=onlineMenu, version=15.0.0], [id=openapi, version=57.0.0], [id=postman, version=0.9.0], [id=pscan, version=0.6.0], [id=pscanrules, version=75.0.0], [id=quickstart, version=59.0.0], [id=replacer, version=22.0.0], [id=reports, version=0.46.0], [id=requester, version=7.10.0], [id=retest, version=0.11.0], [id=retire, version=0.63.0], [id=reveal, version=10.0.0], [id=scanpolicies, version=0.8.0], [id=scripts, version=45.20.0], [id=selenium, version=15.53.0], [id=sequence, version=10.0.0], [id=soap, version=31.0.0], [id=spider, version=0.20.0], [id=spiderAjax, version=23.32.0], [id=tips, version=16.0.0], [id=webdriverlinux, version=215.0.0], [id=websocket, version=38.0.0], [id=zest, version=48.14.0]]
3010 [ZAP-daemon] INFO  org.zaproxy.zap.control.ExtensionFactory - Loading extensions
3568 [ZAP-daemon] INFO  org.zaproxy.addon.network.internal.TlsUtils - Using supported SSL/TLS protocols: [TLSv1.2, TLSv1.3]
3836 [ZAP-daemon] INFO  org.zaproxy.zap.control.ExtensionFactory - Extensions loaded
4073 [ZAP-daemon] INFO  org.flywaydb.core.FlywayExecutor - Database: jdbc:hsqldb:file:/home/zap/.ZAP/session/untitled1 (HSQL Database Engine 2.7)
4121 [ZAP-daemon] INFO  org.flywaydb.core.internal.schemahistory.JdbcTableSchemaHistory - Schema history table "PUBLIC"."SCRIPTS_FLYWAY_SCHEMA_HISTORY" does not exist yet
4124 [ZAP-daemon] INFO  org.flywaydb.core.internal.command.DbValidate - Successfully validated 1 migration (execution time 00:00.012s)
4132 [ZAP-daemon] INFO  org.flywaydb.core.internal.schemahistory.JdbcTableSchemaHistory - Creating Schema History table "PUBLIC"."SCRIPTS_FLYWAY_SCHEMA_HISTORY" with baseline ...
4188 [ZAP-daemon] INFO  org.flywaydb.core.internal.command.DbBaseline - Successfully baselined schema with version: 0
4209 [ZAP-daemon] INFO  org.flywaydb.core.internal.command.DbMigrate - Current version of schema "PUBLIC": 0
4233 [ZAP-daemon] INFO  org.flywaydb.core.internal.command.DbMigrate - Migrating schema "PUBLIC" to version "1 - Create scripts run tables"
4257 [ZAP-daemon] INFO  org.flywaydb.core.internal.command.DbMigrate - Successfully applied 1 migration to schema "PUBLIC", now at version v1 (execution time 00:00.006s)
4667 [ZAP-daemon] INFO  org.flywaydb.core.FlywayExecutor - Database: jdbc:hsqldb:file:/home/zap/.ZAP/session/untitled1 (HSQL Database Engine 2.7)
4678 [ZAP-daemon] INFO  org.flywaydb.core.internal.schemahistory.JdbcTableSchemaHistory - Schema history table "PUBLIC"."CLIENT_FLYWAY_SCHEMA_HISTORY" does not exist yet
4678 [ZAP-daemon] INFO  org.flywaydb.core.internal.command.DbValidate - Successfully validated 1 migration (execution time 00:00.003s)
4682 [ZAP-daemon] INFO  org.flywaydb.core.internal.schemahistory.JdbcTableSchemaHistory - Creating Schema History table "PUBLIC"."CLIENT_FLYWAY_SCHEMA_HISTORY" with baseline ...
4690 [ZAP-daemon] INFO  org.flywaydb.core.internal.command.DbBaseline - Successfully baselined schema with version: 0
4695 [ZAP-daemon] INFO  org.flywaydb.core.internal.command.DbMigrate - Current version of schema "PUBLIC": 0
4700 [ZAP-daemon] INFO  org.flywaydb.core.internal.command.DbMigrate - Migrating schema "PUBLIC" to version "1 - Create history table"
4707 [ZAP-daemon] INFO  org.flywaydb.core.internal.command.DbMigrate - Successfully applied 1 migration to schema "PUBLIC", now at version v1 (execution time 00:00.002s)
5407 [ZAP-daemon] INFO  org.parosproxy.paros.extension.ExtensionLoader - Initializing Auto-update Extension - Allows ZAP to check for updates
5409 [ZAP-daemon] INFO  org.parosproxy.paros.extension.ExtensionLoader - Initializing Options Extension - Options Extension
5409 [ZAP-daemon] INFO  org.parosproxy.paros.extension.ExtensionLoader - Initializing Edit Menu Extension - Edit Menu Extension
5409 [ZAP-daemon] INFO  org.parosproxy.paros.extension.ExtensionLoader - Initializing API Extension - Provides a rest based API for controlling and accessing ZAP
5415 [ZAP-daemon] INFO  org.parosproxy.paros.extension.ExtensionLoader - Initializing History Extension - History Extension
5415 [ZAP-daemon] INFO  org.parosproxy.paros.extension.ExtensionLoader - Initializing ExtensionReveal - Show hidden fields and enable disabled fields
5416 [ZAP-daemon] INFO  org.parosproxy.paros.extension.ExtensionLoader - Initializing Search Extension - Search messages for strings and regular expressions
5417 [ZAP-daemon] INFO  org.parosproxy.paros.extension.ExtensionLoader - Initializing Breakpoint Extension - Allows you to intercept and modify requests and responses
5418 [ZAP-daemon] INFO  org.parosproxy.paros.extension.ExtensionLoader - Initializing Passive Scan Extension - Passive scanner
5418 [ZAP-daemon] INFO  org.parosproxy.paros.extension.ExtensionLoader - Initializing Alerts Extension - Allows you to view and manage alerts
5419 [ZAP-daemon] INFO  org.parosproxy.paros.extension.ExtensionLoader - Initializing Active Scan Extension - Active scanner, heavily based on the original Paros active scanner, but with additional tests added
5424 [ZAP-daemon] INFO  org.parosproxy.paros.extension.ExtensionLoader - Initializing ExtensionSequence - ExtensionSequence
5424 [ZAP-daemon] INFO  org.parosproxy.paros.extension.ExtensionLoader - Initializing Standard Menus Extension - A set of common popup menus for miscellaneous tasks
5425 [ZAP-daemon] INFO  org.parosproxy.paros.extension.ExtensionLoader - Initializing ExtensionBruteForce - Forced browsing of files and directories using code from the OWASP DirBuster tool
5426 [ZAP-daemon] INFO  org.parosproxy.paros.extension.ExtensionLoader - Initializing Compare Extension - Compares 2 sessions and generates an HTML file showing the differences
5426 [ZAP-daemon] INFO  org.parosproxy.paros.extension.ExtensionLoader - Initializing ExtensionInvoke - Invoke external applications passing context related information such as URLs and parameters
5426 [ZAP-daemon] INFO  org.parosproxy.paros.extension.ExtensionLoader - Initializing Anti-CSRF Extension - Handles anti cross site request forgery (CSRF) tokens
5429 [ZAP-daemon] INFO  org.parosproxy.paros.extension.ExtensionLoader - Initializing Authentication Extension - Authentication Extension
5433 [ZAP-daemon] INFO  org.zaproxy.zap.extension.authentication.ExtensionAuthentication - Loaded authentication method types: [Form-based Authentication, HTTP/NTLM Authentication, Manual Authentication, Script-based Authentication, JSON-based Authentication]
5433 [ZAP-daemon] INFO  org.parosproxy.paros.extension.ExtensionLoader - Initializing Users Extension - Users Extension
5434 [ZAP-daemon] INFO  org.parosproxy.paros.extension.ExtensionLoader - Initializing Parameters Extension - Summarise and analyse FORM and URL parameters as well as cookies
5434 [ZAP-daemon] INFO  org.parosproxy.paros.extension.ExtensionLoader - Initializing Script Extension - Script integration
5437 [ZAP-daemon] INFO  org.parosproxy.paros.extension.ExtensionLoader - Initializing ExtensionScripts - Scripting console, supports all JSR 223 scripting languages
5443 [ZAP-daemon] INFO  org.parosproxy.paros.extension.ExtensionLoader - Initializing Forced User Extension - Forced User Extension
5444 [ZAP-daemon] INFO  org.parosproxy.paros.extension.ExtensionLoader - Initializing HTTP Sessions Extension - Extension handling HTTP sessions
5444 [ZAP-daemon] INFO  org.parosproxy.paros.extension.ExtensionLoader - Initializing ExtensionZest - Zest is a specialized scripting language, originally, from Mozilla specifically designed to be used in security tools
5516 [ZAP-daemon] INFO  org.parosproxy.paros.extension.ExtensionLoader - Initializing ExtensionDiff - ExtensionDiff
5517 [ZAP-daemon] INFO  org.parosproxy.paros.extension.ExtensionLoader - Initializing HTTP Panel Post Table View Extension - HTTP Panel Post Table View Extension
5517 [ZAP-daemon] INFO  org.parosproxy.paros.extension.ExtensionLoader - Initializing Encoder Addon - Adds support for scriptable encoders to ZAP.
5517 [ZAP-daemon] INFO  org.parosproxy.paros.extension.ExtensionLoader - Initializing Session Management Extension - Session Management Extension
5519 [ZAP-daemon] INFO  org.zaproxy.zap.extension.sessions.ExtensionSessionManagement - Loaded session management method types: [Cookie-based Session Management, HTTP Authentication Session Management, Script-based Session Management]
5519 [ZAP-daemon] INFO  org.parosproxy.paros.extension.ExtensionLoader - Initializing HTTP Panel Form Table View Extension - HTTP Panel Form Table View Extension
5520 [ZAP-daemon] INFO  org.parosproxy.paros.extension.ExtensionLoader - Initializing WebSockets Support - Capture messages from WebSockets with the ability to set breakpoints.
5529 [ZAP-daemon] INFO  org.parosproxy.paros.extension.ExtensionLoader - Initializing SOAP/WSDL Support - Allows you to import a WSDL file containing operations which ZAP will access, adding them to the Sites tree.
5530 [ZAP-daemon] INFO  org.parosproxy.paros.extension.ExtensionLoader - Initializing Core UI Extension - Core UI related functionality.
5530 [ZAP-daemon] INFO  org.parosproxy.paros.extension.ExtensionLoader - Initializing Authorization Extension - Authorization Extension
5530 [ZAP-daemon] INFO  org.parosproxy.paros.extension.ExtensionLoader - Initializing Requester - Allows to manually edit and send messages.
5532 [ZAP-daemon] INFO  org.parosproxy.paros.extension.ExtensionLoader - Initializing AJAX Spider - AJAX Spider, uses Crawljax
5535 [ZAP-daemon] INFO  org.parosproxy.paros.extension.ExtensionLoader - Initializing WebDriver Provider - Provides WebDrivers to control several browsers using Selenium and includes HtmlUnit browser.
5549 [ZAP-daemon] INFO  org.parosproxy.paros.extension.ExtensionLoader - Initializing ExtensionClientIntegration - Client Side Integration
5554 [ZAP-daemon] INFO  org.parosproxy.paros.extension.ExtensionLoader - Initializing Refresh Sites Tree Extension - Adds menu item to refresh the Sites tree
5554 [ZAP-daemon] INFO  org.parosproxy.paros.extension.ExtensionLoader - Initializing Help Extension - ZAP User Guide
5555 [ZAP-daemon] INFO  org.parosproxy.paros.extension.ExtensionLoader - Initializing Call Home - Handles all of the calls to ZAP services
5555 [ZAP-daemon] INFO  org.parosproxy.paros.extension.ExtensionLoader - Initializing Network Extension - Provides core networking capabilities.
5578 [ZAP-daemon] INFO  org.zaproxy.addon.network.ConnectionOptions - Unsafe SSL/TLS renegotiation disabled.
5580 [ZAP-daemon] INFO  org.parosproxy.paros.extension.ExtensionLoader - Initializing Extension Configuration Extension - Allows you to configure which extensions are loaded when ZAP starts
5580 [ZAP-daemon] INFO  org.parosproxy.paros.extension.ExtensionLoader - Initializing Combined HTTP Panels Extension - Combined HTTP Panels Extension
5580 [ZAP-daemon] INFO  org.parosproxy.paros.extension.ExtensionLoader - Initializing HTTP Panel Hex View Extension - HTTP Panel Hex View Extension
5580 [ZAP-daemon] INFO  org.parosproxy.paros.extension.ExtensionLoader - Initializing HTTP Panel Image View Extension - HTTP Panel Image View Extension
5580 [ZAP-daemon] INFO  org.parosproxy.paros.extension.ExtensionLoader - Initializing HTTP Panel Query Table View Extension - HTTP Panel Query Table View Extension
5580 [ZAP-daemon] INFO  org.parosproxy.paros.extension.ExtensionLoader - Initializing HTTP Panel Syntax Highlighter View Extension - HTTP Panel Syntax Highlighter View Extension
5581 [ZAP-daemon] INFO  org.parosproxy.paros.extension.ExtensionLoader - Initializing Keyboard Configuration Extension - Adds support for configurable keyboard shortcuts for all of the ZAP menus.
5581 [ZAP-daemon] INFO  org.parosproxy.paros.extension.ExtensionLoader - Initializing Scanner Rule Configuration Extension - Active and passive rule configuration
5581 [ZAP-daemon] INFO  org.parosproxy.paros.extension.ExtensionLoader - Initializing Statistics Extension - Statistics
5582 [ZAP-daemon] INFO  org.zaproxy.zap.extension.stats.ExtensionStats - Start recording in memory stats
5582 [ZAP-daemon] INFO  org.parosproxy.paros.extension.ExtensionLoader - Initializing Custom Pages Extension - Custom Pages Definition
5582 [ZAP-daemon] INFO  org.parosproxy.paros.extension.ExtensionLoader - Initializing SOAP Automation - SOAP Automation Framework Integration
5583 [ZAP-daemon] INFO  org.parosproxy.paros.extension.ExtensionLoader - Initializing SOAP Spider - SOAP Spider Integration
5584 [ZAP-daemon] INFO  org.parosproxy.paros.extension.ExtensionLoader - Initializing Retest - Facilitates the verification of presence/absence of certain alerts.
5585 [ZAP-daemon] INFO  org.parosproxy.paros.extension.ExtensionLoader - Initializing Spider Extension - Spider used for automatically finding URIs on a site.
5622 [ZAP-daemon] INFO  org.parosproxy.paros.extension.ExtensionLoader - Initializing Spider Automation - Spider Automation Integration
5624 [ZAP-daemon] INFO  org.parosproxy.paros.extension.ExtensionLoader - Initializing ExtensionDomXSS - DOM XSS Active Scan Rule
5667 [ZAP-daemon] INFO  org.parosproxy.paros.extension.ExtensionLoader - Initializing ExtensionGettingStarted - The ZAP Getting Started Guide
5668 [ZAP-daemon] INFO  org.parosproxy.paros.extension.ExtensionLoader - Initializing Common Library - A library of shared functionality
5668 [ZAP-daemon] INFO  org.parosproxy.paros.extension.ExtensionLoader - Initializing ExtensionAlertFilters - Context alert rules filter
5670 [ZAP-daemon] INFO  org.parosproxy.paros.extension.ExtensionLoader - Initializing Alert Filters Automation - Alert Filters Automation Framework Integration
5671 [ZAP-daemon] INFO  org.parosproxy.paros.extension.ExtensionLoader - Initializing Postman Import - Allows you to spider and import Postman collections
5672 [ZAP-daemon] INFO  org.parosproxy.paros.extension.ExtensionLoader - Initializing Postman Automation - Postman Automation Framework Integration
5672 [ZAP-daemon] INFO  org.parosproxy.paros.extension.ExtensionLoader - Initializing ExtensionGraphQl - Allows you to inspect and attack GraphQL endpoints.
5675 [ZAP-daemon] INFO  org.parosproxy.paros.extension.ExtensionLoader - Initializing GraphQL Automation - GraphQL Automation Framework Integration
5676 [ZAP-daemon] INFO  org.parosproxy.paros.extension.ExtensionLoader - Initializing GraphQL Spider - GraphQL Spider Integration
5677 [ZAP-daemon] INFO  org.parosproxy.paros.extension.ExtensionLoader - Initializing WebSocket Fuzzer - Allows to fuzz WebSocket messages.
5677 [ZAP-daemon] INFO  org.parosproxy.paros.extension.ExtensionLoader - Initializing WebSocket Message Editor - Provides the WebSocket Message Editor dialogues.
5677 [ZAP-daemon] INFO  org.parosproxy.paros.extension.ExtensionLoader - Initializing Retire.js - Retire.js
5679 [ZAP-daemon] INFO  org.zaproxy.addon.pscan.internal.ScanRuleManager - Loaded passive scan rule: Vulnerable JS Library (Powered by Retire.js)
5679 [ZAP-daemon] INFO  org.parosproxy.paros.extension.ExtensionLoader - Initializing Automation Framework - Provides functionality to simplify using ZAP in an automated manner
5680 [ZAP-daemon] INFO  org.parosproxy.paros.extension.ExtensionLoader - Initializing Advance Fuzzer - Provides the foundation for concrete message types (for example, HTTP, WebSockets) expose fuzzer implementations.
5681 [ZAP-daemon] INFO  org.parosproxy.paros.extension.ExtensionLoader - Initializing HTTP Fuzzer - Allows to fuzz HTTP messages.
5681 [ZAP-daemon] INFO  org.parosproxy.paros.extension.ExtensionLoader - Initializing Out-of-band Application Security Testing - Adds Out-of-band Application Security Testing functionality.
5685 [ZAP-daemon] INFO  org.parosproxy.paros.extension.ExtensionLoader - Initializing OAST Scripts - Adds OAST scripts.
5685 [ZAP-daemon] INFO  org.parosproxy.paros.extension.ExtensionLoader - Initializing Report Generator - Templated and themed report generation functionality
5686 [ZAP-daemon] INFO  org.parosproxy.paros.extension.ExtensionLoader - Initializing Report Generation Automation Integration - Report Generation Automation Integration
5687 [ZAP-daemon] INFO  org.parosproxy.paros.extension.ExtensionLoader - Initializing Quick Start panel  - Adds the Quick Start panel for scanning and exploring applications
5689 [ZAP-daemon] INFO  org.parosproxy.paros.extension.ExtensionLoader - Initializing Quick Start Ajax Spider integration - Add the option to use the Ajax Spider in the Quick Start scan
5689 [ZAP-daemon] INFO  org.parosproxy.paros.extension.ExtensionLoader - Initializing Quick Start Client Spider Integration - Provides the option to use the Client Spider when running a quick scan
5689 [ZAP-daemon] INFO  org.parosproxy.paros.extension.ExtensionLoader - Initializing Quick Start HUD Integration - HUD integration for the quick start panel
5689 [ZAP-daemon] INFO  org.parosproxy.paros.extension.ExtensionLoader - Initializing Quick Start Browser Launcher - Launch browsers preset proxying through ZAP
5690 [ZAP-daemon] INFO  org.parosproxy.paros.extension.ExtensionLoader - Initializing Quick Start Spider Integration - Adds the option to use the traditional Spider in the Quick Start scan.
5690 [ZAP-daemon] INFO  org.parosproxy.paros.extension.ExtensionLoader - Initializing Database Extension - Provides databases and persistence capabilities.
5691 [ZAP-daemon] INFO  org.parosproxy.paros.extension.ExtensionLoader - Initializing OpenAPI Import - Allows you to spider and import OpenAPI (Swagger) definitions 
5692 [ZAP-daemon] INFO  org.parosproxy.paros.extension.ExtensionLoader - Initializing OpenAPI Automation - OpenAPI Automation Framework Integration
5693 [ZAP-daemon] INFO  org.parosproxy.paros.extension.ExtensionLoader - Initializing OpenAPI Scripts - Adds scripts relevant to OpenAPI specifications.
5693 [ZAP-daemon] INFO  org.parosproxy.paros.extension.ExtensionLoader - Initializing OpenAPI Spider - OpenAPI Spider Integration
5694 [ZAP-daemon] INFO  org.parosproxy.paros.extension.ExtensionLoader - Initializing Passive Scan Rules - Release status passive scan rules.
5695 [ZAP-daemon] INFO  org.parosproxy.paros.extension.ExtensionLoader - Initializing Import/Export - Import and Export functionality supporting multiple formats.
5696 [ZAP-daemon] INFO  org.parosproxy.paros.extension.ExtensionLoader - Initializing Import/Export Automation - Import/Export Automation Framework Integration
5698 [ZAP-daemon] INFO  org.parosproxy.paros.extension.ExtensionLoader - Initializing ExtensionTipsAndTricks - Tips and Tricks
5699 [ZAP-daemon] INFO  org.parosproxy.paros.extension.ExtensionLoader - Initializing Passive Scanner Extension - Provides core passive scanning capabilities.
5711 [ZAP-daemon] INFO  org.parosproxy.paros.extension.ExtensionLoader - Initializing Passive Scanner Automation Framework Extension - Provides jobs and result data related to the passive scanner.
5712 [ZAP-daemon] INFO  org.parosproxy.paros.extension.ExtensionLoader - Initializing Sequence Automation - Sequence Automation Framework Integration
5715 [ZAP-daemon] INFO  org.parosproxy.paros.extension.ExtensionLoader - Initializing Authentication Helper - Authentication Helper
5716 [ZAP-daemon] INFO  org.parosproxy.paros.extension.ExtensionLoader - Initializing Authentication Helper Automation - Authentication Helper Automation Framework Integration
5718 [ZAP-daemon] INFO  org.parosproxy.paros.extension.ExtensionLoader - Initializing Client Spider Browser Based Authentication Support - Enables browser based authentication when performing an authenticated Client Spider scan.
5719 [ZAP-daemon] INFO  org.parosproxy.paros.extension.ExtensionLoader - Initializing Authentication Helper Reports - Authentication Helper Reports
5720 [ZAP-daemon] INFO  org.parosproxy.paros.extension.ExtensionLoader - Initializing AJAX Spider Browser Based Authentication Support - Enables browser based authentication when performing an authenticated AJAX Spider scan.
5720 [ZAP-daemon] INFO  org.parosproxy.paros.extension.ExtensionLoader - Initializing Client Spider Automation - Client Spider Automation Framework Integration
5721 [ZAP-daemon] INFO  org.parosproxy.paros.extension.ExtensionLoader - Initializing Client Map Import/Export - Client Map export support for Import/Export.
5722 [ZAP-daemon] INFO  org.parosproxy.paros.extension.ExtensionLoader - Initializing Client Zest Script Recording Support - Allows recording client events as Zest scripts.
5722 [ZAP-daemon] INFO  org.parosproxy.paros.extension.ExtensionLoader - Initializing Ajax Spider Automation - Ajax Spider Automation Framework Integration
5724 [ZAP-daemon] INFO  org.parosproxy.paros.extension.ExtensionLoader - Initializing Active Scan Rules - Release status active scan rules
5724 [ZAP-daemon] INFO  org.parosproxy.paros.extension.ExtensionLoader - Initializing Scripts Automation Framework Integration - Scripts Automation
5728 [ZAP-daemon] INFO  org.parosproxy.paros.extension.ExtensionLoader - Initializing Script Console Report Data - Supplies script data to reports when the session database contains recorded output.
5729 [ZAP-daemon] INFO  org.parosproxy.paros.extension.ExtensionLoader - Initializing ExtensionFormHandler - This extension allows a user to change the default values used for generated content (e.g. spiders, importers).
5730 [ZAP-daemon] INFO  org.parosproxy.paros.extension.ExtensionLoader - Initializing GraalVM JavaScript Engine Extension - Provides the GraalVM JavaScript engine for ZAP scripting.
5741 [ZAP-daemon] INFO  org.parosproxy.paros.extension.ExtensionLoader - Initializing Zest Import/Export - Zest script export and import support for Import/Export.
5741 [ZAP-daemon] INFO  org.parosproxy.paros.extension.ExtensionLoader - Initializing ExtensionOnlineMenu - The Online menu links
5742 [ZAP-daemon] INFO  org.parosproxy.paros.extension.ExtensionLoader - Initializing ExtensionInsights - Insights Extension
5742 [ZAP-daemon] INFO  org.parosproxy.paros.extension.ExtensionLoader - Initializing Alert Filters Automation - Alert Filters Automation Framework Integration
5743 [ZAP-daemon] INFO  org.parosproxy.paros.extension.ExtensionLoader - Initializing Insights Reports Extension - Adds Insights to the report data
5744 [ZAP-daemon] INFO  org.parosproxy.paros.extension.ExtensionLoader - Initializing Match and Replace - Easy way to replace strings in requests and responses
5745 [ZAP-daemon] INFO  org.parosproxy.paros.extension.ExtensionLoader - Initializing Replacer Automation - Replacer Automation Framework Integration
5746 [ZAP-daemon] INFO  org.parosproxy.paros.extension.ExtensionLoader - Initializing ExtensionHUD - Heads Up Display
5919 [ZAP-daemon] INFO  org.parosproxy.paros.extension.ExtensionLoader - Initializing ExtensionHUDlaunch - ExtensionHUDlaunch
6122 [ZAP-daemon] INFO  org.zaproxy.addon.oast.services.callback.CallbackService - Started callback service on 0.0.0.0:36303
7316 [ZAP-daemon] INFO  org.zaproxy.addon.pscan.internal.ScanRuleManager - Loaded passive scan rule: WSDL File Detection
7343 [ZAP-daemon] INFO  org.zaproxy.addon.pscan.internal.ScanRuleManager - Loaded passive scan rule: Anti-clickjacking Header
7344 [ZAP-daemon] INFO  org.zaproxy.addon.pscan.internal.ScanRuleManager - Loaded passive scan rule: Application Error Disclosure
7344 [ZAP-daemon] INFO  org.zaproxy.addon.pscan.internal.ScanRuleManager - Loaded passive scan rule: Big Redirect Detected (Potential Sensitive Information Leak)
7344 [ZAP-daemon] INFO  org.zaproxy.addon.pscan.internal.ScanRuleManager - Loaded passive scan rule: Re-examine Cache-control Directives
7344 [ZAP-daemon] INFO  org.zaproxy.addon.pscan.internal.ScanRuleManager - Loaded passive scan rule: Charset Mismatch
7344 [ZAP-daemon] INFO  org.zaproxy.addon.pscan.internal.ScanRuleManager - Loaded passive scan rule: Content Security Policy (CSP) Header Not Set
7344 [ZAP-daemon] INFO  org.zaproxy.addon.pscan.internal.ScanRuleManager - Loaded passive scan rule: CSP
7345 [ZAP-daemon] INFO  org.zaproxy.addon.pscan.internal.ScanRuleManager - Loaded passive scan rule: Content-Type Header Missing
7345 [ZAP-daemon] INFO  org.zaproxy.addon.pscan.internal.ScanRuleManager - Loaded passive scan rule: Cookie No HttpOnly Flag
7345 [ZAP-daemon] INFO  org.zaproxy.addon.pscan.internal.ScanRuleManager - Loaded passive scan rule: Loosely Scoped Cookie
7345 [ZAP-daemon] INFO  org.zaproxy.addon.pscan.internal.ScanRuleManager - Loaded passive scan rule: Cookie without SameSite Attribute
7345 [ZAP-daemon] INFO  org.zaproxy.addon.pscan.internal.ScanRuleManager - Loaded passive scan rule: Cookie Without Secure Flag
7345 [ZAP-daemon] INFO  org.zaproxy.addon.pscan.internal.ScanRuleManager - Loaded passive scan rule: Cross-Domain Misconfiguration
7345 [ZAP-daemon] INFO  org.zaproxy.addon.pscan.internal.ScanRuleManager - Loaded passive scan rule: Cross-Domain JavaScript Source File Inclusion
7346 [ZAP-daemon] INFO  org.zaproxy.addon.pscan.internal.ScanRuleManager - Loaded passive scan rule: Absence of Anti-CSRF Tokens
7346 [ZAP-daemon] INFO  org.zaproxy.addon.pscan.internal.ScanRuleManager - Loaded passive scan rule: Directory Browsing
7346 [ZAP-daemon] INFO  org.zaproxy.addon.pscan.internal.ScanRuleManager - Loaded passive scan rule: Hash Disclosure
7346 [ZAP-daemon] INFO  org.zaproxy.addon.pscan.internal.ScanRuleManager - Loaded passive scan rule: Heartbleed OpenSSL Vulnerability (Indicative)
7346 [ZAP-daemon] INFO  org.zaproxy.addon.pscan.internal.ScanRuleManager - Loaded passive scan rule: In Page Banner Information Leak
7346 [ZAP-daemon] INFO  org.zaproxy.addon.pscan.internal.ScanRuleManager - Loaded passive scan rule: Private IP Disclosure
7346 [ZAP-daemon] INFO  org.zaproxy.addon.pscan.internal.ScanRuleManager - Loaded passive scan rule: Session ID in URL Rewrite
7346 [ZAP-daemon] INFO  org.zaproxy.addon.pscan.internal.ScanRuleManager - Loaded passive scan rule: Information Disclosure - Debug Error Messages
7346 [ZAP-daemon] INFO  org.zaproxy.addon.pscan.internal.ScanRuleManager - Loaded passive scan rule: Information Disclosure - Sensitive Information in URL
7347 [ZAP-daemon] INFO  org.zaproxy.addon.pscan.internal.ScanRuleManager - Loaded passive scan rule: Information Disclosure - Sensitive Information in HTTP Referrer Header
7347 [ZAP-daemon] INFO  org.zaproxy.addon.pscan.internal.ScanRuleManager - Loaded passive scan rule: Information Disclosure - Suspicious Comments
7347 [ZAP-daemon] INFO  org.zaproxy.addon.pscan.internal.ScanRuleManager - Loaded passive scan rule: Weak Authentication Method
7347 [ZAP-daemon] INFO  org.zaproxy.addon.pscan.internal.ScanRuleManager - Loaded passive scan rule: HTTP to HTTPS Insecure Transition in Form Post
7347 [ZAP-daemon] INFO  org.zaproxy.addon.pscan.internal.ScanRuleManager - Loaded passive scan rule: HTTPS to HTTP Insecure Transition in Form Post
7347 [ZAP-daemon] INFO  org.zaproxy.addon.pscan.internal.ScanRuleManager - Loaded passive scan rule: Insecure JSF ViewState
7347 [ZAP-daemon] INFO  org.zaproxy.addon.pscan.internal.ScanRuleManager - Loaded passive scan rule: Java Serialization Object
7347 [ZAP-daemon] INFO  org.zaproxy.addon.pscan.internal.ScanRuleManager - Loaded passive scan rule: Reverse Tabnabbing
7347 [ZAP-daemon] INFO  org.zaproxy.addon.pscan.internal.ScanRuleManager - Loaded passive scan rule: Secure Pages Include Mixed Content
7347 [ZAP-daemon] INFO  org.zaproxy.addon.pscan.internal.ScanRuleManager - Loaded passive scan rule: Modern Web Application
7348 [ZAP-daemon] INFO  org.zaproxy.addon.pscan.internal.ScanRuleManager - Loaded passive scan rule: PII Disclosure
7348 [ZAP-daemon] INFO  org.zaproxy.addon.pscan.internal.ScanRuleManager - Loaded passive scan rule: Script Served From Malicious Domain (polyfill)
7349 [ZAP-daemon] INFO  org.zaproxy.addon.pscan.internal.ScanRuleManager - Loaded passive scan rule: Retrieved from Cache
7349 [ZAP-daemon] INFO  org.zaproxy.addon.pscan.internal.ScanRuleManager - Loaded passive scan rule: HTTP Server Response Header
7349 [ZAP-daemon] INFO  org.zaproxy.addon.pscan.internal.ScanRuleManager - Loaded passive scan rule: Strict-Transport-Security Header
7349 [ZAP-daemon] INFO  org.zaproxy.addon.pscan.internal.ScanRuleManager - Loaded passive scan rule: Sub Resource Integrity Attribute Missing
7349 [ZAP-daemon] INFO  org.zaproxy.addon.pscan.internal.ScanRuleManager - Loaded passive scan rule: Timestamp Disclosure
7349 [ZAP-daemon] INFO  org.zaproxy.addon.pscan.internal.ScanRuleManager - Loaded passive scan rule: User Controllable Charset
7349 [ZAP-daemon] INFO  org.zaproxy.addon.pscan.internal.ScanRuleManager - Loaded passive scan rule: Cookie Poisoning
7349 [ZAP-daemon] INFO  org.zaproxy.addon.pscan.internal.ScanRuleManager - Loaded passive scan rule: User Controllable HTML Element Attribute (Potential XSS)
7349 [ZAP-daemon] INFO  org.zaproxy.addon.pscan.internal.ScanRuleManager - Loaded passive scan rule: User Controllable JavaScript Event (XSS)
7349 [ZAP-daemon] INFO  org.zaproxy.addon.pscan.internal.ScanRuleManager - Loaded passive scan rule: Off-site Redirect
7349 [ZAP-daemon] INFO  org.zaproxy.addon.pscan.internal.ScanRuleManager - Loaded passive scan rule: Username Hash Found
7349 [ZAP-daemon] INFO  org.zaproxy.addon.pscan.internal.ScanRuleManager - Loaded passive scan rule: Viewstate
7350 [ZAP-daemon] INFO  org.zaproxy.addon.pscan.internal.ScanRuleManager - Loaded passive scan rule: X-AspNet-Version Response Header
7350 [ZAP-daemon] INFO  org.zaproxy.addon.pscan.internal.ScanRuleManager - Loaded passive scan rule: X-Backend-Server Header Information Leak
7350 [ZAP-daemon] INFO  org.zaproxy.addon.pscan.internal.ScanRuleManager - Loaded passive scan rule: X-ChromeLogger-Data (XCOLD) Header Information Leak
7350 [ZAP-daemon] INFO  org.zaproxy.addon.pscan.internal.ScanRuleManager - Loaded passive scan rule: X-Content-Type-Options Header Missing
7350 [ZAP-daemon] INFO  org.zaproxy.addon.pscan.internal.ScanRuleManager - Loaded passive scan rule: X-Debug-Token Information Leak
7350 [ZAP-daemon] INFO  org.zaproxy.addon.pscan.internal.ScanRuleManager - Loaded passive scan rule: Server Leaks Information via "X-Powered-By" HTTP Response Header Field(s)
7350 [ZAP-daemon] INFO  org.zaproxy.addon.pscan.internal.ScanRuleManager - Loaded passive scan rule: ZAP is Out of Date
7352 [ZAP-daemon] INFO  org.zaproxy.addon.pscan.internal.ScanRuleManager - Loaded passive scan rule: Authentication Request Identified
7352 [ZAP-daemon] INFO  org.zaproxy.addon.pscan.internal.ScanRuleManager - Loaded passive scan rule: Session Management Response Identified
7353 [ZAP-daemon] INFO  org.zaproxy.addon.pscan.internal.ScanRuleManager - Loaded passive scan rule: Verification Request Identified
7353 [ZAP-daemon] INFO  org.zaproxy.addon.pscan.internal.ScanRuleManager - Loaded passive scan rule: Script Passive Scan Rules
7354 [ZAP-daemon] INFO  org.zaproxy.addon.pscan.internal.ScanRuleManager - Loaded passive scan rule: Stats Passive Scan Rule
7354 [ZAP-daemon] INFO  org.zaproxy.addon.network.ExtensionNetwork - Creating new root CA certificate.
7912 [ZAP-daemon] INFO  org.zaproxy.addon.network.ExtensionNetwork - New root CA certificate created.
29937 [ZAP-daemon] INFO  org.zaproxy.zap.extension.autoupdate.ExtensionAutoUpdate - There is/are 8 newer addons
59223 [ZAP-DownloadInstaller] INFO  org.zaproxy.zap.extension.autoupdate.ExtensionAutoUpdate - Installing new addon selenium v15.54.0
59808 [ZAP-DownloadInstaller] INFO  org.zaproxy.addon.pscan.internal.ScanRuleManager - Loaded passive scan rule: Authentication Request Identified
59809 [ZAP-DownloadInstaller] INFO  org.zaproxy.addon.pscan.internal.ScanRuleManager - Loaded passive scan rule: Session Management Response Identified
59809 [ZAP-DownloadInstaller] INFO  org.zaproxy.addon.pscan.internal.ScanRuleManager - Loaded passive scan rule: Verification Request Identified
59809 [ZAP-DownloadInstaller] INFO  org.zaproxy.zap.extension.autoupdate.ExtensionAutoUpdate - Finished installing new addon selenium v15.54.0
59815 [ZAP-DownloadInstaller] INFO  org.zaproxy.zap.extension.autoupdate.ExtensionAutoUpdate - Installing new addon soap v32.0.0
59833 [ZAP-DownloadInstaller] INFO  org.zaproxy.addon.pscan.internal.ScanRuleManager - Loaded passive scan rule: WSDL File Detection
59835 [ZAP-DownloadInstaller] INFO  org.zaproxy.zap.extension.autoupdate.ExtensionAutoUpdate - Finished installing new addon soap v32.0.0
59841 [ZAP-DownloadInstaller] INFO  org.zaproxy.zap.extension.autoupdate.ExtensionAutoUpdate - Installing new addon graphql v0.34.0
59855 [ZAP-DownloadInstaller] INFO  org.zaproxy.zap.extension.autoupdate.ExtensionAutoUpdate - Finished installing new addon graphql v0.34.0
59871 [ZAP-DownloadInstaller] INFO  org.zaproxy.zap.extension.autoupdate.ExtensionAutoUpdate - Installing new addon webdriverlinux v216.0.0
60122 [ZAP-DownloadInstaller] INFO  org.zaproxy.zap.extension.autoupdate.ExtensionAutoUpdate - Finished installing new addon webdriverlinux v216.0.0
60128 [ZAP-DownloadInstaller] INFO  org.zaproxy.zap.extension.autoupdate.ExtensionAutoUpdate - Installing new addon exim v0.22.0
60156 [ZAP-DownloadInstaller] INFO  org.zaproxy.zap.extension.autoupdate.ExtensionAutoUpdate - Finished installing new addon exim v0.22.0
60163 [ZAP-DownloadInstaller] INFO  org.zaproxy.zap.extension.autoupdate.ExtensionAutoUpdate - Installing new addon openapi v58.0.0
60317 [ZAP-DownloadInstaller] INFO  org.zaproxy.zap.extension.autoupdate.ExtensionAutoUpdate - Finished installing new addon openapi v58.0.0
60322 [ZAP-DownloadInstaller] INFO  org.zaproxy.zap.extension.autoupdate.ExtensionAutoUpdate - Installing new addon postman v0.10.0
60330 [ZAP-DownloadInstaller] INFO  org.zaproxy.zap.extension.autoupdate.ExtensionAutoUpdate - Finished installing new addon postman v0.10.0
60366 [ZAP-DownloadInstaller] INFO  org.zaproxy.zap.extension.autoupdate.ExtensionAutoUpdate - Installing new addon client v0.31.0
60456 [ZAP-DownloadInstaller] INFO  org.zaproxy.zap.extension.autoupdate.ExtensionAutoUpdate - Finished installing new addon client v0.31.0
60567 [ZAP-daemon] INFO  org.parosproxy.paros.CommandLine - Add-on downloaded to: /home/zap/.ZAP/plugin/postman-alpha-0.10.0.zap
60567 [ZAP-daemon] INFO  org.parosproxy.paros.CommandLine - Add-on downloaded to: /home/zap/.ZAP/plugin/exim-beta-0.22.0.zap
60567 [ZAP-daemon] INFO  org.parosproxy.paros.CommandLine - Add-on downloaded to: /home/zap/.ZAP/plugin/graphql-alpha-0.34.0.zap
60567 [ZAP-daemon] INFO  org.parosproxy.paros.CommandLine - Add-on downloaded to: /home/zap/.ZAP/plugin/client-alpha-0.31.0.zap
60567 [ZAP-daemon] INFO  org.parosproxy.paros.CommandLine - Add-on downloaded to: /home/zap/.ZAP/plugin/openapi-beta-58.zap
60567 [ZAP-daemon] INFO  org.parosproxy.paros.CommandLine - Add-on downloaded to: /home/zap/.ZAP/plugin/soap-beta-32.zap
60567 [ZAP-daemon] INFO  org.parosproxy.paros.CommandLine - Add-on downloaded to: /home/zap/.ZAP/plugin/webdriverlinux-release-216.zap
60567 [ZAP-daemon] INFO  org.parosproxy.paros.CommandLine - Add-on downloaded to: /home/zap/.ZAP/plugin/selenium-release-15.54.0.zap
60570 [ZAP-daemon] INFO  org.parosproxy.paros.CommandLine - Add-on downloaded to: /home/zap/.ZAP/plugin/postman-alpha-0.10.0.zap
60570 [ZAP-daemon] INFO  org.parosproxy.paros.CommandLine - Add-on downloaded to: /home/zap/.ZAP/plugin/exim-beta-0.22.0.zap
60570 [ZAP-daemon] INFO  org.parosproxy.paros.CommandLine - Add-on downloaded to: /home/zap/.ZAP/plugin/graphql-alpha-0.34.0.zap
60570 [ZAP-daemon] INFO  org.parosproxy.paros.CommandLine - Add-on downloaded to: /home/zap/.ZAP/plugin/client-alpha-0.31.0.zap
60570 [ZAP-daemon] INFO  org.parosproxy.paros.CommandLine - Add-on downloaded to: /home/zap/.ZAP/plugin/openapi-beta-58.zap
60570 [ZAP-daemon] INFO  org.parosproxy.paros.CommandLine - Add-on downloaded to: /home/zap/.ZAP/plugin/soap-beta-32.zap
60570 [ZAP-daemon] INFO  org.parosproxy.paros.CommandLine - Add-on downloaded to: /home/zap/.ZAP/plugin/webdriverlinux-release-216.zap
60570 [ZAP-daemon] INFO  org.parosproxy.paros.CommandLine - Add-on downloaded to: /home/zap/.ZAP/plugin/selenium-release-15.54.0.zap
60571 [ZAP-daemon] INFO  org.parosproxy.paros.CommandLine - Add-on update check complete
60574 [ZAP-daemon] INFO  org.parosproxy.paros.CommandLine - Downloading add-on from: https://github.com/zaproxy/zap-extensions/releases/download/pscanrulesBeta-v50/pscanrulesBeta-beta-50.zap
60577 [ZAP-daemon] INFO  org.parosproxy.paros.CommandLine - Downloading add-on from: https://github.com/zaproxy/zap-extensions/releases/download/ascanrulesBeta-v66/ascanrulesBeta-beta-66.zap
61978 [ZAP-DownloadInstaller] INFO  org.zaproxy.zap.extension.autoupdate.ExtensionAutoUpdate - Installing new addon pscanrulesBeta v50.0.0
61987 [ZAP-DownloadInstaller] INFO  org.zaproxy.addon.pscan.internal.ScanRuleManager - Loaded passive scan rule: Content Cacheability
61987 [ZAP-DownloadInstaller] INFO  org.zaproxy.addon.pscan.internal.ScanRuleManager - Loaded passive scan rule: Dangerous JS Functions
61987 [ZAP-DownloadInstaller] INFO  org.zaproxy.addon.pscan.internal.ScanRuleManager - Loaded passive scan rule: Permissions Policy Header Not Set
61987 [ZAP-DownloadInstaller] INFO  org.zaproxy.addon.pscan.internal.ScanRuleManager - Loaded passive scan rule: HTTP Parameter Override
61987 [ZAP-DownloadInstaller] INFO  org.zaproxy.addon.pscan.internal.ScanRuleManager - Loaded passive scan rule: Insufficient Site Isolation Against Spectre Vulnerability
61987 [ZAP-DownloadInstaller] INFO  org.zaproxy.addon.pscan.internal.ScanRuleManager - Loaded passive scan rule: Source Code Disclosure
61989 [ZAP-DownloadInstaller] INFO  org.zaproxy.zap.extension.autoupdate.ExtensionAutoUpdate - Finished installing new addon pscanrulesBeta v50.0.0
61990 [ZAP-DownloadInstaller] INFO  org.zaproxy.zap.extension.autoupdate.ExtensionAutoUpdate - Installing new addon ascanrulesBeta v66.0.0
62011 [ZAP-DownloadInstaller] INFO  org.zaproxy.zap.extension.autoupdate.ExtensionAutoUpdate - Finished installing new addon ascanrulesBeta v66.0.0
62178 [ZAP-daemon] INFO  org.parosproxy.paros.CommandLine - Add-on downloaded to: /home/zap/.ZAP/plugin/postman-alpha-0.10.0.zap
62178 [ZAP-daemon] INFO  org.parosproxy.paros.CommandLine - Add-on downloaded to: /home/zap/.ZAP/plugin/exim-beta-0.22.0.zap
62178 [ZAP-daemon] INFO  org.parosproxy.paros.CommandLine - Add-on downloaded to: /home/zap/.ZAP/plugin/graphql-alpha-0.34.0.zap
62178 [ZAP-daemon] INFO  org.parosproxy.paros.CommandLine - Add-on downloaded to: /home/zap/.ZAP/plugin/client-alpha-0.31.0.zap
62178 [ZAP-daemon] INFO  org.parosproxy.paros.CommandLine - Add-on downloaded to: /home/zap/.ZAP/plugin/openapi-beta-58.zap
62179 [ZAP-daemon] INFO  org.parosproxy.paros.CommandLine - Add-on downloaded to: /home/zap/.ZAP/plugin/soap-beta-32.zap
62179 [ZAP-daemon] INFO  org.parosproxy.paros.CommandLine - Add-on downloaded to: /home/zap/.ZAP/plugin/webdriverlinux-release-216.zap
62179 [ZAP-daemon] INFO  org.parosproxy.paros.CommandLine - Add-on downloaded to: /home/zap/.ZAP/plugin/selenium-release-15.54.0.zap
62179 [ZAP-daemon] INFO  org.parosproxy.paros.CommandLine - Add-on downloaded to: /home/zap/.ZAP/plugin/pscanrulesBeta-beta-50.zap
62179 [ZAP-daemon] INFO  org.parosproxy.paros.CommandLine - Add-on downloaded to: /home/zap/.ZAP/plugin/ascanrulesBeta-beta-66.zap
62185 [ZAP-daemon] INFO  org.zaproxy.addon.network.ExtensionNetwork - ZAP is now listening on 0.0.0.0:51287
62933 [ZAP-IO-Server-1-1] WARN  org.zaproxy.zap.extension.authorization.ExtensionAuthorization - No authorization detection method found for ID: -1
65026 [ZAP-IO-Server-1-1] WARN  org.zaproxy.zap.extension.api.API - Bad request to API endpoint [/JSON/spider/action/scan/] from [0:0:0:0:0:0:0:1]:
org.zaproxy.zap.extension.api.ApiException: URL_NOT_IN_CONTEXT (url)
	at org.zaproxy.addon.spider.SpiderAPI.scanURL(SpiderAPI.java:501)
	at org.zaproxy.addon.spider.SpiderAPI.handleApiAction(SpiderAPI.java:249)
	at org.zaproxy.zap.extension.api.API.handleApiRequest(API.java:538)
	at org.zaproxy.addon.network.internal.server.http.handlers.ZapApiHandler.handleApiRequest(ZapApiHandler.java:111)
	at org.zaproxy.addon.network.internal.server.http.handlers.ZapApiHandler.handleRequest(ZapApiHandler.java:85)
	at org.zaproxy.addon.network.internal.server.http.handlers.ZapApiHandler.handleMessage(ZapApiHandler.java:70)
	at org.zaproxy.addon.network.internal.server.http.MainServerHandler.notifyMessageHandlers(MainServerHandler.java:151)
	at org.zaproxy.addon.network.internal.server.http.MainServerHandler.processMessage(MainServerHandler.java:131)
	at org.zaproxy.addon.network.internal.server.http.LocalServerHandler.processMessage(LocalServerHandler.java:67)
	at org.zaproxy.addon.network.internal.server.http.MainServerHandler.process(MainServerHandler.java:94)
	at org.zaproxy.addon.network.internal.server.http.MainServerHandler.lambda$channelRead0$0(MainServerHandler.java:82)
	at java.base/java.util.concurrent.ThreadPoolExecutor.runWorker(ThreadPoolExecutor.java:1136)
	at java.base/java.util.concurrent.ThreadPoolExecutor$Worker.run(ThreadPoolExecutor.java:635)
	at io.netty.util.concurrent.FastThreadLocalRunnable.run(FastThreadLocalRunnable.java:30)
	at java.base/java.lang.Thread.run(Thread.java:840)
   ⚠️  ZAP produced no JSON

[4/4] Trivy → bkimminich/juice-shop:latest
   ⏭️  Skipping (resume — scan_reports_20260815_055822/juice_shop_trivy.json exists)

===========================================================================
🔍 SCANNING: nodegoat  (http://nodegoat:4000)
===========================================================================
ℹ️  Authenticated to nodegoat via form

[1/4] Nuclei → nodegoat
   ⏭️  Skipping (resume — scan_reports_20260815_055822/nodegoat_nuclei.json exists)

[2/4] Wapiti → nodegoat
   ⏭️  Skipping (resume — scan_reports_20260815_055822/nodegoat_wapiti.json exists)

[3/4] OWASP ZAP (full/active) → nodegoat
Traceback (most recent call last):
  File "/zap/zap-full-scan.py", line 351, in main
    zap_spider(zap, target)
  File "/zap/zap_common.py", line 108, in _wrap
    return_data = func(*args_list, **kwargs)
                  ^^^^^^^^^^^^^^^^^^^^^^^^^^
  File "/zap/zap_common.py", line 429, in zap_spider
    raise_scan_not_started()
  File "/zap/zap_common.py", line 416, in raise_scan_not_started
    raise ScanNotStartedException('Failed to start the scan, check the log/output for more details.')
zap_common.ScanNotStartedException: Failed to start the scan, check the log/output for more details.
Found Java version 17.0.20
Available memory: 7558 MB
Using JVM args: -Xmx1889m
460 [main] INFO  org.parosproxy.paros.Constant - Copying default configuration to /home/zap/.ZAP/config.xml
567 [main] INFO  org.parosproxy.paros.Constant - Creating directory /home/zap/.ZAP/session
569 [main] INFO  org.parosproxy.paros.Constant - Creating directory /home/zap/.ZAP/dirbuster
569 [main] INFO  org.parosproxy.paros.Constant - Creating directory /home/zap/.ZAP/fuzzers
570 [main] INFO  org.parosproxy.paros.Constant - Creating directory /home/zap/.ZAP/plugin
654 [main] INFO  org.zaproxy.zap.DaemonBootstrap - ZAP 2.17.0 started 15/08/2026, 06:42:56 with home: /home/zap/.ZAP/ cores: 16 maxMemory: 1 GB
676 [main] INFO  org.parosproxy.paros.common.AbstractParam - Setting config database.recoverylog = false was null
677 [main] INFO  org.parosproxy.paros.common.AbstractParam - Setting config api.disablekey = true was null
677 [main] INFO  org.parosproxy.paros.common.AbstractParam - Setting config api.addrs.addr.name = .* was null
678 [main] INFO  org.parosproxy.paros.common.AbstractParam - Setting config api.addrs.addr.regex = true was null
678 [main] INFO  org.parosproxy.paros.common.AbstractParam - Setting config spider.maxDuration = 15 was null
679 [main] INFO  org.parosproxy.paros.common.AbstractParam - Setting config stats.pkg.fullscan-api = 1 was null
2324 [ZAP-daemon] INFO  org.zaproxy.zap.control.ExtensionFactory - Installed add-ons: [[id=alertFilters, version=27.0.0], [id=ascanrules, version=83.0.0], [id=authhelper, version=0.41.0], [id=automation, version=0.60.0], [id=bruteforce, version=21.0.0], [id=callhome, version=0.23.0], [id=client, version=0.30.0], [id=commonlib, version=1.43.0], [id=database, version=0.9.0], [id=diff, version=18.0.0], [id=directorylistv1, version=9.0.0], [id=domxss, version=24.0.0], [id=encoder, version=1.9.0], [id=exim, version=0.21.0], [id=formhandler, version=6.8.0], [id=fuzz, version=13.17.0], [id=gettingStarted, version=20.0.0], [id=graaljs, version=0.14.0], [id=graphql, version=0.33.0], [id=help, version=22.0.0], [id=hud, version=0.19.0], [id=insights, version=0.5.0], [id=invoke, version=17.0.0], [id=network, version=0.29.0], [id=oast, version=0.24.0], [id=onlineMenu, version=15.0.0], [id=openapi, version=57.0.0], [id=postman, version=0.9.0], [id=pscan, version=0.6.0], [id=pscanrules, version=75.0.0], [id=quickstart, version=59.0.0], [id=replacer, version=22.0.0], [id=reports, version=0.46.0], [id=requester, version=7.10.0], [id=retest, version=0.11.0], [id=retire, version=0.63.0], [id=reveal, version=10.0.0], [id=scanpolicies, version=0.8.0], [id=scripts, version=45.20.0], [id=selenium, version=15.53.0], [id=sequence, version=10.0.0], [id=soap, version=31.0.0], [id=spider, version=0.20.0], [id=spiderAjax, version=23.32.0], [id=tips, version=16.0.0], [id=webdriverlinux, version=215.0.0], [id=websocket, version=38.0.0], [id=zest, version=48.14.0]]
2325 [ZAP-daemon] INFO  org.zaproxy.zap.control.ExtensionFactory - Loading extensions
2692 [ZAP-daemon] INFO  org.zaproxy.addon.network.internal.TlsUtils - Using supported SSL/TLS protocols: [TLSv1.2, TLSv1.3]
2888 [ZAP-daemon] INFO  org.zaproxy.zap.control.ExtensionFactory - Extensions loaded
3104 [ZAP-daemon] INFO  org.flywaydb.core.FlywayExecutor - Database: jdbc:hsqldb:file:/home/zap/.ZAP/session/untitled1 (HSQL Database Engine 2.7)
3153 [ZAP-daemon] INFO  org.flywaydb.core.internal.schemahistory.JdbcTableSchemaHistory - Schema history table "PUBLIC"."SCRIPTS_FLYWAY_SCHEMA_HISTORY" does not exist yet
3156 [ZAP-daemon] INFO  org.flywaydb.core.internal.command.DbValidate - Successfully validated 1 migration (execution time 00:00.011s)
3165 [ZAP-daemon] INFO  org.flywaydb.core.internal.schemahistory.JdbcTableSchemaHistory - Creating Schema History table "PUBLIC"."SCRIPTS_FLYWAY_SCHEMA_HISTORY" with baseline ...
3213 [ZAP-daemon] INFO  org.flywaydb.core.internal.command.DbBaseline - Successfully baselined schema with version: 0
3232 [ZAP-daemon] INFO  org.flywaydb.core.internal.command.DbMigrate - Current version of schema "PUBLIC": 0
3250 [ZAP-daemon] INFO  org.flywaydb.core.internal.command.DbMigrate - Migrating schema "PUBLIC" to version "1 - Create scripts run tables"
3271 [ZAP-daemon] INFO  org.flywaydb.core.internal.command.DbMigrate - Successfully applied 1 migration to schema "PUBLIC", now at version v1 (execution time 00:00.005s)
3648 [ZAP-daemon] INFO  org.flywaydb.core.FlywayExecutor - Database: jdbc:hsqldb:file:/home/zap/.ZAP/session/untitled1 (HSQL Database Engine 2.7)
3660 [ZAP-daemon] INFO  org.flywaydb.core.internal.schemahistory.JdbcTableSchemaHistory - Schema history table "PUBLIC"."CLIENT_FLYWAY_SCHEMA_HISTORY" does not exist yet
3661 [ZAP-daemon] INFO  org.flywaydb.core.internal.command.DbValidate - Successfully validated 1 migration (execution time 00:00.004s)
3665 [ZAP-daemon] INFO  org.flywaydb.core.internal.schemahistory.JdbcTableSchemaHistory - Creating Schema History table "PUBLIC"."CLIENT_FLYWAY_SCHEMA_HISTORY" with baseline ...
3678 [ZAP-daemon] INFO  org.flywaydb.core.internal.command.DbBaseline - Successfully baselined schema with version: 0
3684 [ZAP-daemon] INFO  org.flywaydb.core.internal.command.DbMigrate - Current version of schema "PUBLIC": 0
3691 [ZAP-daemon] INFO  org.flywaydb.core.internal.command.DbMigrate - Migrating schema "PUBLIC" to version "1 - Create history table"
3701 [ZAP-daemon] INFO  org.flywaydb.core.internal.command.DbMigrate - Successfully applied 1 migration to schema "PUBLIC", now at version v1 (execution time 00:00.002s)
4341 [ZAP-daemon] INFO  org.parosproxy.paros.extension.ExtensionLoader - Initializing Auto-update Extension - Allows ZAP to check for updates
4344 [ZAP-daemon] INFO  org.parosproxy.paros.extension.ExtensionLoader - Initializing Options Extension - Options Extension
4344 [ZAP-daemon] INFO  org.parosproxy.paros.extension.ExtensionLoader - Initializing Edit Menu Extension - Edit Menu Extension
4344 [ZAP-daemon] INFO  org.parosproxy.paros.extension.ExtensionLoader - Initializing API Extension - Provides a rest based API for controlling and accessing ZAP
4349 [ZAP-daemon] INFO  org.parosproxy.paros.extension.ExtensionLoader - Initializing History Extension - History Extension
4349 [ZAP-daemon] INFO  org.parosproxy.paros.extension.ExtensionLoader - Initializing ExtensionReveal - Show hidden fields and enable disabled fields
4350 [ZAP-daemon] INFO  org.parosproxy.paros.extension.ExtensionLoader - Initializing Search Extension - Search messages for strings and regular expressions
4350 [ZAP-daemon] INFO  org.parosproxy.paros.extension.ExtensionLoader - Initializing Breakpoint Extension - Allows you to intercept and modify requests and responses
4351 [ZAP-daemon] INFO  org.parosproxy.paros.extension.ExtensionLoader - Initializing Passive Scan Extension - Passive scanner
4351 [ZAP-daemon] INFO  org.parosproxy.paros.extension.ExtensionLoader - Initializing Alerts Extension - Allows you to view and manage alerts
4352 [ZAP-daemon] INFO  org.parosproxy.paros.extension.ExtensionLoader - Initializing Active Scan Extension - Active scanner, heavily based on the original Paros active scanner, but with additional tests added
4357 [ZAP-daemon] INFO  org.parosproxy.paros.extension.ExtensionLoader - Initializing ExtensionSequence - ExtensionSequence
4357 [ZAP-daemon] INFO  org.parosproxy.paros.extension.ExtensionLoader - Initializing Standard Menus Extension - A set of common popup menus for miscellaneous tasks
4357 [ZAP-daemon] INFO  org.parosproxy.paros.extension.ExtensionLoader - Initializing ExtensionBruteForce - Forced browsing of files and directories using code from the OWASP DirBuster tool
4358 [ZAP-daemon] INFO  org.parosproxy.paros.extension.ExtensionLoader - Initializing Compare Extension - Compares 2 sessions and generates an HTML file showing the differences
4358 [ZAP-daemon] INFO  org.parosproxy.paros.extension.ExtensionLoader - Initializing ExtensionInvoke - Invoke external applications passing context related information such as URLs and parameters
4359 [ZAP-daemon] INFO  org.parosproxy.paros.extension.ExtensionLoader - Initializing Anti-CSRF Extension - Handles anti cross site request forgery (CSRF) tokens
4361 [ZAP-daemon] INFO  org.parosproxy.paros.extension.ExtensionLoader - Initializing Authentication Extension - Authentication Extension
4364 [ZAP-daemon] INFO  org.zaproxy.zap.extension.authentication.ExtensionAuthentication - Loaded authentication method types: [Form-based Authentication, HTTP/NTLM Authentication, Manual Authentication, Script-based Authentication, JSON-based Authentication]
4365 [ZAP-daemon] INFO  org.parosproxy.paros.extension.ExtensionLoader - Initializing Users Extension - Users Extension
4366 [ZAP-daemon] INFO  org.parosproxy.paros.extension.ExtensionLoader - Initializing Parameters Extension - Summarise and analyse FORM and URL parameters as well as cookies
4366 [ZAP-daemon] INFO  org.parosproxy.paros.extension.ExtensionLoader - Initializing Script Extension - Script integration
4368 [ZAP-daemon] INFO  org.parosproxy.paros.extension.ExtensionLoader - Initializing ExtensionScripts - Scripting console, supports all JSR 223 scripting languages
4373 [ZAP-daemon] INFO  org.parosproxy.paros.extension.ExtensionLoader - Initializing Forced User Extension - Forced User Extension
4373 [ZAP-daemon] INFO  org.parosproxy.paros.extension.ExtensionLoader - Initializing HTTP Sessions Extension - Extension handling HTTP sessions
4374 [ZAP-daemon] INFO  org.parosproxy.paros.extension.ExtensionLoader - Initializing ExtensionZest - Zest is a specialized scripting language, originally, from Mozilla specifically designed to be used in security tools
4426 [ZAP-daemon] INFO  org.parosproxy.paros.extension.ExtensionLoader - Initializing ExtensionDiff - ExtensionDiff
4426 [ZAP-daemon] INFO  org.parosproxy.paros.extension.ExtensionLoader - Initializing HTTP Panel Post Table View Extension - HTTP Panel Post Table View Extension
4426 [ZAP-daemon] INFO  org.parosproxy.paros.extension.ExtensionLoader - Initializing Encoder Addon - Adds support for scriptable encoders to ZAP.
4427 [ZAP-daemon] INFO  org.parosproxy.paros.extension.ExtensionLoader - Initializing Session Management Extension - Session Management Extension
4428 [ZAP-daemon] INFO  org.zaproxy.zap.extension.sessions.ExtensionSessionManagement - Loaded session management method types: [Cookie-based Session Management, HTTP Authentication Session Management, Script-based Session Management]
4429 [ZAP-daemon] INFO  org.parosproxy.paros.extension.ExtensionLoader - Initializing HTTP Panel Form Table View Extension - HTTP Panel Form Table View Extension
4429 [ZAP-daemon] INFO  org.parosproxy.paros.extension.ExtensionLoader - Initializing WebSockets Support - Capture messages from WebSockets with the ability to set breakpoints.
4437 [ZAP-daemon] INFO  org.parosproxy.paros.extension.ExtensionLoader - Initializing SOAP/WSDL Support - Allows you to import a WSDL file containing operations which ZAP will access, adding them to the Sites tree.
4438 [ZAP-daemon] INFO  org.parosproxy.paros.extension.ExtensionLoader - Initializing Core UI Extension - Core UI related functionality.
4438 [ZAP-daemon] INFO  org.parosproxy.paros.extension.ExtensionLoader - Initializing Authorization Extension - Authorization Extension
4438 [ZAP-daemon] INFO  org.parosproxy.paros.extension.ExtensionLoader - Initializing Requester - Allows to manually edit and send messages.
4440 [ZAP-daemon] INFO  org.parosproxy.paros.extension.ExtensionLoader - Initializing AJAX Spider - AJAX Spider, uses Crawljax
4442 [ZAP-daemon] INFO  org.parosproxy.paros.extension.ExtensionLoader - Initializing WebDriver Provider - Provides WebDrivers to control several browsers using Selenium and includes HtmlUnit browser.
4450 [ZAP-daemon] INFO  org.parosproxy.paros.extension.ExtensionLoader - Initializing ExtensionClientIntegration - Client Side Integration
4455 [ZAP-daemon] INFO  org.parosproxy.paros.extension.ExtensionLoader - Initializing Refresh Sites Tree Extension - Adds menu item to refresh the Sites tree
4455 [ZAP-daemon] INFO  org.parosproxy.paros.extension.ExtensionLoader - Initializing Help Extension - ZAP User Guide
4455 [ZAP-daemon] INFO  org.parosproxy.paros.extension.ExtensionLoader - Initializing Call Home - Handles all of the calls to ZAP services
4455 [ZAP-daemon] INFO  org.parosproxy.paros.extension.ExtensionLoader - Initializing Network Extension - Provides core networking capabilities.
4472 [ZAP-daemon] INFO  org.zaproxy.addon.network.ConnectionOptions - Unsafe SSL/TLS renegotiation disabled.
4473 [ZAP-daemon] INFO  org.parosproxy.paros.extension.ExtensionLoader - Initializing Extension Configuration Extension - Allows you to configure which extensions are loaded when ZAP starts
4473 [ZAP-daemon] INFO  org.parosproxy.paros.extension.ExtensionLoader - Initializing Combined HTTP Panels Extension - Combined HTTP Panels Extension
4473 [ZAP-daemon] INFO  org.parosproxy.paros.extension.ExtensionLoader - Initializing HTTP Panel Hex View Extension - HTTP Panel Hex View Extension
4474 [ZAP-daemon] INFO  org.parosproxy.paros.extension.ExtensionLoader - Initializing HTTP Panel Image View Extension - HTTP Panel Image View Extension
4474 [ZAP-daemon] INFO  org.parosproxy.paros.extension.ExtensionLoader - Initializing HTTP Panel Query Table View Extension - HTTP Panel Query Table View Extension
4474 [ZAP-daemon] INFO  org.parosproxy.paros.extension.ExtensionLoader - Initializing HTTP Panel Syntax Highlighter View Extension - HTTP Panel Syntax Highlighter View Extension
4474 [ZAP-daemon] INFO  org.parosproxy.paros.extension.ExtensionLoader - Initializing Keyboard Configuration Extension - Adds support for configurable keyboard shortcuts for all of the ZAP menus.
4474 [ZAP-daemon] INFO  org.parosproxy.paros.extension.ExtensionLoader - Initializing Scanner Rule Configuration Extension - Active and passive rule configuration
4475 [ZAP-daemon] INFO  org.parosproxy.paros.extension.ExtensionLoader - Initializing Statistics Extension - Statistics
4476 [ZAP-daemon] INFO  org.zaproxy.zap.extension.stats.ExtensionStats - Start recording in memory stats
4476 [ZAP-daemon] INFO  org.parosproxy.paros.extension.ExtensionLoader - Initializing Custom Pages Extension - Custom Pages Definition
4477 [ZAP-daemon] INFO  org.parosproxy.paros.extension.ExtensionLoader - Initializing SOAP Automation - SOAP Automation Framework Integration
4478 [ZAP-daemon] INFO  org.parosproxy.paros.extension.ExtensionLoader - Initializing SOAP Spider - SOAP Spider Integration
4479 [ZAP-daemon] INFO  org.parosproxy.paros.extension.ExtensionLoader - Initializing Retest - Facilitates the verification of presence/absence of certain alerts.
4480 [ZAP-daemon] INFO  org.parosproxy.paros.extension.ExtensionLoader - Initializing Spider Extension - Spider used for automatically finding URIs on a site.
4498 [ZAP-daemon] INFO  org.parosproxy.paros.extension.ExtensionLoader - Initializing Spider Automation - Spider Automation Integration
4500 [ZAP-daemon] INFO  org.parosproxy.paros.extension.ExtensionLoader - Initializing ExtensionDomXSS - DOM XSS Active Scan Rule
4547 [ZAP-daemon] INFO  org.parosproxy.paros.extension.ExtensionLoader - Initializing ExtensionGettingStarted - The ZAP Getting Started Guide
4548 [ZAP-daemon] INFO  org.parosproxy.paros.extension.ExtensionLoader - Initializing Common Library - A library of shared functionality
4548 [ZAP-daemon] INFO  org.parosproxy.paros.extension.ExtensionLoader - Initializing ExtensionAlertFilters - Context alert rules filter
4549 [ZAP-daemon] INFO  org.parosproxy.paros.extension.ExtensionLoader - Initializing Alert Filters Automation - Alert Filters Automation Framework Integration
4550 [ZAP-daemon] INFO  org.parosproxy.paros.extension.ExtensionLoader - Initializing Postman Import - Allows you to spider and import Postman collections
4551 [ZAP-daemon] INFO  org.parosproxy.paros.extension.ExtensionLoader - Initializing Postman Automation - Postman Automation Framework Integration
4551 [ZAP-daemon] INFO  org.parosproxy.paros.extension.ExtensionLoader - Initializing ExtensionGraphQl - Allows you to inspect and attack GraphQL endpoints.
4555 [ZAP-daemon] INFO  org.parosproxy.paros.extension.ExtensionLoader - Initializing GraphQL Automation - GraphQL Automation Framework Integration
4556 [ZAP-daemon] INFO  org.parosproxy.paros.extension.ExtensionLoader - Initializing GraphQL Spider - GraphQL Spider Integration
4556 [ZAP-daemon] INFO  org.parosproxy.paros.extension.ExtensionLoader - Initializing WebSocket Fuzzer - Allows to fuzz WebSocket messages.
4556 [ZAP-daemon] INFO  org.parosproxy.paros.extension.ExtensionLoader - Initializing WebSocket Message Editor - Provides the WebSocket Message Editor dialogues.
4556 [ZAP-daemon] INFO  org.parosproxy.paros.extension.ExtensionLoader - Initializing Retire.js - Retire.js
4558 [ZAP-daemon] INFO  org.zaproxy.addon.pscan.internal.ScanRuleManager - Loaded passive scan rule: Vulnerable JS Library (Powered by Retire.js)
4558 [ZAP-daemon] INFO  org.parosproxy.paros.extension.ExtensionLoader - Initializing Automation Framework - Provides functionality to simplify using ZAP in an automated manner
4559 [ZAP-daemon] INFO  org.parosproxy.paros.extension.ExtensionLoader - Initializing Advance Fuzzer - Provides the foundation for concrete message types (for example, HTTP, WebSockets) expose fuzzer implementations.
4560 [ZAP-daemon] INFO  org.parosproxy.paros.extension.ExtensionLoader - Initializing HTTP Fuzzer - Allows to fuzz HTTP messages.
4560 [ZAP-daemon] INFO  org.parosproxy.paros.extension.ExtensionLoader - Initializing Out-of-band Application Security Testing - Adds Out-of-band Application Security Testing functionality.
4562 [ZAP-daemon] INFO  org.parosproxy.paros.extension.ExtensionLoader - Initializing OAST Scripts - Adds OAST scripts.
4563 [ZAP-daemon] INFO  org.parosproxy.paros.extension.ExtensionLoader - Initializing Report Generator - Templated and themed report generation functionality
4563 [ZAP-daemon] INFO  org.parosproxy.paros.extension.ExtensionLoader - Initializing Report Generation Automation Integration - Report Generation Automation Integration
4565 [ZAP-daemon] INFO  org.parosproxy.paros.extension.ExtensionLoader - Initializing Quick Start panel  - Adds the Quick Start panel for scanning and exploring applications
4566 [ZAP-daemon] INFO  org.parosproxy.paros.extension.ExtensionLoader - Initializing Quick Start Ajax Spider integration - Add the option to use the Ajax Spider in the Quick Start scan
4567 [ZAP-daemon] INFO  org.parosproxy.paros.extension.ExtensionLoader - Initializing Quick Start Client Spider Integration - Provides the option to use the Client Spider when running a quick scan
4567 [ZAP-daemon] INFO  org.parosproxy.paros.extension.ExtensionLoader - Initializing Quick Start HUD Integration - HUD integration for the quick start panel
4567 [ZAP-daemon] INFO  org.parosproxy.paros.extension.ExtensionLoader - Initializing Quick Start Browser Launcher - Launch browsers preset proxying through ZAP
4568 [ZAP-daemon] INFO  org.parosproxy.paros.extension.ExtensionLoader - Initializing Quick Start Spider Integration - Adds the option to use the traditional Spider in the Quick Start scan.
4568 [ZAP-daemon] INFO  org.parosproxy.paros.extension.ExtensionLoader - Initializing Database Extension - Provides databases and persistence capabilities.
4569 [ZAP-daemon] INFO  org.parosproxy.paros.extension.ExtensionLoader - Initializing OpenAPI Import - Allows you to spider and import OpenAPI (Swagger) definitions 
4570 [ZAP-daemon] INFO  org.parosproxy.paros.extension.ExtensionLoader - Initializing OpenAPI Automation - OpenAPI Automation Framework Integration
4571 [ZAP-daemon] INFO  org.parosproxy.paros.extension.ExtensionLoader - Initializing OpenAPI Scripts - Adds scripts relevant to OpenAPI specifications.
4571 [ZAP-daemon] INFO  org.parosproxy.paros.extension.ExtensionLoader - Initializing OpenAPI Spider - OpenAPI Spider Integration
4573 [ZAP-daemon] INFO  org.parosproxy.paros.extension.ExtensionLoader - Initializing Passive Scan Rules - Release status passive scan rules.
4574 [ZAP-daemon] INFO  org.parosproxy.paros.extension.ExtensionLoader - Initializing Import/Export - Import and Export functionality supporting multiple formats.
4575 [ZAP-daemon] INFO  org.parosproxy.paros.extension.ExtensionLoader - Initializing Import/Export Automation - Import/Export Automation Framework Integration
4577 [ZAP-daemon] INFO  org.parosproxy.paros.extension.ExtensionLoader - Initializing ExtensionTipsAndTricks - Tips and Tricks
4577 [ZAP-daemon] INFO  org.parosproxy.paros.extension.ExtensionLoader - Initializing Passive Scanner Extension - Provides core passive scanning capabilities.
4587 [ZAP-daemon] INFO  org.parosproxy.paros.extension.ExtensionLoader - Initializing Passive Scanner Automation Framework Extension - Provides jobs and result data related to the passive scanner.
4588 [ZAP-daemon] INFO  org.parosproxy.paros.extension.ExtensionLoader - Initializing Sequence Automation - Sequence Automation Framework Integration
4590 [ZAP-daemon] INFO  org.parosproxy.paros.extension.ExtensionLoader - Initializing Authentication Helper - Authentication Helper
4592 [ZAP-daemon] INFO  org.parosproxy.paros.extension.ExtensionLoader - Initializing Authentication Helper Automation - Authentication Helper Automation Framework Integration
4594 [ZAP-daemon] INFO  org.parosproxy.paros.extension.ExtensionLoader - Initializing Client Spider Browser Based Authentication Support - Enables browser based authentication when performing an authenticated Client Spider scan.
4594 [ZAP-daemon] INFO  org.parosproxy.paros.extension.ExtensionLoader - Initializing Authentication Helper Reports - Authentication Helper Reports
4595 [ZAP-daemon] INFO  org.parosproxy.paros.extension.ExtensionLoader - Initializing AJAX Spider Browser Based Authentication Support - Enables browser based authentication when performing an authenticated AJAX Spider scan.
4596 [ZAP-daemon] INFO  org.parosproxy.paros.extension.ExtensionLoader - Initializing Client Spider Automation - Client Spider Automation Framework Integration
4597 [ZAP-daemon] INFO  org.parosproxy.paros.extension.ExtensionLoader - Initializing Client Map Import/Export - Client Map export support for Import/Export.
4597 [ZAP-daemon] INFO  org.parosproxy.paros.extension.ExtensionLoader - Initializing Client Zest Script Recording Support - Allows recording client events as Zest scripts.
4598 [ZAP-daemon] INFO  org.parosproxy.paros.extension.ExtensionLoader - Initializing Ajax Spider Automation - Ajax Spider Automation Framework Integration
4600 [ZAP-daemon] INFO  org.parosproxy.paros.extension.ExtensionLoader - Initializing Active Scan Rules - Release status active scan rules
4600 [ZAP-daemon] INFO  org.parosproxy.paros.extension.ExtensionLoader - Initializing Scripts Automation Framework Integration - Scripts Automation
4606 [ZAP-daemon] INFO  org.parosproxy.paros.extension.ExtensionLoader - Initializing Script Console Report Data - Supplies script data to reports when the session database contains recorded output.
4606 [ZAP-daemon] INFO  org.parosproxy.paros.extension.ExtensionLoader - Initializing ExtensionFormHandler - This extension allows a user to change the default values used for generated content (e.g. spiders, importers).
4608 [ZAP-daemon] INFO  org.parosproxy.paros.extension.ExtensionLoader - Initializing GraalVM JavaScript Engine Extension - Provides the GraalVM JavaScript engine for ZAP scripting.
4620 [ZAP-daemon] INFO  org.parosproxy.paros.extension.ExtensionLoader - Initializing Zest Import/Export - Zest script export and import support for Import/Export.
4620 [ZAP-daemon] INFO  org.parosproxy.paros.extension.ExtensionLoader - Initializing ExtensionOnlineMenu - The Online menu links
4621 [ZAP-daemon] INFO  org.parosproxy.paros.extension.ExtensionLoader - Initializing ExtensionInsights - Insights Extension
4621 [ZAP-daemon] INFO  org.parosproxy.paros.extension.ExtensionLoader - Initializing Alert Filters Automation - Alert Filters Automation Framework Integration
4622 [ZAP-daemon] INFO  org.parosproxy.paros.extension.ExtensionLoader - Initializing Insights Reports Extension - Adds Insights to the report data
4623 [ZAP-daemon] INFO  org.parosproxy.paros.extension.ExtensionLoader - Initializing Match and Replace - Easy way to replace strings in requests and responses
4625 [ZAP-daemon] INFO  org.parosproxy.paros.extension.ExtensionLoader - Initializing Replacer Automation - Replacer Automation Framework Integration
4626 [ZAP-daemon] INFO  org.parosproxy.paros.extension.ExtensionLoader - Initializing ExtensionHUD - Heads Up Display
4752 [ZAP-daemon] INFO  org.parosproxy.paros.extension.ExtensionLoader - Initializing ExtensionHUDlaunch - ExtensionHUDlaunch
4945 [ZAP-daemon] INFO  org.zaproxy.addon.oast.services.callback.CallbackService - Started callback service on 0.0.0.0:34721
6068 [ZAP-daemon] INFO  org.zaproxy.addon.pscan.internal.ScanRuleManager - Loaded passive scan rule: WSDL File Detection
6097 [ZAP-daemon] INFO  org.zaproxy.addon.pscan.internal.ScanRuleManager - Loaded passive scan rule: Anti-clickjacking Header
6098 [ZAP-daemon] INFO  org.zaproxy.addon.pscan.internal.ScanRuleManager - Loaded passive scan rule: Application Error Disclosure
6098 [ZAP-daemon] INFO  org.zaproxy.addon.pscan.internal.ScanRuleManager - Loaded passive scan rule: Big Redirect Detected (Potential Sensitive Information Leak)
6098 [ZAP-daemon] INFO  org.zaproxy.addon.pscan.internal.ScanRuleManager - Loaded passive scan rule: Re-examine Cache-control Directives
6098 [ZAP-daemon] INFO  org.zaproxy.addon.pscan.internal.ScanRuleManager - Loaded passive scan rule: Charset Mismatch
6098 [ZAP-daemon] INFO  org.zaproxy.addon.pscan.internal.ScanRuleManager - Loaded passive scan rule: Content Security Policy (CSP) Header Not Set
6098 [ZAP-daemon] INFO  org.zaproxy.addon.pscan.internal.ScanRuleManager - Loaded passive scan rule: CSP
6098 [ZAP-daemon] INFO  org.zaproxy.addon.pscan.internal.ScanRuleManager - Loaded passive scan rule: Content-Type Header Missing
6099 [ZAP-daemon] INFO  org.zaproxy.addon.pscan.internal.ScanRuleManager - Loaded passive scan rule: Cookie No HttpOnly Flag
6099 [ZAP-daemon] INFO  org.zaproxy.addon.pscan.internal.ScanRuleManager - Loaded passive scan rule: Loosely Scoped Cookie
6099 [ZAP-daemon] INFO  org.zaproxy.addon.pscan.internal.ScanRuleManager - Loaded passive scan rule: Cookie without SameSite Attribute
6099 [ZAP-daemon] INFO  org.zaproxy.addon.pscan.internal.ScanRuleManager - Loaded passive scan rule: Cookie Without Secure Flag
6099 [ZAP-daemon] INFO  org.zaproxy.addon.pscan.internal.ScanRuleManager - Loaded passive scan rule: Cross-Domain Misconfiguration
6099 [ZAP-daemon] INFO  org.zaproxy.addon.pscan.internal.ScanRuleManager - Loaded passive scan rule: Cross-Domain JavaScript Source File Inclusion
6099 [ZAP-daemon] INFO  org.zaproxy.addon.pscan.internal.ScanRuleManager - Loaded passive scan rule: Absence of Anti-CSRF Tokens
6099 [ZAP-daemon] INFO  org.zaproxy.addon.pscan.internal.ScanRuleManager - Loaded passive scan rule: Directory Browsing
6099 [ZAP-daemon] INFO  org.zaproxy.addon.pscan.internal.ScanRuleManager - Loaded passive scan rule: Hash Disclosure
6100 [ZAP-daemon] INFO  org.zaproxy.addon.pscan.internal.ScanRuleManager - Loaded passive scan rule: Heartbleed OpenSSL Vulnerability (Indicative)
6100 [ZAP-daemon] INFO  org.zaproxy.addon.pscan.internal.ScanRuleManager - Loaded passive scan rule: In Page Banner Information Leak
6100 [ZAP-daemon] INFO  org.zaproxy.addon.pscan.internal.ScanRuleManager - Loaded passive scan rule: Private IP Disclosure
6100 [ZAP-daemon] INFO  org.zaproxy.addon.pscan.internal.ScanRuleManager - Loaded passive scan rule: Session ID in URL Rewrite
6100 [ZAP-daemon] INFO  org.zaproxy.addon.pscan.internal.ScanRuleManager - Loaded passive scan rule: Information Disclosure - Debug Error Messages
6100 [ZAP-daemon] INFO  org.zaproxy.addon.pscan.internal.ScanRuleManager - Loaded passive scan rule: Information Disclosure - Sensitive Information in URL
6100 [ZAP-daemon] INFO  org.zaproxy.addon.pscan.internal.ScanRuleManager - Loaded passive scan rule: Information Disclosure - Sensitive Information in HTTP Referrer Header
6100 [ZAP-daemon] INFO  org.zaproxy.addon.pscan.internal.ScanRuleManager - Loaded passive scan rule: Information Disclosure - Suspicious Comments
6101 [ZAP-daemon] INFO  org.zaproxy.addon.pscan.internal.ScanRuleManager - Loaded passive scan rule: Weak Authentication Method
6101 [ZAP-daemon] INFO  org.zaproxy.addon.pscan.internal.ScanRuleManager - Loaded passive scan rule: HTTP to HTTPS Insecure Transition in Form Post
6101 [ZAP-daemon] INFO  org.zaproxy.addon.pscan.internal.ScanRuleManager - Loaded passive scan rule: HTTPS to HTTP Insecure Transition in Form Post
6101 [ZAP-daemon] INFO  org.zaproxy.addon.pscan.internal.ScanRuleManager - Loaded passive scan rule: Insecure JSF ViewState
6101 [ZAP-daemon] INFO  org.zaproxy.addon.pscan.internal.ScanRuleManager - Loaded passive scan rule: Java Serialization Object
6101 [ZAP-daemon] INFO  org.zaproxy.addon.pscan.internal.ScanRuleManager - Loaded passive scan rule: Reverse Tabnabbing
6101 [ZAP-daemon] INFO  org.zaproxy.addon.pscan.internal.ScanRuleManager - Loaded passive scan rule: Secure Pages Include Mixed Content
6101 [ZAP-daemon] INFO  org.zaproxy.addon.pscan.internal.ScanRuleManager - Loaded passive scan rule: Modern Web Application
6101 [ZAP-daemon] INFO  org.zaproxy.addon.pscan.internal.ScanRuleManager - Loaded passive scan rule: PII Disclosure
6102 [ZAP-daemon] INFO  org.zaproxy.addon.pscan.internal.ScanRuleManager - Loaded passive scan rule: Script Served From Malicious Domain (polyfill)
6103 [ZAP-daemon] INFO  org.zaproxy.addon.pscan.internal.ScanRuleManager - Loaded passive scan rule: Retrieved from Cache
6103 [ZAP-daemon] INFO  org.zaproxy.addon.pscan.internal.ScanRuleManager - Loaded passive scan rule: HTTP Server Response Header
6103 [ZAP-daemon] INFO  org.zaproxy.addon.pscan.internal.ScanRuleManager - Loaded passive scan rule: Strict-Transport-Security Header
6103 [ZAP-daemon] INFO  org.zaproxy.addon.pscan.internal.ScanRuleManager - Loaded passive scan rule: Sub Resource Integrity Attribute Missing
6103 [ZAP-daemon] INFO  org.zaproxy.addon.pscan.internal.ScanRuleManager - Loaded passive scan rule: Timestamp Disclosure
6104 [ZAP-daemon] INFO  org.zaproxy.addon.pscan.internal.ScanRuleManager - Loaded passive scan rule: User Controllable Charset
6104 [ZAP-daemon] INFO  org.zaproxy.addon.pscan.internal.ScanRuleManager - Loaded passive scan rule: Cookie Poisoning
6104 [ZAP-daemon] INFO  org.zaproxy.addon.pscan.internal.ScanRuleManager - Loaded passive scan rule: User Controllable HTML Element Attribute (Potential XSS)
6104 [ZAP-daemon] INFO  org.zaproxy.addon.pscan.internal.ScanRuleManager - Loaded passive scan rule: User Controllable JavaScript Event (XSS)
6104 [ZAP-daemon] INFO  org.zaproxy.addon.pscan.internal.ScanRuleManager - Loaded passive scan rule: Off-site Redirect
6104 [ZAP-daemon] INFO  org.zaproxy.addon.pscan.internal.ScanRuleManager - Loaded passive scan rule: Username Hash Found
6104 [ZAP-daemon] INFO  org.zaproxy.addon.pscan.internal.ScanRuleManager - Loaded passive scan rule: Viewstate
6104 [ZAP-daemon] INFO  org.zaproxy.addon.pscan.internal.ScanRuleManager - Loaded passive scan rule: X-AspNet-Version Response Header
6104 [ZAP-daemon] INFO  org.zaproxy.addon.pscan.internal.ScanRuleManager - Loaded passive scan rule: X-Backend-Server Header Information Leak
6104 [ZAP-daemon] INFO  org.zaproxy.addon.pscan.internal.ScanRuleManager - Loaded passive scan rule: X-ChromeLogger-Data (XCOLD) Header Information Leak
6104 [ZAP-daemon] INFO  org.zaproxy.addon.pscan.internal.ScanRuleManager - Loaded passive scan rule: X-Content-Type-Options Header Missing
6104 [ZAP-daemon] INFO  org.zaproxy.addon.pscan.internal.ScanRuleManager - Loaded passive scan rule: X-Debug-Token Information Leak
6104 [ZAP-daemon] INFO  org.zaproxy.addon.pscan.internal.ScanRuleManager - Loaded passive scan rule: Server Leaks Information via "X-Powered-By" HTTP Response Header Field(s)
6105 [ZAP-daemon] INFO  org.zaproxy.addon.pscan.internal.ScanRuleManager - Loaded passive scan rule: ZAP is Out of Date
6107 [ZAP-daemon] INFO  org.zaproxy.addon.pscan.internal.ScanRuleManager - Loaded passive scan rule: Authentication Request Identified
6107 [ZAP-daemon] INFO  org.zaproxy.addon.pscan.internal.ScanRuleManager - Loaded passive scan rule: Session Management Response Identified
6107 [ZAP-daemon] INFO  org.zaproxy.addon.pscan.internal.ScanRuleManager - Loaded passive scan rule: Verification Request Identified
6109 [ZAP-daemon] INFO  org.zaproxy.addon.pscan.internal.ScanRuleManager - Loaded passive scan rule: Script Passive Scan Rules
6109 [ZAP-daemon] INFO  org.zaproxy.addon.pscan.internal.ScanRuleManager - Loaded passive scan rule: Stats Passive Scan Rule
6109 [ZAP-daemon] INFO  org.zaproxy.addon.network.ExtensionNetwork - Creating new root CA certificate.
6751 [ZAP-daemon] INFO  org.zaproxy.addon.network.ExtensionNetwork - New root CA certificate created.
28768 [ZAP-daemon] INFO  org.zaproxy.zap.extension.autoupdate.ExtensionAutoUpdate - There is/are 8 newer addons
57854 [ZAP-DownloadInstaller] INFO  org.zaproxy.zap.extension.autoupdate.ExtensionAutoUpdate - Installing new addon selenium v15.54.0
58394 [ZAP-DownloadInstaller] INFO  org.zaproxy.addon.pscan.internal.ScanRuleManager - Loaded passive scan rule: Authentication Request Identified
58395 [ZAP-DownloadInstaller] INFO  org.zaproxy.addon.pscan.internal.ScanRuleManager - Loaded passive scan rule: Session Management Response Identified
58395 [ZAP-DownloadInstaller] INFO  org.zaproxy.addon.pscan.internal.ScanRuleManager - Loaded passive scan rule: Verification Request Identified
58395 [ZAP-DownloadInstaller] INFO  org.zaproxy.zap.extension.autoupdate.ExtensionAutoUpdate - Finished installing new addon selenium v15.54.0
58401 [ZAP-DownloadInstaller] INFO  org.zaproxy.zap.extension.autoupdate.ExtensionAutoUpdate - Installing new addon soap v32.0.0
58415 [ZAP-DownloadInstaller] INFO  org.zaproxy.addon.pscan.internal.ScanRuleManager - Loaded passive scan rule: WSDL File Detection
58418 [ZAP-DownloadInstaller] INFO  org.zaproxy.zap.extension.autoupdate.ExtensionAutoUpdate - Finished installing new addon soap v32.0.0
58424 [ZAP-DownloadInstaller] INFO  org.zaproxy.zap.extension.autoupdate.ExtensionAutoUpdate - Installing new addon graphql v0.34.0
58445 [ZAP-DownloadInstaller] INFO  org.zaproxy.zap.extension.autoupdate.ExtensionAutoUpdate - Finished installing new addon graphql v0.34.0
58468 [ZAP-DownloadInstaller] INFO  org.zaproxy.zap.extension.autoupdate.ExtensionAutoUpdate - Installing new addon webdriverlinux v216.0.0
58728 [ZAP-DownloadInstaller] INFO  org.zaproxy.zap.extension.autoupdate.ExtensionAutoUpdate - Finished installing new addon webdriverlinux v216.0.0
58733 [ZAP-DownloadInstaller] INFO  org.zaproxy.zap.extension.autoupdate.ExtensionAutoUpdate - Installing new addon exim v0.22.0
58760 [ZAP-DownloadInstaller] INFO  org.zaproxy.zap.extension.autoupdate.ExtensionAutoUpdate - Finished installing new addon exim v0.22.0
58767 [ZAP-DownloadInstaller] INFO  org.zaproxy.zap.extension.autoupdate.ExtensionAutoUpdate - Installing new addon openapi v58.0.0
58897 [ZAP-DownloadInstaller] INFO  org.zaproxy.zap.extension.autoupdate.ExtensionAutoUpdate - Finished installing new addon openapi v58.0.0
58902 [ZAP-DownloadInstaller] INFO  org.zaproxy.zap.extension.autoupdate.ExtensionAutoUpdate - Installing new addon postman v0.10.0
58910 [ZAP-DownloadInstaller] INFO  org.zaproxy.zap.extension.autoupdate.ExtensionAutoUpdate - Finished installing new addon postman v0.10.0
58944 [ZAP-DownloadInstaller] INFO  org.zaproxy.zap.extension.autoupdate.ExtensionAutoUpdate - Installing new addon client v0.31.0
59037 [ZAP-DownloadInstaller] INFO  org.zaproxy.zap.extension.autoupdate.ExtensionAutoUpdate - Finished installing new addon client v0.31.0
59198 [ZAP-daemon] INFO  org.parosproxy.paros.CommandLine - Add-on downloaded to: /home/zap/.ZAP/plugin/postman-alpha-0.10.0.zap
59198 [ZAP-daemon] INFO  org.parosproxy.paros.CommandLine - Add-on downloaded to: /home/zap/.ZAP/plugin/exim-beta-0.22.0.zap
59198 [ZAP-daemon] INFO  org.parosproxy.paros.CommandLine - Add-on downloaded to: /home/zap/.ZAP/plugin/graphql-alpha-0.34.0.zap
59198 [ZAP-daemon] INFO  org.parosproxy.paros.CommandLine - Add-on downloaded to: /home/zap/.ZAP/plugin/client-alpha-0.31.0.zap
59198 [ZAP-daemon] INFO  org.parosproxy.paros.CommandLine - Add-on downloaded to: /home/zap/.ZAP/plugin/webdriverlinux-release-216.zap
59198 [ZAP-daemon] INFO  org.parosproxy.paros.CommandLine - Add-on downloaded to: /home/zap/.ZAP/plugin/soap-beta-32.zap
59198 [ZAP-daemon] INFO  org.parosproxy.paros.CommandLine - Add-on downloaded to: /home/zap/.ZAP/plugin/selenium-release-15.54.0.zap
59198 [ZAP-daemon] INFO  org.parosproxy.paros.CommandLine - Add-on downloaded to: /home/zap/.ZAP/plugin/openapi-beta-58.zap
59200 [ZAP-daemon] INFO  org.parosproxy.paros.CommandLine - Add-on downloaded to: /home/zap/.ZAP/plugin/postman-alpha-0.10.0.zap
59200 [ZAP-daemon] INFO  org.parosproxy.paros.CommandLine - Add-on downloaded to: /home/zap/.ZAP/plugin/exim-beta-0.22.0.zap
59201 [ZAP-daemon] INFO  org.parosproxy.paros.CommandLine - Add-on downloaded to: /home/zap/.ZAP/plugin/graphql-alpha-0.34.0.zap
59201 [ZAP-daemon] INFO  org.parosproxy.paros.CommandLine - Add-on downloaded to: /home/zap/.ZAP/plugin/client-alpha-0.31.0.zap
59201 [ZAP-daemon] INFO  org.parosproxy.paros.CommandLine - Add-on downloaded to: /home/zap/.ZAP/plugin/webdriverlinux-release-216.zap
59201 [ZAP-daemon] INFO  org.parosproxy.paros.CommandLine - Add-on downloaded to: /home/zap/.ZAP/plugin/soap-beta-32.zap
59201 [ZAP-daemon] INFO  org.parosproxy.paros.CommandLine - Add-on downloaded to: /home/zap/.ZAP/plugin/selenium-release-15.54.0.zap
59201 [ZAP-daemon] INFO  org.parosproxy.paros.CommandLine - Add-on downloaded to: /home/zap/.ZAP/plugin/openapi-beta-58.zap
59201 [ZAP-daemon] INFO  org.parosproxy.paros.CommandLine - Add-on update check complete
59204 [ZAP-daemon] INFO  org.parosproxy.paros.CommandLine - Downloading add-on from: https://github.com/zaproxy/zap-extensions/releases/download/pscanrulesBeta-v50/pscanrulesBeta-beta-50.zap
59206 [ZAP-daemon] INFO  org.parosproxy.paros.CommandLine - Downloading add-on from: https://github.com/zaproxy/zap-extensions/releases/download/ascanrulesBeta-v66/ascanrulesBeta-beta-66.zap
60809 [ZAP-DownloadInstaller] INFO  org.zaproxy.zap.extension.autoupdate.ExtensionAutoUpdate - Installing new addon pscanrulesBeta v50.0.0
60817 [ZAP-DownloadInstaller] INFO  org.zaproxy.addon.pscan.internal.ScanRuleManager - Loaded passive scan rule: Content Cacheability
60817 [ZAP-DownloadInstaller] INFO  org.zaproxy.addon.pscan.internal.ScanRuleManager - Loaded passive scan rule: Dangerous JS Functions
60817 [ZAP-DownloadInstaller] INFO  org.zaproxy.addon.pscan.internal.ScanRuleManager - Loaded passive scan rule: Permissions Policy Header Not Set
60817 [ZAP-DownloadInstaller] INFO  org.zaproxy.addon.pscan.internal.ScanRuleManager - Loaded passive scan rule: HTTP Parameter Override
60817 [ZAP-DownloadInstaller] INFO  org.zaproxy.addon.pscan.internal.ScanRuleManager - Loaded passive scan rule: Insufficient Site Isolation Against Spectre Vulnerability
60817 [ZAP-DownloadInstaller] INFO  org.zaproxy.addon.pscan.internal.ScanRuleManager - Loaded passive scan rule: Source Code Disclosure
60818 [ZAP-DownloadInstaller] INFO  org.zaproxy.zap.extension.autoupdate.ExtensionAutoUpdate - Finished installing new addon pscanrulesBeta v50.0.0
60820 [ZAP-DownloadInstaller] INFO  org.zaproxy.zap.extension.autoupdate.ExtensionAutoUpdate - Installing new addon ascanrulesBeta v66.0.0
60840 [ZAP-DownloadInstaller] INFO  org.zaproxy.zap.extension.autoupdate.ExtensionAutoUpdate - Finished installing new addon ascanrulesBeta v66.0.0
61008 [ZAP-daemon] INFO  org.parosproxy.paros.CommandLine - Add-on downloaded to: /home/zap/.ZAP/plugin/postman-alpha-0.10.0.zap
61009 [ZAP-daemon] INFO  org.parosproxy.paros.CommandLine - Add-on downloaded to: /home/zap/.ZAP/plugin/exim-beta-0.22.0.zap
61009 [ZAP-daemon] INFO  org.parosproxy.paros.CommandLine - Add-on downloaded to: /home/zap/.ZAP/plugin/graphql-alpha-0.34.0.zap
61009 [ZAP-daemon] INFO  org.parosproxy.paros.CommandLine - Add-on downloaded to: /home/zap/.ZAP/plugin/client-alpha-0.31.0.zap
61009 [ZAP-daemon] INFO  org.parosproxy.paros.CommandLine - Add-on downloaded to: /home/zap/.ZAP/plugin/webdriverlinux-release-216.zap
61009 [ZAP-daemon] INFO  org.parosproxy.paros.CommandLine - Add-on downloaded to: /home/zap/.ZAP/plugin/soap-beta-32.zap
61009 [ZAP-daemon] INFO  org.parosproxy.paros.CommandLine - Add-on downloaded to: /home/zap/.ZAP/plugin/selenium-release-15.54.0.zap
61009 [ZAP-daemon] INFO  org.parosproxy.paros.CommandLine - Add-on downloaded to: /home/zap/.ZAP/plugin/openapi-beta-58.zap
61010 [ZAP-daemon] INFO  org.parosproxy.paros.CommandLine - Add-on downloaded to: /home/zap/.ZAP/plugin/ascanrulesBeta-beta-66.zap
61010 [ZAP-daemon] INFO  org.parosproxy.paros.CommandLine - Add-on downloaded to: /home/zap/.ZAP/plugin/pscanrulesBeta-beta-50.zap
61025 [ZAP-daemon] INFO  org.zaproxy.addon.network.ExtensionNetwork - ZAP is now listening on 0.0.0.0:49308
62051 [ZAP-IO-Server-1-1] WARN  org.zaproxy.zap.extension.authorization.ExtensionAuthorization - No authorization detection method found for ID: -1
64187 [ZAP-IO-Server-1-1] WARN  org.zaproxy.zap.extension.api.API - Bad request to API endpoint [/JSON/spider/action/scan/] from [0:0:0:0:0:0:0:1]:
org.zaproxy.zap.extension.api.ApiException: URL_NOT_IN_CONTEXT (url)
	at org.zaproxy.addon.spider.SpiderAPI.scanURL(SpiderAPI.java:501)
	at org.zaproxy.addon.spider.SpiderAPI.handleApiAction(SpiderAPI.java:249)
	at org.zaproxy.zap.extension.api.API.handleApiRequest(API.java:538)
	at org.zaproxy.addon.network.internal.server.http.handlers.ZapApiHandler.handleApiRequest(ZapApiHandler.java:111)
	at org.zaproxy.addon.network.internal.server.http.handlers.ZapApiHandler.handleRequest(ZapApiHandler.java:85)
	at org.zaproxy.addon.network.internal.server.http.handlers.ZapApiHandler.handleMessage(ZapApiHandler.java:70)
	at org.zaproxy.addon.network.internal.server.http.MainServerHandler.notifyMessageHandlers(MainServerHandler.java:151)
	at org.zaproxy.addon.network.internal.server.http.MainServerHandler.processMessage(MainServerHandler.java:131)
	at org.zaproxy.addon.network.internal.server.http.LocalServerHandler.processMessage(LocalServerHandler.java:67)
	at org.zaproxy.addon.network.internal.server.http.MainServerHandler.process(MainServerHandler.java:94)
	at org.zaproxy.addon.network.internal.server.http.MainServerHandler.lambda$channelRead0$0(MainServerHandler.java:82)
	at java.base/java.util.concurrent.ThreadPoolExecutor.runWorker(ThreadPoolExecutor.java:1136)
	at java.base/java.util.concurrent.ThreadPoolExecutor$Worker.run(ThreadPoolExecutor.java:635)
	at io.netty.util.concurrent.FastThreadLocalRunnable.run(FastThreadLocalRunnable.java:30)
	at java.base/java.lang.Thread.run(Thread.java:840)
   ⚠️  ZAP produced no JSON

[4/4] Trivy → nodegoat-web:latest
   ⏭️  Skipping (resume — scan_reports_20260815_055822/nodegoat_trivy.json exists)

===========================================================================
🔍 SCANNING: bwapp  (http://bwapp:80)
===========================================================================
⚠️  Login POST failed for bwapp
ℹ️  Authenticated to bwapp via form

[1/4] Nuclei → bwapp

                     __     _
   ____  __  _______/ /__  (_)
  / __ \/ / / / ___/ / _ \/ /
 / / / / /_/ / /__/ /  __/ /
/_/ /_/\__,_/\___/_/\___/_/   v3.11.1

		projectdiscovery.io

[[34mINF[0m] Your current nuclei-templates  are outdated. Latest is v10.4.7
[[34mINF[0m] Successfully updated nuclei-templates (v10.4.7) to /root/nuclei-templates. GoodLuck!

Nuclei Templates v10.4.7 Changelog
┌───────┬───────┬──────────┬─────────┐
│ TOTAL │ ADDED │ MODIFIED │ REMOVED │
├───────┼───────┼──────────┼─────────┤
│ 2     │ 0     │ 2        │ 0       │
└───────┴───────┴──────────┴─────────┘
[[34mINF[0m] Current nuclei version: v3.11.1 ([92mlatest[0m)
[[34mINF[0m] Current nuclei-templates version: v10.4.7 ([92mlatest[0m)
[[34mINF[0m] New templates added in latest release: 122
[[34mINF[0m] Templates loaded for current scan: 10621
[[34mINF[0m] Executing 10621 signed templates from projectdiscovery/nuclei-templates
[[34mINF[0m] Targets loaded for current scan: 1
[[34mINF[0m] Templates clustered: 2467 (Reduced 2335 Requests)
[[34mINF[0m] Using Interactsh Server: oast.site
[[92mphpinfo-files[0m] [[94mhttp[0m] [[32mlow[0m] http://bwapp:80/phpinfo.php [[96m"5.5.9"[0m] [[93mpaths[0m=[93m"/phpinfo.php"[0m]
[[92mwaf-detect[0m:[1;92mapachegeneric[0m] [[94mhttp[0m] [[34minfo[0m] http://bwapp:80
[[34mINF[0m] Skipped bwapp:9780 from target list as found unresponsive permanently: cause="port closed or filtered" address=bwapp:9780 chain="connection refused; got err while executing http://bwapp:9780/api/v1/user_assets/nfc"
[[92mmysql-info[0m] [[94mjavascript[0m] [[34minfo[0m] bwapp:3306 [[96m"Version: 5.5.47-0ubuntu0.14.04.1"[0m,[96m"Transport: tcp"[0m]
🛑 Interrupted — cleaning up...
